-- phpMyAdmin SQL Dump
-- version 3.5.1
-- http://www.phpmyadmin.net
--
-- Servidor: localhost
-- Tiempo de generación: 02-09-2016 a las 12:08:53
-- Versión del servidor: 5.5.24-log
-- Versión de PHP: 5.4.3

SET SQL_MODE="NO_AUTO_VALUE_ON_ZERO";
SET time_zone = "+00:00";


/*!40101 SET @OLD_CHARACTER_SET_CLIENT=@@CHARACTER_SET_CLIENT */;
/*!40101 SET @OLD_CHARACTER_SET_RESULTS=@@CHARACTER_SET_RESULTS */;
/*!40101 SET @OLD_COLLATION_CONNECTION=@@COLLATION_CONNECTION */;
/*!40101 SET NAMES utf8 */;

--
-- Base de datos: `zadmin_odin`
--

-- --------------------------------------------------------

--
-- Estructura de tabla para la tabla `mto_country`
--

CREATE TABLE IF NOT EXISTS `mto_country` (
  `id_country` int(10) unsigned NOT NULL AUTO_INCREMENT,
  `id_zone` int(10) unsigned NOT NULL,
  `id_currency` int(10) unsigned NOT NULL DEFAULT '0',
  `iso_code` varchar(3) NOT NULL,
  `call_prefix` int(10) NOT NULL DEFAULT '0',
  `active` tinyint(1) unsigned NOT NULL DEFAULT '0',
  `contains_states` tinyint(1) NOT NULL DEFAULT '0',
  `need_identification_number` tinyint(1) NOT NULL DEFAULT '0',
  `need_zip_code` tinyint(1) NOT NULL DEFAULT '1',
  `zip_code_format` varchar(12) NOT NULL DEFAULT '',
  `display_tax_label` tinyint(1) NOT NULL,
  PRIMARY KEY (`id_country`),
  KEY `country_iso_code` (`iso_code`),
  KEY `country_` (`id_zone`)
) ENGINE=InnoDB  DEFAULT CHARSET=utf8 AUTO_INCREMENT=245 ;

--
-- Volcado de datos para la tabla `mto_country`
--

INSERT INTO `mto_country` (`id_country`, `id_zone`, `id_currency`, `iso_code`, `call_prefix`, `active`, `contains_states`, `need_identification_number`, `need_zip_code`, `zip_code_format`, `display_tax_label`) VALUES
(1, 1, 0, 'DE', 49, 0, 0, 0, 1, 'NNNNN', 1),
(2, 1, 0, 'AT', 43, 0, 0, 0, 1, 'NNNN', 1),
(3, 1, 0, 'BE', 32, 0, 0, 0, 1, 'NNNN', 1),
(4, 2, 0, 'CA', 1, 0, 1, 0, 1, 'LNL NLN', 0),
(5, 3, 0, 'CN', 86, 0, 0, 0, 1, 'NNNNNN', 1),
(6, 1, 0, 'ES', 34, 0, 0, 1, 1, 'NNNNN', 1),
(7, 1, 0, 'FI', 358, 0, 0, 0, 1, 'NNNNN', 1),
(8, 1, 0, 'FR', 33, 0, 0, 0, 1, 'NNNNN', 1),
(9, 1, 0, 'GR', 30, 0, 0, 0, 1, 'NNNNN', 1),
(10, 1, 0, 'IT', 39, 0, 1, 0, 1, 'NNNNN', 1),
(11, 3, 0, 'JP', 81, 0, 1, 0, 1, 'NNN-NNNN', 1),
(12, 1, 0, 'LU', 352, 0, 0, 0, 1, 'NNNN', 1),
(13, 1, 0, 'NL', 31, 0, 0, 0, 1, 'NNNN LL', 1),
(14, 1, 0, 'PL', 48, 0, 0, 0, 1, 'NN-NNN', 1),
(15, 1, 0, 'PT', 351, 0, 0, 0, 1, 'NNNN-NNN', 1),
(16, 1, 0, 'CZ', 420, 0, 0, 0, 1, 'NNN NN', 1),
(17, 1, 0, 'GB', 44, 0, 0, 0, 1, '', 1),
(18, 1, 0, 'SE', 46, 0, 0, 0, 1, 'NNN NN', 1),
(19, 7, 0, 'CH', 41, 0, 0, 0, 1, 'NNNN', 1),
(20, 1, 0, 'DK', 45, 0, 0, 0, 1, 'NNNN', 1),
(21, 2, 0, 'US', 1, 0, 1, 0, 1, 'NNNNN', 0),
(22, 3, 0, 'HK', 852, 0, 0, 0, 0, '', 1),
(23, 7, 0, 'NO', 47, 0, 0, 0, 1, 'NNNN', 1),
(24, 5, 0, 'AU', 61, 0, 0, 0, 1, 'NNNN', 1),
(25, 3, 0, 'SG', 65, 0, 0, 0, 1, 'NNNNNN', 1),
(26, 1, 0, 'IE', 353, 0, 0, 0, 0, '', 1),
(27, 5, 0, 'NZ', 64, 0, 0, 0, 1, 'NNNN', 1),
(28, 3, 0, 'KR', 82, 0, 0, 0, 1, 'NNN-NNN', 1),
(29, 3, 0, 'IL', 972, 0, 0, 0, 1, 'NNNNNNN', 1),
(30, 4, 0, 'ZA', 27, 0, 0, 0, 1, 'NNNN', 1),
(31, 4, 0, 'NG', 234, 0, 0, 0, 1, '', 1),
(32, 4, 0, 'CI', 225, 0, 0, 0, 1, '', 1),
(33, 4, 0, 'TG', 228, 0, 0, 0, 1, '', 1),
(34, 6, 0, 'BO', 591, 0, 0, 0, 1, '', 1),
(35, 4, 0, 'MU', 230, 0, 0, 0, 1, '', 1),
(36, 1, 0, 'RO', 40, 0, 0, 0, 1, 'NNNNNN', 1),
(37, 1, 0, 'SK', 421, 0, 0, 0, 1, 'NNN NN', 1),
(38, 4, 0, 'DZ', 213, 0, 0, 0, 1, 'NNNNN', 1),
(39, 2, 0, 'AS', 0, 0, 0, 0, 1, '', 1),
(40, 7, 0, 'AD', 376, 0, 0, 0, 1, 'CNNN', 1),
(41, 4, 0, 'AO', 244, 0, 0, 0, 0, '', 1),
(42, 8, 0, 'AI', 0, 0, 0, 0, 1, '', 1),
(43, 2, 0, 'AG', 0, 0, 0, 0, 1, '', 1),
(44, 6, 0, 'AR', 54, 1, 1, 0, 1, 'NNNN', 1),
(45, 3, 0, 'AM', 374, 0, 0, 0, 1, 'NNNN', 1),
(46, 8, 0, 'AW', 297, 0, 0, 0, 1, '', 1),
(47, 3, 0, 'AZ', 994, 0, 0, 0, 1, 'CNNNN', 1),
(48, 2, 0, 'BS', 0, 0, 0, 0, 1, '', 1),
(49, 3, 0, 'BH', 973, 0, 0, 0, 1, '', 1),
(50, 3, 0, 'BD', 880, 0, 0, 0, 1, 'NNNN', 1),
(51, 2, 0, 'BB', 0, 0, 0, 0, 1, 'CNNNNN', 1),
(52, 7, 0, 'BY', 0, 0, 0, 0, 1, 'NNNNNN', 1),
(53, 8, 0, 'BZ', 501, 0, 0, 0, 0, '', 1),
(54, 4, 0, 'BJ', 229, 0, 0, 0, 0, '', 1),
(55, 2, 0, 'BM', 0, 0, 0, 0, 1, '', 1),
(56, 3, 0, 'BT', 975, 0, 0, 0, 1, '', 1),
(57, 4, 0, 'BW', 267, 0, 0, 0, 1, '', 1),
(58, 6, 0, 'BR', 55, 0, 0, 0, 1, 'NNNNN-NNN', 1),
(59, 3, 0, 'BN', 673, 0, 0, 0, 1, 'LLNNNN', 1),
(60, 4, 0, 'BF', 226, 0, 0, 0, 1, '', 1),
(61, 3, 0, 'MM', 95, 0, 0, 0, 1, '', 1),
(62, 4, 0, 'BI', 257, 0, 0, 0, 1, '', 1),
(63, 3, 0, 'KH', 855, 0, 0, 0, 1, 'NNNNN', 1),
(64, 4, 0, 'CM', 237, 0, 0, 0, 1, '', 1),
(65, 4, 0, 'CV', 238, 0, 0, 0, 1, 'NNNN', 1),
(66, 4, 0, 'CF', 236, 0, 0, 0, 1, '', 1),
(67, 4, 0, 'TD', 235, 0, 0, 0, 1, '', 1),
(68, 6, 0, 'CL', 56, 0, 0, 0, 1, 'NNN-NNNN', 1),
(69, 6, 0, 'CO', 57, 0, 0, 0, 1, 'NNNNNN', 1),
(70, 4, 0, 'KM', 269, 0, 0, 0, 1, '', 1),
(71, 4, 0, 'CD', 242, 0, 0, 0, 1, '', 1),
(72, 4, 0, 'CG', 243, 0, 0, 0, 1, '', 1),
(73, 8, 0, 'CR', 506, 0, 0, 0, 1, 'NNNNN', 1),
(74, 7, 0, 'HR', 385, 0, 0, 0, 1, 'NNNNN', 1),
(75, 8, 0, 'CU', 53, 0, 0, 0, 1, '', 1),
(76, 1, 0, 'CY', 357, 0, 0, 0, 1, 'NNNN', 1),
(77, 4, 0, 'DJ', 253, 0, 0, 0, 1, '', 1),
(78, 8, 0, 'DM', 0, 0, 0, 0, 1, '', 1),
(79, 8, 0, 'DO', 0, 0, 0, 0, 1, '', 1),
(80, 3, 0, 'TL', 670, 0, 0, 0, 1, '', 1),
(81, 6, 0, 'EC', 593, 0, 0, 0, 1, 'CNNNNNN', 1),
(82, 4, 0, 'EG', 20, 0, 0, 0, 0, '', 1),
(83, 8, 0, 'SV', 503, 0, 0, 0, 1, '', 1),
(84, 4, 0, 'GQ', 240, 0, 0, 0, 1, '', 1),
(85, 4, 0, 'ER', 291, 0, 0, 0, 1, '', 1),
(86, 1, 0, 'EE', 372, 0, 0, 0, 1, 'NNNNN', 1),
(87, 4, 0, 'ET', 251, 0, 0, 0, 1, '', 1),
(88, 8, 0, 'FK', 0, 0, 0, 0, 1, 'LLLL NLL', 1),
(89, 7, 0, 'FO', 298, 0, 0, 0, 1, '', 1),
(90, 5, 0, 'FJ', 679, 0, 0, 0, 1, '', 1),
(91, 4, 0, 'GA', 241, 0, 0, 0, 1, '', 1),
(92, 4, 0, 'GM', 220, 0, 0, 0, 1, '', 1),
(93, 3, 0, 'GE', 995, 0, 0, 0, 1, 'NNNN', 1),
(94, 4, 0, 'GH', 233, 0, 0, 0, 1, '', 1),
(95, 8, 0, 'GD', 0, 0, 0, 0, 1, '', 1),
(96, 7, 0, 'GL', 299, 0, 0, 0, 1, '', 1),
(97, 7, 0, 'GI', 350, 0, 0, 0, 1, '', 1),
(98, 8, 0, 'GP', 590, 0, 0, 0, 1, '', 1),
(99, 5, 0, 'GU', 0, 0, 0, 0, 1, '', 1),
(100, 8, 0, 'GT', 502, 0, 0, 0, 1, '', 1),
(101, 7, 0, 'GG', 0, 0, 0, 0, 1, 'LLN NLL', 1),
(102, 4, 0, 'GN', 224, 0, 0, 0, 1, '', 1),
(103, 4, 0, 'GW', 245, 0, 0, 0, 1, '', 1),
(104, 6, 0, 'GY', 592, 0, 0, 0, 1, '', 1),
(105, 8, 0, 'HT', 509, 0, 0, 0, 1, '', 1),
(106, 5, 0, 'HM', 0, 0, 0, 0, 1, '', 1),
(107, 7, 0, 'VA', 379, 0, 0, 0, 1, 'NNNNN', 1),
(108, 8, 0, 'HN', 504, 0, 0, 0, 1, '', 1),
(109, 7, 0, 'IS', 354, 0, 0, 0, 1, 'NNN', 1),
(110, 3, 0, 'IN', 91, 0, 0, 0, 1, 'NNN NNN', 1),
(111, 3, 0, 'ID', 62, 0, 1, 0, 1, 'NNNNN', 1),
(112, 3, 0, 'IR', 98, 0, 0, 0, 1, 'NNNNN-NNNNN', 1),
(113, 3, 0, 'IQ', 964, 0, 0, 0, 1, 'NNNNN', 1),
(114, 7, 0, 'IM', 0, 0, 0, 0, 1, 'CN NLL', 1),
(115, 8, 0, 'JM', 0, 0, 0, 0, 1, '', 1),
(116, 7, 0, 'JE', 0, 0, 0, 0, 1, 'CN NLL', 1),
(117, 3, 0, 'JO', 962, 0, 0, 0, 1, '', 1),
(118, 3, 0, 'KZ', 7, 0, 0, 0, 1, 'NNNNNN', 1),
(119, 4, 0, 'KE', 254, 0, 0, 0, 1, '', 1),
(120, 5, 0, 'KI', 686, 0, 0, 0, 1, '', 1),
(121, 3, 0, 'KP', 850, 0, 0, 0, 1, '', 1),
(122, 3, 0, 'KW', 965, 0, 0, 0, 1, '', 1),
(123, 3, 0, 'KG', 996, 0, 0, 0, 1, '', 1),
(124, 3, 0, 'LA', 856, 0, 0, 0, 1, '', 1),
(125, 1, 0, 'LV', 371, 0, 0, 0, 1, 'C-NNNN', 1),
(126, 3, 0, 'LB', 961, 0, 0, 0, 1, '', 1),
(127, 4, 0, 'LS', 266, 0, 0, 0, 1, '', 1),
(128, 4, 0, 'LR', 231, 0, 0, 0, 1, '', 1),
(129, 4, 0, 'LY', 218, 0, 0, 0, 1, '', 1),
(130, 1, 0, 'LI', 423, 0, 0, 0, 1, 'NNNN', 1),
(131, 1, 0, 'LT', 370, 0, 0, 0, 1, 'NNNNN', 1),
(132, 3, 0, 'MO', 853, 0, 0, 0, 0, '', 1),
(133, 7, 0, 'MK', 389, 0, 0, 0, 1, '', 1),
(134, 4, 0, 'MG', 261, 0, 0, 0, 1, '', 1),
(135, 4, 0, 'MW', 265, 0, 0, 0, 1, '', 1),
(136, 3, 0, 'MY', 60, 0, 0, 0, 1, 'NNNNN', 1),
(137, 3, 0, 'MV', 960, 0, 0, 0, 1, '', 1),
(138, 4, 0, 'ML', 223, 0, 0, 0, 1, '', 1),
(139, 1, 0, 'MT', 356, 0, 0, 0, 1, 'LLL NNNN', 1),
(140, 5, 0, 'MH', 692, 0, 0, 0, 1, '', 1),
(141, 8, 0, 'MQ', 596, 0, 0, 0, 1, '', 1),
(142, 4, 0, 'MR', 222, 0, 0, 0, 1, '', 1),
(143, 1, 0, 'HU', 36, 0, 0, 0, 1, 'NNNN', 1),
(144, 4, 0, 'YT', 262, 0, 0, 0, 1, '', 1),
(145, 2, 0, 'MX', 52, 0, 1, 1, 1, 'NNNNN', 1),
(146, 5, 0, 'FM', 691, 0, 0, 0, 1, '', 1),
(147, 7, 0, 'MD', 373, 0, 0, 0, 1, 'C-NNNN', 1),
(148, 7, 0, 'MC', 377, 0, 0, 0, 1, '980NN', 1),
(149, 3, 0, 'MN', 976, 0, 0, 0, 1, '', 1),
(150, 7, 0, 'ME', 382, 0, 0, 0, 1, 'NNNNN', 1),
(151, 8, 0, 'MS', 0, 0, 0, 0, 1, '', 1),
(152, 4, 0, 'MA', 212, 0, 0, 0, 1, 'NNNNN', 1),
(153, 4, 0, 'MZ', 258, 0, 0, 0, 1, '', 1),
(154, 4, 0, 'NA', 264, 0, 0, 0, 1, '', 1),
(155, 5, 0, 'NR', 674, 0, 0, 0, 1, '', 1),
(156, 3, 0, 'NP', 977, 0, 0, 0, 1, '', 1),
(157, 8, 0, 'AN', 599, 0, 0, 0, 1, '', 1),
(158, 5, 0, 'NC', 687, 0, 0, 0, 1, '', 1),
(159, 8, 0, 'NI', 505, 0, 0, 0, 1, 'NNNNNN', 1),
(160, 4, 0, 'NE', 227, 0, 0, 0, 1, '', 1),
(161, 5, 0, 'NU', 683, 0, 0, 0, 1, '', 1),
(162, 5, 0, 'NF', 0, 0, 0, 0, 1, '', 1),
(163, 5, 0, 'MP', 0, 0, 0, 0, 1, '', 1),
(164, 3, 0, 'OM', 968, 0, 0, 0, 1, '', 1),
(165, 3, 0, 'PK', 92, 0, 0, 0, 1, '', 1),
(166, 5, 0, 'PW', 680, 0, 0, 0, 1, '', 1),
(167, 3, 0, 'PS', 0, 0, 0, 0, 1, '', 1),
(168, 8, 0, 'PA', 507, 0, 0, 0, 1, 'NNNNNN', 1),
(169, 5, 0, 'PG', 675, 0, 0, 0, 1, '', 1),
(170, 6, 0, 'PY', 595, 0, 0, 0, 1, '', 1),
(171, 6, 0, 'PE', 51, 0, 0, 0, 1, '', 1),
(172, 3, 0, 'PH', 63, 0, 0, 0, 1, 'NNNN', 1),
(173, 5, 0, 'PN', 0, 0, 0, 0, 1, 'LLLL NLL', 1),
(174, 8, 0, 'PR', 0, 0, 0, 0, 1, 'NNNNN', 1),
(175, 3, 0, 'QA', 974, 0, 0, 0, 1, '', 1),
(176, 4, 0, 'RE', 262, 0, 0, 0, 1, '', 1),
(177, 7, 0, 'RU', 7, 0, 0, 0, 1, 'NNNNNN', 1),
(178, 4, 0, 'RW', 250, 0, 0, 0, 1, '', 1),
(179, 8, 0, 'BL', 0, 0, 0, 0, 1, '', 1),
(180, 8, 0, 'KN', 0, 0, 0, 0, 1, '', 1),
(181, 8, 0, 'LC', 0, 0, 0, 0, 1, '', 1),
(182, 8, 0, 'MF', 0, 0, 0, 0, 1, '', 1),
(183, 8, 0, 'PM', 508, 0, 0, 0, 1, '', 1),
(184, 8, 0, 'VC', 0, 0, 0, 0, 1, '', 1),
(185, 5, 0, 'WS', 685, 0, 0, 0, 1, '', 1),
(186, 7, 0, 'SM', 378, 0, 0, 0, 1, 'NNNNN', 1),
(187, 4, 0, 'ST', 239, 0, 0, 0, 1, '', 1),
(188, 3, 0, 'SA', 966, 0, 0, 0, 1, '', 1),
(189, 4, 0, 'SN', 221, 0, 0, 0, 1, '', 1),
(190, 7, 0, 'RS', 381, 0, 0, 0, 1, 'NNNNN', 1),
(191, 4, 0, 'SC', 248, 0, 0, 0, 1, '', 1),
(192, 4, 0, 'SL', 232, 0, 0, 0, 1, '', 1),
(193, 1, 0, 'SI', 386, 0, 0, 0, 1, 'C-NNNN', 1),
(194, 5, 0, 'SB', 677, 0, 0, 0, 1, '', 1),
(195, 4, 0, 'SO', 252, 0, 0, 0, 1, '', 1),
(196, 8, 0, 'GS', 0, 0, 0, 0, 1, 'LLLL NLL', 1),
(197, 3, 0, 'LK', 94, 0, 0, 0, 1, 'NNNNN', 1),
(198, 4, 0, 'SD', 249, 0, 0, 0, 1, '', 1),
(199, 8, 0, 'SR', 597, 0, 0, 0, 1, '', 1),
(200, 7, 0, 'SJ', 0, 0, 0, 0, 1, '', 1),
(201, 4, 0, 'SZ', 268, 0, 0, 0, 1, '', 1),
(202, 3, 0, 'SY', 963, 0, 0, 0, 1, '', 1),
(203, 3, 0, 'TW', 886, 0, 0, 0, 1, 'NNNNN', 1),
(204, 3, 0, 'TJ', 992, 0, 0, 0, 1, '', 1),
(205, 4, 0, 'TZ', 255, 0, 0, 0, 1, '', 1),
(206, 3, 0, 'TH', 66, 0, 0, 0, 1, 'NNNNN', 1),
(207, 5, 0, 'TK', 690, 0, 0, 0, 1, '', 1),
(208, 5, 0, 'TO', 676, 0, 0, 0, 1, '', 1),
(209, 6, 0, 'TT', 0, 0, 0, 0, 1, '', 1),
(210, 4, 0, 'TN', 216, 0, 0, 0, 1, '', 1),
(211, 7, 0, 'TR', 90, 0, 0, 0, 1, 'NNNNN', 1),
(212, 3, 0, 'TM', 993, 0, 0, 0, 1, '', 1),
(213, 8, 0, 'TC', 0, 0, 0, 0, 1, 'LLLL NLL', 1),
(214, 5, 0, 'TV', 688, 0, 0, 0, 1, '', 1),
(215, 4, 0, 'UG', 256, 0, 0, 0, 1, '', 1),
(216, 1, 0, 'UA', 380, 0, 0, 0, 1, 'NNNNN', 1),
(217, 3, 0, 'AE', 971, 0, 0, 0, 1, '', 1),
(218, 6, 0, 'UY', 598, 0, 0, 0, 1, '', 1),
(219, 3, 0, 'UZ', 998, 0, 0, 0, 1, '', 1),
(220, 5, 0, 'VU', 678, 0, 0, 0, 1, '', 1),
(221, 6, 0, 'VE', 58, 0, 0, 0, 1, '', 1),
(222, 3, 0, 'VN', 84, 0, 0, 0, 1, 'NNNNNN', 1),
(223, 2, 0, 'VG', 0, 0, 0, 0, 1, 'CNNNN', 1),
(224, 2, 0, 'VI', 0, 0, 0, 0, 1, '', 1),
(225, 5, 0, 'WF', 681, 0, 0, 0, 1, '', 1),
(226, 4, 0, 'EH', 0, 0, 0, 0, 1, '', 1),
(227, 3, 0, 'YE', 967, 0, 0, 0, 1, '', 1),
(228, 4, 0, 'ZM', 260, 0, 0, 0, 1, '', 1),
(229, 4, 0, 'ZW', 263, 0, 0, 0, 1, '', 1),
(230, 7, 0, 'AL', 355, 0, 0, 0, 1, 'NNNN', 1),
(231, 3, 0, 'AF', 93, 0, 0, 0, 0, '', 1),
(232, 5, 0, 'AQ', 0, 0, 0, 0, 1, '', 1),
(233, 1, 0, 'BA', 387, 0, 0, 0, 1, '', 1),
(234, 5, 0, 'BV', 0, 0, 0, 0, 1, '', 1),
(235, 5, 0, 'IO', 0, 0, 0, 0, 1, 'LLLL NLL', 1),
(236, 1, 0, 'BG', 359, 0, 0, 0, 1, 'NNNN', 1),
(237, 8, 0, 'KY', 0, 0, 0, 0, 1, '', 1),
(238, 3, 0, 'CX', 0, 0, 0, 0, 1, '', 1),
(239, 3, 0, 'CC', 0, 0, 0, 0, 1, '', 1),
(240, 5, 0, 'CK', 682, 0, 0, 0, 1, '', 1),
(241, 6, 0, 'GF', 594, 0, 0, 0, 1, '', 1),
(242, 5, 0, 'PF', 689, 0, 0, 0, 1, '', 1),
(243, 5, 0, 'TF', 0, 0, 0, 0, 1, '', 1),
(244, 7, 0, 'AX', 0, 0, 0, 0, 1, 'NNNNN', 1);

-- --------------------------------------------------------

--
-- Estructura de tabla para la tabla `mto_country_lang`
--

CREATE TABLE IF NOT EXISTS `mto_country_lang` (
  `id_country` int(10) unsigned NOT NULL,
  `id_lang` int(10) unsigned NOT NULL,
  `name` varchar(64) NOT NULL,
  PRIMARY KEY (`id_country`,`id_lang`)
) ENGINE=InnoDB DEFAULT CHARSET=utf8;

--
-- Volcado de datos para la tabla `mto_country_lang`
--

INSERT INTO `mto_country_lang` (`id_country`, `id_lang`, `name`) VALUES
(1, 1, 'Alemania'),
(1, 2, 'Alemania'),
(2, 1, 'Austria'),
(2, 2, 'Austria'),
(3, 1, 'Bélgica'),
(3, 2, 'Bélgica'),
(4, 1, 'Canadá'),
(4, 2, 'Canadá'),
(5, 1, 'China'),
(5, 2, 'China'),
(6, 1, 'España'),
(6, 2, 'España'),
(7, 1, 'Finlandia'),
(7, 2, 'Finlandia'),
(8, 1, 'Francia'),
(8, 2, 'Francia'),
(9, 1, 'Grecia'),
(9, 2, 'Grecia'),
(10, 1, 'Italia'),
(10, 2, 'Italia'),
(11, 1, 'Japón'),
(11, 2, 'Japón'),
(12, 1, 'Luxemburgo'),
(12, 2, 'Luxemburgo'),
(13, 1, 'Países Bajos'),
(13, 2, 'Países Bajos'),
(14, 1, 'Polonia'),
(14, 2, 'Polonia'),
(15, 1, 'Portugal'),
(15, 2, 'Portugal'),
(16, 1, 'República Checa'),
(16, 2, 'República Checa'),
(17, 1, 'Reino Unido'),
(17, 2, 'Reino Unido'),
(18, 1, 'Suecia'),
(18, 2, 'Suecia'),
(19, 1, 'Suiza'),
(19, 2, 'Suiza'),
(20, 1, 'Dinamarca'),
(20, 2, 'Dinamarca'),
(21, 1, 'EE.UU.'),
(21, 2, 'EE.UU.'),
(22, 1, 'Hong Kong'),
(22, 2, 'Hong Kong'),
(23, 1, 'Noruega'),
(23, 2, 'Noruega'),
(24, 1, 'Australia'),
(24, 2, 'Australia'),
(25, 1, 'Singapur'),
(25, 2, 'Singapur'),
(26, 1, 'Irlanda'),
(26, 2, 'Irlanda'),
(27, 1, 'Nueva Zelanda'),
(27, 2, 'Nueva Zelanda'),
(28, 1, 'Corea del Sur'),
(28, 2, 'Corea del Sur'),
(29, 1, 'Israel'),
(29, 2, 'Israel'),
(30, 1, 'Sudáfrica'),
(30, 2, 'Sudáfrica'),
(31, 1, 'Nigeria'),
(31, 2, 'Nigeria'),
(32, 1, 'Costa de Marfil'),
(32, 2, 'Costa de Marfil'),
(33, 1, 'Togo'),
(33, 2, 'Togo'),
(34, 1, 'Bolivia'),
(34, 2, 'Bolivia'),
(35, 1, 'Mauricio'),
(35, 2, 'Mauricio'),
(36, 1, 'Rumania'),
(36, 2, 'Rumania'),
(37, 1, 'Eslovaquia'),
(37, 2, 'Eslovaquia'),
(38, 1, 'Argelia'),
(38, 2, 'Argelia'),
(39, 1, 'Samoa Americana'),
(39, 2, 'Samoa Americana'),
(40, 1, 'Andorra'),
(40, 2, 'Andorra'),
(41, 1, 'Angola'),
(41, 2, 'Angola'),
(42, 1, 'Anguila'),
(42, 2, 'Anguila'),
(43, 1, 'Antigua y Barbuda'),
(43, 2, 'Antigua y Barbuda'),
(44, 1, 'Argentina'),
(44, 2, 'Argentina'),
(45, 1, 'Armenia'),
(45, 2, 'Armenia'),
(46, 1, 'Aruba'),
(46, 2, 'Aruba'),
(47, 1, 'Azerbaiyán'),
(47, 2, 'Azerbaiyán'),
(48, 1, 'Bahamas'),
(48, 2, 'Bahamas'),
(49, 1, 'Bahrein'),
(49, 2, 'Bahrein'),
(50, 1, 'Bangladesh'),
(50, 2, 'Bangladesh'),
(51, 1, 'Barbados'),
(51, 2, 'Barbados'),
(52, 1, 'Belarús'),
(52, 2, 'Belarús'),
(53, 1, 'Belice'),
(53, 2, 'Belice'),
(54, 1, 'Benin'),
(54, 2, 'Benin'),
(55, 1, 'Bermudas'),
(55, 2, 'Bermudas'),
(56, 1, 'Bhután'),
(56, 2, 'Bhután'),
(57, 1, 'Botswana'),
(57, 2, 'Botswana'),
(58, 1, 'Brasil'),
(58, 2, 'Brasil'),
(59, 1, 'Brunei'),
(59, 2, 'Brunei'),
(60, 1, 'Burkina Faso'),
(60, 2, 'Burkina Faso'),
(61, 1, 'Birmania (Myanmar)'),
(61, 2, 'Birmania (Myanmar)'),
(62, 1, 'Burundi'),
(62, 2, 'Burundi'),
(63, 1, 'Camboya'),
(63, 2, 'Camboya'),
(64, 1, 'Camerún'),
(64, 2, 'Camerún'),
(65, 1, 'Cabo Verde'),
(65, 2, 'Cabo Verde'),
(66, 1, 'República Centroafricana'),
(66, 2, 'República Centroafricana'),
(67, 1, 'Chad'),
(67, 2, 'Chad'),
(68, 1, 'Chile'),
(68, 2, 'Chile'),
(69, 1, 'Colombia'),
(69, 2, 'Colombia'),
(70, 1, 'Comoras'),
(70, 2, 'Comoras'),
(71, 1, 'Congo, Rep. Dem.'),
(71, 2, 'Congo, Rep. Dem.'),
(72, 1, 'Congo, República'),
(72, 2, 'Congo, República'),
(73, 1, 'Costa Rica'),
(73, 2, 'Costa Rica'),
(74, 1, 'Croacia'),
(74, 2, 'Croacia'),
(75, 1, 'Cuba'),
(75, 2, 'Cuba'),
(76, 1, 'Chipre'),
(76, 2, 'Chipre'),
(77, 1, 'Djibouti'),
(77, 2, 'Djibouti'),
(78, 1, 'Dominica'),
(78, 2, 'Dominica'),
(79, 1, 'República Dominicana'),
(79, 2, 'República Dominicana'),
(80, 1, 'Timor Oriental'),
(80, 2, 'Timor Oriental'),
(81, 1, 'Ecuador'),
(81, 2, 'Ecuador'),
(82, 1, 'Egipto'),
(82, 2, 'Egipto'),
(83, 1, 'El Salvador'),
(83, 2, 'El Salvador'),
(84, 1, 'Guinea Ecuatorial'),
(84, 2, 'Guinea Ecuatorial'),
(85, 1, 'Eritrea'),
(85, 2, 'Eritrea'),
(86, 1, 'Estonia'),
(86, 2, 'Estonia'),
(87, 1, 'Etiopía'),
(87, 2, 'Etiopía'),
(88, 1, 'Islas Malvinas'),
(88, 2, 'Islas Malvinas'),
(89, 1, 'Islas Feroe'),
(89, 2, 'Islas Feroe'),
(90, 1, 'Fiji'),
(90, 2, 'Fiji'),
(91, 1, 'Gabón'),
(91, 2, 'Gabón'),
(92, 1, 'Gambia'),
(92, 2, 'Gambia'),
(93, 1, 'Georgia'),
(93, 2, 'Georgia'),
(94, 1, 'Ghana'),
(94, 2, 'Ghana'),
(95, 1, 'Granada'),
(95, 2, 'Granada'),
(96, 1, 'Groenlandia'),
(96, 2, 'Groenlandia'),
(97, 1, 'Gibraltar'),
(97, 2, 'Gibraltar'),
(98, 1, 'Guadalupe'),
(98, 2, 'Guadalupe'),
(99, 1, 'Guam'),
(99, 2, 'Guam'),
(100, 1, 'Guatemala'),
(100, 2, 'Guatemala'),
(101, 1, 'Guernsey'),
(101, 2, 'Guernsey'),
(102, 1, 'Guinea'),
(102, 2, 'Guinea'),
(103, 1, 'Guinea-Bissau'),
(103, 2, 'Guinea-Bissau'),
(104, 1, 'Guyana'),
(104, 2, 'Guyana'),
(105, 1, 'Haití'),
(105, 2, 'Haití'),
(106, 1, 'Islas Heard y McDonald Islas'),
(106, 2, 'Islas Heard y McDonald Islas'),
(107, 1, 'Ciudad del Vaticano'),
(107, 2, 'Ciudad del Vaticano'),
(108, 1, 'Honduras'),
(108, 2, 'Honduras'),
(109, 1, 'Islandia'),
(109, 2, 'Islandia'),
(110, 1, 'India'),
(110, 2, 'India'),
(111, 1, 'Indonesia'),
(111, 2, 'Indonesia'),
(112, 1, 'Irán'),
(112, 2, 'Irán'),
(113, 1, 'Iraq'),
(113, 2, 'Iraq'),
(114, 1, 'Man, Isla'),
(114, 2, 'Man, Isla'),
(115, 1, 'Jamaica'),
(115, 2, 'Jamaica'),
(116, 1, 'Jersey'),
(116, 2, 'Jersey'),
(117, 1, 'Jordania'),
(117, 2, 'Jordania'),
(118, 1, 'Kazajstán'),
(118, 2, 'Kazajstán'),
(119, 1, 'Kenya'),
(119, 2, 'Kenya'),
(120, 1, 'Kiribati'),
(120, 2, 'Kiribati'),
(121, 1, 'KOREA, DEM. República de'),
(121, 2, 'KOREA, DEM. República de'),
(122, 1, 'Kuwait'),
(122, 2, 'Kuwait'),
(123, 1, 'Kirguistán'),
(123, 2, 'Kirguistán'),
(124, 1, 'Laos'),
(124, 2, 'Laos'),
(125, 1, 'Letonia'),
(125, 2, 'Letonia'),
(126, 1, 'Líbano'),
(126, 2, 'Líbano'),
(127, 1, 'Lesotho'),
(127, 2, 'Lesotho'),
(128, 1, 'Liberia'),
(128, 2, 'Liberia'),
(129, 1, 'Libia'),
(129, 2, 'Libia'),
(130, 1, 'Liechtenstein'),
(130, 2, 'Liechtenstein'),
(131, 1, 'Lituania'),
(131, 2, 'Lituania'),
(132, 1, 'Macao'),
(132, 2, 'Macao'),
(133, 1, 'Macedonia'),
(133, 2, 'Macedonia'),
(134, 1, 'Madagascar'),
(134, 2, 'Madagascar'),
(135, 1, 'Malawi'),
(135, 2, 'Malawi'),
(136, 1, 'Malasia'),
(136, 2, 'Malasia'),
(137, 1, 'Maldivas'),
(137, 2, 'Maldivas'),
(138, 1, 'Malí'),
(138, 2, 'Malí'),
(139, 1, 'Malta'),
(139, 2, 'Malta'),
(140, 1, 'Marshall, Islas'),
(140, 2, 'Marshall, Islas'),
(141, 1, 'Martinica'),
(141, 2, 'Martinica'),
(142, 1, 'Mauritania'),
(142, 2, 'Mauritania'),
(143, 1, 'Hungría'),
(143, 2, 'Hungría'),
(144, 1, 'Mayotte'),
(144, 2, 'Mayotte'),
(145, 1, 'México'),
(145, 2, 'México'),
(146, 1, 'Micronesia'),
(146, 2, 'Micronesia'),
(147, 1, 'Moldavia'),
(147, 2, 'Moldavia'),
(148, 1, 'Mónaco'),
(148, 2, 'Mónaco'),
(149, 1, 'Mongolia'),
(149, 2, 'Mongolia'),
(150, 1, 'Montenegro'),
(150, 2, 'Montenegro'),
(151, 1, 'Montserrat'),
(151, 2, 'Montserrat'),
(152, 1, 'Marruecos'),
(152, 2, 'Marruecos'),
(153, 1, 'Mozambique'),
(153, 2, 'Mozambique'),
(154, 1, 'Namibia'),
(154, 2, 'Namibia'),
(155, 1, 'Nauru'),
(155, 2, 'Nauru'),
(156, 1, 'Nepal'),
(156, 2, 'Nepal'),
(157, 1, 'Antillas Neerlandesas'),
(157, 2, 'Antillas Neerlandesas'),
(158, 1, 'Nueva Caledonia'),
(158, 2, 'Nueva Caledonia'),
(159, 1, 'Nicaragua'),
(159, 2, 'Nicaragua'),
(160, 1, 'Níger'),
(160, 2, 'Níger'),
(161, 1, 'Niue'),
(161, 2, 'Niue'),
(162, 1, 'Norfolk Island'),
(162, 2, 'Norfolk Island'),
(163, 1, 'Islas Marianas del Norte'),
(163, 2, 'Islas Marianas del Norte'),
(164, 1, 'Omán'),
(164, 2, 'Omán'),
(165, 1, 'Pakistán'),
(165, 2, 'Pakistán'),
(166, 1, 'Palau'),
(166, 2, 'Palau'),
(167, 1, 'Territorios Palestinos'),
(167, 2, 'Territorios Palestinos'),
(168, 1, 'Panamá'),
(168, 2, 'Panamá'),
(169, 1, 'Papua Nueva Guinea'),
(169, 2, 'Papua Nueva Guinea'),
(170, 1, 'Paraguay'),
(170, 2, 'Paraguay'),
(171, 1, 'Perú'),
(171, 2, 'Perú'),
(172, 1, 'Filipinas'),
(172, 2, 'Filipinas'),
(173, 1, 'Pitcairn'),
(173, 2, 'Pitcairn'),
(174, 1, 'Puerto Rico'),
(174, 2, 'Puerto Rico'),
(175, 1, 'Qatar'),
(175, 2, 'Qatar'),
(176, 1, 'Reunión, Isla de la'),
(176, 2, 'Reunión, Isla de la'),
(177, 1, 'Rusia, Federación de'),
(177, 2, 'Rusia, Federación de'),
(178, 1, 'Rwanda'),
(178, 2, 'Rwanda'),
(179, 1, 'San Bartolomé'),
(179, 2, 'San Bartolomé'),
(180, 1, 'Saint Kitts y Nevis'),
(180, 2, 'Saint Kitts y Nevis'),
(181, 1, 'Santa Lucía'),
(181, 2, 'Santa Lucía'),
(182, 1, 'Saint Martin'),
(182, 2, 'Saint Martin'),
(183, 1, 'San Pedro y Miquelón'),
(183, 2, 'San Pedro y Miquelón'),
(184, 1, 'San Vicente y las Granadinas'),
(184, 2, 'San Vicente y las Granadinas'),
(185, 1, 'Samoa'),
(185, 2, 'Samoa'),
(186, 1, 'San Marino'),
(186, 2, 'San Marino'),
(187, 1, 'Santo Tomé y Príncipe'),
(187, 2, 'Santo Tomé y Príncipe'),
(188, 1, 'Arabia Saudita'),
(188, 2, 'Arabia Saudita'),
(189, 1, 'Senegal'),
(189, 2, 'Senegal'),
(190, 1, 'Serbia'),
(190, 2, 'Serbia'),
(191, 1, 'Seychelles'),
(191, 2, 'Seychelles'),
(192, 1, 'Sierra Leona'),
(192, 2, 'Sierra Leona'),
(193, 1, 'Eslovenia'),
(193, 2, 'Eslovenia'),
(194, 1, 'Salomón, Islas'),
(194, 2, 'Salomón, Islas'),
(195, 1, 'Somalia'),
(195, 2, 'Somalia'),
(196, 1, 'Georgia del Sur e Islas Sandwich del Sur'),
(196, 2, 'Georgia del Sur e Islas Sandwich del Sur'),
(197, 1, 'Sri Lanka'),
(197, 2, 'Sri Lanka'),
(198, 1, 'Sudán'),
(198, 2, 'Sudán'),
(199, 1, 'Suriname'),
(199, 2, 'Suriname'),
(200, 1, 'Svalbard y Jan Mayen'),
(200, 2, 'Svalbard y Jan Mayen'),
(201, 1, 'Swazilandia'),
(201, 2, 'Swazilandia'),
(202, 1, 'Siria'),
(202, 2, 'Siria'),
(203, 1, 'Taiwán'),
(203, 2, 'Taiwán'),
(204, 1, 'Tayikistán'),
(204, 2, 'Tayikistán'),
(205, 1, 'Tanzania'),
(205, 2, 'Tanzania'),
(206, 1, 'Tailandia'),
(206, 2, 'Tailandia'),
(207, 1, 'Tokelau'),
(207, 2, 'Tokelau'),
(208, 1, 'Tonga'),
(208, 2, 'Tonga'),
(209, 1, 'Trinidad y Tobago'),
(209, 2, 'Trinidad y Tobago'),
(210, 1, 'Túnez'),
(210, 2, 'Túnez'),
(211, 1, 'Turquía'),
(211, 2, 'Turquía'),
(212, 1, 'Turkmenistán'),
(212, 2, 'Turkmenistán'),
(213, 1, 'Islas Turcas y Caicos'),
(213, 2, 'Islas Turcas y Caicos'),
(214, 1, 'Tuvalu'),
(214, 2, 'Tuvalu'),
(215, 1, 'Uganda'),
(215, 2, 'Uganda'),
(216, 1, 'Ucrania'),
(216, 2, 'Ucrania'),
(217, 1, 'Emiratos ÿrabes Unidos'),
(217, 2, 'Emiratos ÿrabes Unidos'),
(218, 1, 'Uruguay'),
(218, 2, 'Uruguay'),
(219, 1, 'Uzbekistán'),
(219, 2, 'Uzbekistán'),
(220, 1, 'Vanuatu'),
(220, 2, 'Vanuatu'),
(221, 1, 'Venezuela'),
(221, 2, 'Venezuela'),
(222, 1, 'Vietnam'),
(222, 2, 'Vietnam'),
(223, 1, 'Islas Vírgenes (Británicas)'),
(223, 2, 'Islas Vírgenes (Británicas)'),
(224, 1, 'Islas Vírgenes (EE.UU.)'),
(224, 2, 'Islas Vírgenes (EE.UU.)'),
(225, 1, 'Wallis y Futuna'),
(225, 2, 'Wallis y Futuna'),
(226, 1, 'Sáhara Occidental'),
(226, 2, 'Sáhara Occidental'),
(227, 1, 'Yemen'),
(227, 2, 'Yemen'),
(228, 1, 'Zambia'),
(228, 2, 'Zambia'),
(229, 1, 'Zimbabwe'),
(229, 2, 'Zimbabwe'),
(230, 1, 'Albania'),
(230, 2, 'Albania'),
(231, 1, 'Afganistán'),
(231, 2, 'Afganistán'),
(232, 1, 'Antártida'),
(232, 2, 'Antártida'),
(233, 1, 'Bosnia y Herzegovina'),
(233, 2, 'Bosnia y Herzegovina'),
(234, 1, 'Isla Bouvet'),
(234, 2, 'Isla Bouvet'),
(235, 1, 'British Indian Ocean Territory'),
(235, 2, 'British Indian Ocean Territory'),
(236, 1, 'Bulgaria'),
(236, 2, 'Bulgaria'),
(237, 1, 'Caimán, Islas'),
(237, 2, 'Caimán, Islas'),
(238, 1, 'Navidad, Isla de'),
(238, 2, 'Navidad, Isla de'),
(239, 1, 'Cocos (Keeling), Islas'),
(239, 2, 'Cocos (Keeling), Islas'),
(240, 1, 'Cook, Islas'),
(240, 2, 'Cook, Islas'),
(241, 1, 'Francés Guayana'),
(241, 2, 'Francés Guayana'),
(242, 1, 'Polinesia francés'),
(242, 2, 'Polinesia francés'),
(243, 1, 'Territorios del sur francés'),
(243, 2, 'Territorios del sur francés'),
(244, 1, 'Islas Åland'),
(244, 2, 'Islas Åland');

-- --------------------------------------------------------

--
-- Estructura de tabla para la tabla `mto_currency`
--

CREATE TABLE IF NOT EXISTS `mto_currency` (
  `id_currency` int(10) unsigned NOT NULL AUTO_INCREMENT,
  `name` varchar(32) NOT NULL,
  `iso_code` varchar(3) NOT NULL DEFAULT '0',
  `iso_code_num` varchar(3) NOT NULL DEFAULT '0',
  `sign` varchar(8) NOT NULL,
  `blank` tinyint(1) unsigned NOT NULL DEFAULT '0',
  `format` tinyint(1) unsigned NOT NULL DEFAULT '0',
  `decimals` tinyint(1) unsigned NOT NULL DEFAULT '1',
  `conversion_rate` decimal(13,6) NOT NULL,
  `deleted` tinyint(1) unsigned NOT NULL DEFAULT '0',
  `active` tinyint(1) unsigned NOT NULL DEFAULT '1',
  PRIMARY KEY (`id_currency`)
) ENGINE=InnoDB  DEFAULT CHARSET=utf8 AUTO_INCREMENT=2 ;

--
-- Volcado de datos para la tabla `mto_currency`
--

INSERT INTO `mto_currency` (`id_currency`, `name`, `iso_code`, `iso_code_num`, `sign`, `blank`, `format`, `decimals`, `conversion_rate`, `deleted`, `active`) VALUES
(1, 'Peso Argentino', 'ARS', '32', '$', 1, 3, 0, '1.000000', 0, 1);

-- --------------------------------------------------------

--
-- Estructura de tabla para la tabla `mto_customer`
--

CREATE TABLE IF NOT EXISTS `mto_customer` (
  `id_customer` int(10) unsigned NOT NULL AUTO_INCREMENT,
  `id_shop_group` int(11) unsigned NOT NULL DEFAULT '1',
  `id_shop` int(11) unsigned NOT NULL DEFAULT '1',
  `id_gender` int(10) unsigned NOT NULL,
  `id_default_group` int(10) unsigned NOT NULL DEFAULT '1',
  `id_lang` int(10) unsigned DEFAULT NULL,
  `id_risk` int(10) unsigned NOT NULL DEFAULT '1',
  `company` varchar(64) DEFAULT NULL,
  `siret` varchar(14) DEFAULT NULL,
  `ape` varchar(5) DEFAULT NULL,
  `firstname` varchar(32) NOT NULL,
  `lastname` varchar(32) NOT NULL,
  `email` varchar(128) NOT NULL,
  `passwd` varchar(32) NOT NULL,
  `last_passwd_gen` timestamp NOT NULL DEFAULT CURRENT_TIMESTAMP,
  `birthday` date DEFAULT NULL,
  `newsletter` tinyint(1) unsigned NOT NULL DEFAULT '0',
  `ip_registration_newsletter` varchar(15) DEFAULT NULL,
  `newsletter_date_add` datetime DEFAULT NULL,
  `optin` tinyint(1) unsigned NOT NULL DEFAULT '0',
  `website` varchar(128) DEFAULT NULL,
  `outstanding_allow_amount` decimal(20,6) NOT NULL DEFAULT '0.000000',
  `show_public_prices` tinyint(1) unsigned NOT NULL DEFAULT '0',
  `max_payment_days` int(10) unsigned NOT NULL DEFAULT '60',
  `secure_key` varchar(32) NOT NULL DEFAULT '-1',
  `note` text,
  `active` tinyint(1) unsigned NOT NULL DEFAULT '0',
  `is_guest` tinyint(1) NOT NULL DEFAULT '0',
  `deleted` tinyint(1) NOT NULL DEFAULT '0',
  `date_add` datetime NOT NULL,
  `date_upd` datetime NOT NULL,
  `meli_data` text,
  PRIMARY KEY (`id_customer`),
  KEY `customer_email` (`email`),
  KEY `customer_login` (`email`,`passwd`),
  KEY `id_customer_passwd` (`id_customer`,`passwd`),
  KEY `id_gender` (`id_gender`),
  KEY `id_shop_group` (`id_shop_group`),
  KEY `id_shop` (`id_shop`)
) ENGINE=InnoDB  DEFAULT CHARSET=utf8 AUTO_INCREMENT=738 ;

--
-- Volcado de datos para la tabla `mto_customer`
--

INSERT INTO `mto_customer` (`id_customer`, `id_shop_group`, `id_shop`, `id_gender`, `id_default_group`, `id_lang`, `id_risk`, `company`, `siret`, `ape`, `firstname`, `lastname`, `email`, `passwd`, `last_passwd_gen`, `birthday`, `newsletter`, `ip_registration_newsletter`, `newsletter_date_add`, `optin`, `website`, `outstanding_allow_amount`, `show_public_prices`, `max_payment_days`, `secure_key`, `note`, `active`, `is_guest`, `deleted`, `date_add`, `date_upd`, `meli_data`) VALUES
(1, 1, 1, 1, 3, 1, 0, NULL, NULL, NULL, 'esteban', 'franciull', 'franciulliesteban@gmail.com', '00c49b0d5fb4faefc118482767a3cc37', '2015-10-09 09:15:10', '1985-04-14', 1, NULL, '2015-10-09 12:15:10', 1, NULL, '0.000000', 0, 0, '63d70a1849bb583c8a7185066ebe4b57', NULL, 1, 0, 0, '2015-10-09 12:15:10', '2016-08-27 13:12:16', NULL),
(2, 1, 1, 1, 3, 1, 0, 'Flexxus', NULL, NULL, 'Prueba', 'Testing', 'info@flexxus.com.ar', '21910f28aeb0ac413b9302070ccaa0a3', '2015-10-16 00:43:52', '1991-12-24', 0, NULL, '0000-00-00 00:00:00', 0, NULL, '0.000000', 0, 0, '9285bb5dbf1d6ec08e4ebfe42827dd1e', NULL, 1, 0, 0, '2015-10-16 09:43:52', '2015-10-16 09:43:52', NULL),
(3, 1, 1, 1, 3, 1, 0, NULL, NULL, NULL, 'Sebastian', 'conejero', 'sebaconejero@hotmail.com', '84574e470642f34ef8b03613c1e3fc52', '2016-03-03 23:22:07', '1981-08-25', 1, '181.31.131.247', '2015-10-16 13:33:46', 0, NULL, '0.000000', 0, 0, 'b128fb2ac80decac539edb2fe8bf6ff6', NULL, 1, 0, 0, '2015-10-16 13:33:46', '2016-03-04 12:48:17', NULL),
(4, 1, 1, 1, 3, 1, 0, NULL, NULL, NULL, 'pepe', 'pepea', 'pepe@hotmail.com', 'e492d7343c32c3c5484b5c27fe2f12f7', '2015-10-23 00:55:20', '1960-07-25', 0, NULL, '0000-00-00 00:00:00', 0, NULL, '0.000000', 0, 0, 'f15b94362f684f7e7111845ff55e6311', NULL, 1, 0, 0, '2015-10-23 09:55:20', '2015-10-23 09:55:20', NULL),
(5, 1, 1, 1, 3, 1, 0, NULL, NULL, NULL, 'tomas', 'conejero', 'tconejero@gmail.com', 'f941918afdcbb5b471992f6e4121dfde', '2015-10-24 11:34:24', '1983-11-29', 1, '186.183.5.150', '2015-10-24 20:34:24', 0, NULL, '0.000000', 0, 0, 'ae0198b65f034c11ea82344533b0afda', NULL, 1, 0, 0, '2015-10-24 20:34:24', '2015-10-24 20:34:24', NULL),
(6, 1, 1, 2, 3, 1, 0, NULL, NULL, NULL, 'Carola', 'Garbino', 'caroderojo@hotmail.com', '9ddab8e0039ac8f5f73421385bf81401', '2015-10-25 06:52:23', '1976-03-25', 1, '186.137.221.98', '2015-10-25 15:52:23', 0, NULL, '0.000000', 0, 0, '63579c3129c5d2ca9b64d13695c08f10', NULL, 1, 0, 0, '2015-10-25 15:52:23', '2015-10-25 15:52:23', NULL),
(7, 1, 1, 1, 3, 1, 0, NULL, NULL, NULL, 'nelson', 'chandia', 'kamerino2222@gmail.com', 'f1119601ada063b72531861af503d0fe', '2015-10-25 16:58:42', '1995-12-30', 1, '200.81.44.159', '2015-10-26 01:58:42', 0, NULL, '0.000000', 0, 0, '50ca21ec6d74319ff8be459411487307', NULL, 1, 0, 0, '2015-10-26 01:58:42', '2015-10-26 01:58:42', NULL),
(8, 1, 1, 1, 3, 1, 0, 'FFMM', NULL, NULL, 'Pablo', 'Cardozo Herrera', 'pablo.cardozo@ffmm.com.ar', 'e2f794ff4de5ca46aa2decf1746b8537', '2015-10-26 09:49:22', '1984-01-18', 1, '181.28.203.234', '2015-10-26 18:49:22', 0, NULL, '0.000000', 0, 0, 'abf8108e2b5f4b79f19dc72e08fb4639', NULL, 1, 0, 0, '2015-10-26 18:49:22', '2015-10-26 18:49:22', NULL),
(9, 1, 1, 2, 3, 1, 0, NULL, NULL, NULL, 'Rosa', 'Dure', 'rosadure@hotmail.com', '688ed5c21c3c748ea58b40009123d66f', '2015-10-27 07:26:57', '1969-07-17', 1, '181.31.86.36', '2015-10-27 16:26:57', 0, NULL, '0.000000', 0, 0, '090505980d292543449d3c7c5a2b28ad', NULL, 1, 0, 0, '2015-10-27 16:26:57', '2015-10-27 16:26:57', NULL),
(10, 1, 1, 2, 3, 1, 0, NULL, NULL, NULL, 'Flavia', 'Gonzalez', 'gflaviacg94@outlook.com', '535c775d3786a9a5324718a5dba06324', '2015-10-27 11:00:44', '1994-07-14', 0, NULL, '0000-00-00 00:00:00', 0, NULL, '0.000000', 0, 0, 'ac39c532f65681cbb4f16a91f8663eb1', NULL, 1, 0, 0, '2015-10-27 20:00:44', '2015-10-27 20:00:44', NULL);

-- --------------------------------------------------------

--
-- Estructura de tabla para la tabla `mto_manufacturer`
--

CREATE TABLE IF NOT EXISTS `mto_manufacturer` (
  `id_manufacturer` int(10) unsigned NOT NULL AUTO_INCREMENT,
  `name` varchar(64) NOT NULL,
  `date_add` datetime NOT NULL,
  `date_upd` datetime NOT NULL,
  `active` tinyint(1) NOT NULL DEFAULT '0',
  PRIMARY KEY (`id_manufacturer`)
) ENGINE=InnoDB  DEFAULT CHARSET=utf8 AUTO_INCREMENT=164 ;

--
-- Volcado de datos para la tabla `mto_manufacturer`
--

INSERT INTO `mto_manufacturer` (`id_manufacturer`, `name`, `date_add`, `date_upd`, `active`) VALUES
(1, 'Bangho', '2015-10-09 10:01:43', '2016-05-06 16:58:52', 1),
(2, 'Hp', '2015-10-09 10:01:43', '2016-05-06 16:58:52', 0),
(3, 'Sony', '2015-10-09 10:01:43', '2016-05-06 16:58:52', 1),
(4, 'Kodak', '2015-10-09 10:01:43', '2016-05-06 16:58:52', 1),
(5, 'Lg', '2015-10-09 10:01:44', '2016-05-06 16:58:52', 1),
(6, 'Samsung', '2015-10-09 10:01:44', '2016-05-06 16:58:52', 1),
(7, 'Eurocase', '2015-10-09 10:01:44', '2016-05-06 16:58:52', 1),
(8, 'Panasonic', '2015-10-09 10:01:44', '2016-05-06 16:58:52', 1),
(9, 'Nikon', '2015-10-09 10:01:44', '2016-05-06 16:58:52', 1),
(10, 'Genius', '2015-10-09 10:01:44', '2016-05-06 16:58:52', 1);

-- --------------------------------------------------------

--
-- Estructura de tabla para la tabla `mto_manufacturer_lang`
--

CREATE TABLE IF NOT EXISTS `mto_manufacturer_lang` (
  `id_manufacturer` int(10) unsigned NOT NULL,
  `id_lang` int(10) unsigned NOT NULL,
  `description` text,
  `short_description` text,
  `meta_title` varchar(128) DEFAULT NULL,
  `meta_keywords` varchar(255) DEFAULT NULL,
  `meta_description` varchar(255) DEFAULT NULL,
  PRIMARY KEY (`id_manufacturer`,`id_lang`)
) ENGINE=InnoDB DEFAULT CHARSET=utf8;

--
-- Volcado de datos para la tabla `mto_manufacturer_lang`
--

INSERT INTO `mto_manufacturer_lang` (`id_manufacturer`, `id_lang`, `description`, `short_description`, `meta_title`, `meta_keywords`, `meta_description`) VALUES
(1, 1, 'BANGHO', 'BANGHO', 'BANGHO', 'BANGHO', 'BANGHO'),
(2, 1, 'HP', 'HP', 'HP', 'HP', 'HP'),
(3, 1, 'SONY', 'SONY', 'SONY', 'SONY', 'SONY'),
(4, 1, 'KODAK', 'KODAK', 'KODAK', 'KODAK', 'KODAK'),
(5, 1, 'LG', 'LG', 'LG', 'LG', 'LG'),
(6, 1, 'SAMSUNG', 'SAMSUNG', 'SAMSUNG', 'SAMSUNG', 'SAMSUNG'),
(7, 1, 'EUROCASE', 'EUROCASE', 'EUROCASE', 'EUROCASE', 'EUROCASE'),
(8, 1, 'PANASONIC', 'PANASONIC', 'PANASONIC', 'PANASONIC', 'PANASONIC'),
(9, 1, 'NIKON', 'NIKON', 'NIKON', 'NIKON', 'NIKON'),
(10, 1, 'GENIUS', 'GENIUS', 'GENIUS', 'GENIUS', 'GENIUS'),
(11, 1, 'DATAVISION', 'DATAVISION', 'DATAVISION', 'DATAVISION', 'DATAVISION'),
(12, 1, 'MAXIMA', 'MAXIMA', 'MAXIMA', 'MAXIMA', 'MAXIMA'),
(13, 1, 'KWORLD', 'KWORLD', 'KWORLD', 'KWORLD', 'KWORLD'),
(14, 1, 'EPSON', 'EPSON', 'EPSON', 'EPSON', 'EPSON'),
(15, 1, 'MEMOX', 'MEMOX', 'MEMOX', 'MEMOX', 'MEMOX'),
(16, 1, 'BENQ', 'BENQ', 'BENQ', 'BENQ', 'BENQ'),
(17, 1, 'LO JACK', 'LO JACK', 'LO JACK', 'LO JACK', 'LO JACK'),
(18, 1, 'SIKRO', 'SIKRO', 'SIKRO', 'SIKRO', 'SIKRO'),
(19, 1, 'LINKSYS', 'LINKSYS', 'LINKSYS', 'LINKSYS', 'LINKSYS'),
(20, 1, 'D-LINK', 'D-LINK', 'D-LINK', 'D-LINK', 'D-LINK'),
(21, 1, 'KWORLD', 'KWORLD', 'KWORLD', 'KWORLD', 'KWORLD'),
(22, 1, 'NAKAN', 'NAKAN', 'NAKAN', 'NAKAN', 'NAKAN'),
(23, 1, 'KINGSTONE', 'KINGSTONE', 'KINGSTONE', 'KINGSTONE', 'KINGSTONE'),
(24, 1, 'TRANSCEND', 'TRANSCEND', 'TRANSCEND', 'TRANSCEND', 'TRANSCEND'),
(25, 1, 'OTROS', 'OTROS', 'OTROS', 'OTROS', 'OTROS'),
(26, 1, 'SHURE', 'SHURE', 'SHURE', 'SHURE', 'SHURE'),
(27, 1, 'LESEDIFE S.A.', 'LESEDIFE S.A.', 'LESEDIFE S.A.', 'LESEDIFE S.A.', 'LESEDIFE S.A.'),
(28, 1, 'ADVANTEK NETWORKS', 'ADVANTEK NETWORKS', 'ADVANTEK NETWORKS', 'ADVANTEK NETWORKS', 'ADVANTEK NETWORKS'),
(29, 1, 'HASAR', 'HASAR', 'HASAR', 'HASAR', 'HASAR'),
(30, 1, 'VAYAGER', 'VAYAGER', 'VAYAGER', 'VAYAGER', 'VAYAGER'),
(31, 1, 'CORSAIR', 'CORSAIR', 'CORSAIR', 'CORSAIR', 'CORSAIR'),
(32, 1, 'KODAK', 'KODAK', 'KODAK', 'KODAK', 'KODAK'),
(33, 1, 'ASUS', 'ASUS', 'ASUS', 'ASUS', 'ASUS'),
(34, 1, 'COMPAQ', 'COMPAQ', 'COMPAQ', 'COMPAQ', 'COMPAQ'),
(35, 1, 'ALCATEL', 'ALCATEL', 'ALCATEL', 'ALCATEL', 'ALCATEL'),
(36, 1, 'SSONY-ERICSSON', 'SSONY-ERICSSON', 'SSONY-ERICSSON', 'SSONY-ERICSSON', 'SSONY-ERICSSON'),
(37, 1, 'PERSONAL', 'PERSONAL', 'PERSONAL', 'PERSONAL', 'PERSONAL'),
(38, 1, 'DIGITAL PLAYER', 'DIGITAL PLAYER', 'DIGITAL PLAYER', 'DIGITAL PLAYER', 'DIGITAL PLAYER'),
(39, 1, 'DIGITAL BAG', 'DIGITAL BAG', 'DIGITAL BAG', 'DIGITAL BAG', 'DIGITAL BAG'),
(40, 1, 'MARKVISION', 'MARKVISION', 'MARKVISION', 'MARKVISION', 'MARKVISION'),
(41, 1, 'F&amp;K', 'F&amp;K', 'F&K', 'F&K', 'F&K'),
(42, 1, 'CX', 'CX', 'CX', 'CX', 'CX'),
(43, 1, 'GENERICA', 'GENERICA', 'GENERICA', 'GENERICA', 'GENERICA'),
(44, 1, 'WESTERN DIGITAL', 'WESTERN DIGITAL', 'WESTERN DIGITAL', 'WESTERN DIGITAL', 'WESTERN DIGITAL'),
(45, 1, 'ULTRAPORTABLE', 'ULTRAPORTABLE', 'ULTRAPORTABLE', 'ULTRAPORTABLE', 'ULTRAPORTABLE'),
(46, 1, 'OLTIX', 'OLTIX', 'OLTIX', 'OLTIX', 'OLTIX'),
(47, 1, 'PASSPORT', 'PASSPORT', 'PASSPORT', 'PASSPORT', 'PASSPORT'),
(48, 1, 'OLIVETTI', 'OLIVETTI', 'OLIVETTI', 'OLIVETTI', 'OLIVETTI'),
(49, 1, 'MICROSOFT', 'MICROSOFT', 'MICROSOFT', 'MICROSOFT', 'MICROSOFT'),
(50, 1, 'ENCORE', 'ENCORE', 'ENCORE', 'ENCORE', 'ENCORE'),
(51, 1, 'CONCEPT', 'CONCEPT', 'CONCEPT', 'CONCEPT', 'CONCEPT'),
(52, 1, 'ACER', 'ACER', 'ACER', 'ACER', 'ACER'),
(53, 1, 'TOSHIBA', 'TOSHIBA', 'TOSHIBA', 'TOSHIBA', 'TOSHIBA'),
(54, 1, '3COM', '3COM', '3COM', '3COM', '3COM'),
(55, 1, 'SURELECTRIC', 'SURELECTRIC', 'SURELECTRIC', 'SURELECTRIC', 'SURELECTRIC'),
(56, 1, 'LENOVO', 'LENOVO', 'LENOVO', 'LENOVO', 'LENOVO'),
(57, 1, 'MANHATTAN', 'MANHATTAN', 'MANHATTAN', 'MANHATTAN', 'MANHATTAN'),
(58, 1, 'LEXIBOOK', 'LEXIBOOK', 'LEXIBOOK', 'LEXIBOOK', 'LEXIBOOK'),
(59, 1, 'FLOW', 'FLOW', 'FLOW', 'FLOW', 'FLOW'),
(60, 1, 'CANON', 'CANON', 'CANON', 'CANON', 'CANON'),
(61, 1, 'DELL', 'DELL', 'DELL', 'DELL', 'DELL'),
(62, 1, 'NOBLEX', 'NOBLEX', 'NOBLEX', 'NOBLEX', 'NOBLEX'),
(63, 1, 'TRANSCEND', 'TRANSCEND', 'TRANSCEND', 'TRANSCEND', 'TRANSCEND'),
(64, 1, 'IOMEGA', 'IOMEGA', 'IOMEGA', 'IOMEGA', 'IOMEGA'),
(65, 1, 'MICROSOFT', 'MICROSOFT', 'MICROSOFT', 'MICROSOFT', 'MICROSOFT'),
(66, 1, 'THONET &amp; VANDER', 'THONET &amp; VANDER', 'THONET & VANDER', 'THONET & VANDER', 'THONET & VANDER'),
(67, 1, 'ELIFE', 'ELIFE', 'ELIFE', 'ELIFE', 'ELIFE'),
(68, 1, 'CISCO', 'CISCO', 'CISCO', 'CISCO', 'CISCO'),
(69, 1, 'IO24', 'IO24', 'IO24', 'IO24', 'IO24'),
(70, 1, 'NISUTA', 'NISUTA', 'NISUTA', 'NISUTA', 'NISUTA'),
(71, 1, 'CASE LOGIC', 'CASE LOGIC', 'CASE LOGIC', 'CASE LOGIC', 'CASE LOGIC'),
(72, 1, 'BGH', 'BGH', 'BGH', 'BGH', 'BGH'),
(73, 1, 'AOC', 'AOC', 'AOC', 'AOC', 'AOC'),
(74, 1, 'SAMSONITE', 'SAMSONITE', 'SAMSONITE', 'SAMSONITE', 'SAMSONITE'),
(75, 1, 'DREAD', 'DREAD', 'DREAD', 'DREAD', 'DREAD'),
(76, 1, 'NOGANET', 'NOGANET', 'NOGANET', 'NOGANET', 'NOGANET'),
(77, 1, 'TELEFUNKEN', 'TELEFUNKEN', 'TELEFUNKEN', 'TELEFUNKEN', 'TELEFUNKEN'),
(78, 1, 'GARMIN', 'GARMIN', 'GARMIN', 'GARMIN', 'GARMIN'),
(79, 1, 'TP-LINK', 'TP-LINK', 'TP-LINK', 'TP-LINK', 'TP-LINK'),
(80, 1, 'SHARK NET', 'SHARK NET', 'SHARK NET', 'SHARK NET', 'SHARK NET'),
(81, 1, 'WHISTLE', 'WHISTLE', 'WHISTLE', 'WHISTLE', 'WHISTLE'),
(82, 1, 'MAGNUMTECH', 'MAGNUMTECH', 'MAGNUMTECH', 'MAGNUMTECH', 'MAGNUMTECH'),
(83, 1, 'PHILIPS', 'PHILIPS', 'PHILIPS', 'PHILIPS', 'PHILIPS'),
(84, 1, 'NICOTRONIC', 'NICOTRONIC', 'NICOTRONIC', 'NICOTRONIC', 'NICOTRONIC'),
(85, 1, 'VERBATIM', 'VERBATIM', 'VERBATIM', 'VERBATIM', 'VERBATIM'),
(86, 1, 'KELLY', 'KELLY', 'KELLY', 'KELLY', 'KELLY'),
(87, 1, 'OCA', 'OCA', 'OCA', 'OCA', 'OCA'),
(88, 1, 'EACH', 'EACH', 'EACH', 'EACH', 'EACH'),
(89, 1, 'TITAN', 'TITAN', 'TITAN', 'TITAN', 'TITAN'),
(90, 1, 'POINT OF VIEW', 'POINT OF VIEW', 'POINT OF VIEW', 'POINT OF VIEW', 'POINT OF VIEW'),
(91, 1, 'OLYMPUS', 'OLYMPUS', 'OLYMPUS', 'OLYMPUS', 'OLYMPUS'),
(92, 1, 'SANDISK', 'SANDISK', 'SANDISK', 'SANDISK', 'SANDISK'),
(93, 1, 'NETSYS', 'NETSYS', 'NETSYS', 'NETSYS', 'NETSYS'),
(94, 1, 'HISENSE', 'HISENSE', 'HISENSE', 'HISENSE', 'HISENSE'),
(95, 1, 'HAVIT', 'HAVIT', 'HAVIT', 'HAVIT', 'HAVIT'),
(96, 1, 'GTC', 'GTC', 'GTC', 'GTC', 'GTC'),
(97, 1, 'MSI', 'MSI', 'MSI', 'MSI', 'MSI'),
(98, 1, 'MOTOROLA', 'MOTOROLA', 'MOTOROLA', 'MOTOROLA', 'MOTOROLA'),
(99, 1, 'LIKON', 'LIKON', 'LIKON', 'LIKON', 'LIKON'),
(100, 1, 'G-FAST', 'G-FAST', 'G-FAST', 'G-FAST', 'G-FAST'),
(101, 1, 'LOGITECH', 'LOGITECH', 'LOGITECH', 'LOGITECH', 'LOGITECH'),
(102, 1, 'NOKIA', 'NOKIA', 'NOKIA', 'NOKIA', 'NOKIA'),
(103, 1, 'SEAGATE', 'SEAGATE', 'SEAGATE', 'SEAGATE', 'SEAGATE'),
(104, 1, 'TRADER', 'TRADER', 'TRADER', 'TRADER', 'TRADER'),
(105, 1, 'HITACHI', 'HITACHI', 'HITACHI', 'HITACHI', 'HITACHI'),
(106, 1, 'ALASKA', 'ALASKA', 'ALASKA', 'ALASKA', 'ALASKA'),
(107, 1, 'BQ', 'BQ', 'BQ', 'BQ', 'BQ'),
(108, 1, 'ZTE', 'ZTE', 'ZTE', 'ZTE', 'ZTE'),
(109, 1, 'FEDDERS', 'FEDDERS', 'FEDDERS', 'FEDDERS', 'FEDDERS'),
(110, 1, 'KELYX', 'KELYX', 'KELYX', 'KELYX', 'KELYX'),
(111, 1, 'TOM TOM', 'TOM TOM', 'TOM TOM', 'TOM TOM', 'TOM TOM'),
(112, 1, 'DCELL', 'DCELL', 'DCELL', 'DCELL', 'DCELL'),
(113, 1, 'TCL', 'TCL', 'TCL', 'TCL', 'TCL'),
(114, 1, 'HUAWEI', 'HUAWEI', 'HUAWEI', 'HUAWEI', 'HUAWEI'),
(115, 1, 'PC BOX', 'PC BOX', 'PC BOX', 'PC BOX', 'PC BOX'),
(116, 1, 'DURACELL', 'DURACELL', 'DURACELL', 'DURACELL', 'DURACELL'),
(117, 1, 'PROBATTERY', 'PROBATTERY', 'PROBATTERY', 'PROBATTERY', 'PROBATTERY'),
(118, 1, 'BROTHER', 'BROTHER', 'BROTHER', 'BROTHER', 'BROTHER'),
(119, 1, 'OPTIGUARD', 'OPTIGUARD', 'OPTIGUARD', 'OPTIGUARD', 'OPTIGUARD'),
(120, 1, 'CANYON', 'CANYON', 'CANYON', 'CANYON', 'CANYON'),
(121, 1, 'BLACKBERRY', 'BLACKBERRY', 'BLACKBERRY', 'BLACKBERRY', 'BLACKBERRY'),
(122, 1, 'MAENI', 'MAENI', 'MAENI', 'MAENI', 'MAENI'),
(123, 1, 'SHENZHEN FUJIA', 'SHENZHEN FUJIA', 'SHENZHEN FUJIA', 'SHENZHEN FUJIA', 'SHENZHEN FUJIA'),
(124, 1, 'ZTE', 'ZTE', 'ZTE', 'ZTE', 'ZTE'),
(125, 1, 'ZURICH', 'ZURICH', 'ZURICH', 'ZURICH', 'ZURICH'),
(126, 1, 'DVE', 'DVE', 'DVE', 'DVE', 'DVE'),
(127, 1, 'ADATA', 'ADATA', 'ADATA', 'ADATA', 'ADATA'),
(128, 1, 'PANACOM', 'PANACOM', 'PANACOM', 'PANACOM', 'PANACOM'),
(129, 1, 'COBY', 'COBY', 'COBY', 'COBY', 'COBY'),
(130, 1, 'EDIFIER', 'EDIFIER', 'EDIFIER', 'EDIFIER', 'EDIFIER'),
(131, 1, 'GENERAL ELECTRIC', 'GENERAL ELECTRIC', 'GENERAL ELECTRIC', 'GENERAL ELECTRIC', 'GENERAL ELECTRIC'),
(132, 1, 'JVC', 'JVC', 'JVC', 'JVC', 'JVC'),
(133, 1, 'SANYO', 'SANYO', 'SANYO', 'SANYO', 'SANYO'),
(134, 1, 'SANYO', 'SANYO', 'SANYO', 'SANYO', 'SANYO'),
(135, 1, 'ORMAY', 'ORMAY', 'ORMAY', 'ORMAY', 'ORMAY'),
(136, 1, 'TRENDNET', 'TRENDNET', 'TRENDNET', 'TRENDNET', 'TRENDNET'),
(137, 1, 'MICROLAB', 'MICROLAB', 'MICROLAB', 'MICROLAB', 'MICROLAB'),
(138, 1, 'TRANE', 'TRANE', 'TRANE', 'TRANE', 'TRANE'),
(139, 1, 'ATMA', 'ATMA', 'ATMA', 'ATMA', 'ATMA'),
(140, 1, 'OSTER', 'OSTER', 'OSTER', 'OSTER', 'OSTER'),
(141, 1, 'MABE', 'MABE', 'MABE', 'MABE', 'MABE'),
(142, 1, 'PHILCO', 'PHILCO', 'PHILCO', 'PHILCO', 'PHILCO'),
(143, 1, 'PATRICK', 'PATRICK', 'PATRICK', 'PATRICK', 'PATRICK'),
(144, 1, 'ORBIS', 'ORBIS', 'ORBIS', 'ORBIS', 'ORBIS'),
(145, 1, 'RDI', 'RDI', 'RDI', 'RDI', 'RDI'),
(146, 1, 'TRV', 'TRV', 'TRV', 'TRV', 'TRV'),
(147, 1, 'X-VIEW', 'X-VIEW', 'X-VIEW', 'X-VIEW', 'X-VIEW'),
(148, 1, 'XEROX', 'XEROX', 'XEROX', 'XEROX', 'XEROX'),
(149, 1, 'RANSER', 'RANSER', 'RANSER', 'RANSER', 'RANSER'),
(150, 1, 'ECOTERMO', 'ECOTERMO', 'ECOTERMO', 'ECOTERMO', 'ECOTERMO'),
(151, 1, '', '', '', '', ''),
(152, 1, 'VOLCAN', 'VOLCAN', 'VOLCAN', 'VOLCAN', 'VOLCAN'),
(153, 1, 'PEABODY', 'PEABODY', 'PEABODY', 'PEABODY', 'PEABODY'),
(154, 1, 'ESOPORTER', 'ESOPORTER', 'ESOPORTER', 'ESOPORTER', 'ESOPORTER'),
(155, 1, 'SINGER', 'SINGER', 'SINGER', 'SINGER', 'SINGER'),
(156, 1, 'SIAM', 'SIAM', 'SIAM', 'SIAM', 'SIAM'),
(157, 1, 'EVEREST', 'EVEREST', 'EVEREST', 'EVEREST', 'EVEREST'),
(158, 1, 'CRIVEL', 'CRIVEL', 'CRIVEL', 'CRIVEL', 'CRIVEL'),
(159, 1, 'MOULINEX', 'MOULINEX', 'MOULINEX', 'MOULINEX', 'MOULINEX'),
(160, 1, 'FLORENCIA', 'FLORENCIA', 'FLORENCIA', 'FLORENCIA', 'FLORENCIA'),
(161, 1, 'EXO', 'EXO', 'EXO', 'EXO', 'EXO'),
(162, 1, 'WINE COLLECTION', 'WINE COLLECTION', 'WINE COLLECTION', 'WINE COLLECTION', 'WINE COLLECTION'),
(163, 1, 'GAFA', 'GAFA', 'GAFA', 'GAFA', 'GAFA');

-- --------------------------------------------------------

--
-- Estructura de tabla para la tabla `mto_product`
--

CREATE TABLE IF NOT EXISTS `mto_product` (
  `id_product` int(10) unsigned NOT NULL AUTO_INCREMENT,
  `id_currency` int(10) unsigned DEFAULT NULL,
  `id_manufacturer` int(10) unsigned DEFAULT NULL,
  `id_category_default` int(10) unsigned DEFAULT NULL,
  `id_shop_default` int(10) unsigned NOT NULL DEFAULT '1',
  `id_tax_rules_group` int(11) unsigned NOT NULL,
  `on_sale` tinyint(1) unsigned NOT NULL DEFAULT '0',
  `online_only` tinyint(1) unsigned NOT NULL DEFAULT '0',
  `ean13` varchar(13) DEFAULT NULL,
  `upc` varchar(12) DEFAULT NULL,
  `ecotax` decimal(17,6) NOT NULL DEFAULT '0.000000',
  `quantity` int(10) NOT NULL DEFAULT '0',
  `minimal_quantity` int(10) unsigned NOT NULL DEFAULT '1',
  `price` decimal(20,6) NOT NULL DEFAULT '0.000000',
  `wholesale_price` decimal(20,6) NOT NULL DEFAULT '0.000000',
  `unity` varchar(255) DEFAULT NULL,
  `unit_price_ratio` decimal(20,6) NOT NULL DEFAULT '0.000000',
  `additional_shipping_cost` decimal(20,2) NOT NULL DEFAULT '0.00',
  `reference` varchar(32) DEFAULT NULL,
  `supplier_reference` varchar(32) DEFAULT NULL,
  `location` varchar(64) DEFAULT NULL,
  `width` decimal(20,6) NOT NULL DEFAULT '0.000000',
  `height` decimal(20,6) NOT NULL DEFAULT '0.000000',
  `depth` decimal(20,6) NOT NULL DEFAULT '0.000000',
  `weight` decimal(20,6) NOT NULL DEFAULT '0.000000',
  `out_of_stock` int(10) unsigned NOT NULL DEFAULT '2',
  `quantity_discount` tinyint(1) DEFAULT '0',
  `customizable` tinyint(2) NOT NULL DEFAULT '0',
  `uploadable_files` tinyint(4) NOT NULL DEFAULT '0',
  `text_fields` tinyint(4) NOT NULL DEFAULT '0',
  `active` tinyint(1) unsigned NOT NULL DEFAULT '0',
  `redirect_type` enum('','404','301','302') NOT NULL DEFAULT '',
  `id_product_redirected` int(10) unsigned NOT NULL DEFAULT '0',
  `available_for_order` tinyint(1) NOT NULL DEFAULT '1',
  `available_date` date NOT NULL DEFAULT '0000-00-00',
  `condition` enum('new','used','refurbished') NOT NULL DEFAULT 'new',
  `show_price` tinyint(1) NOT NULL DEFAULT '1',
  `indexed` tinyint(1) NOT NULL DEFAULT '0',
  `visibility` enum('both','catalog','search','none') NOT NULL DEFAULT 'both',
  `cache_is_pack` tinyint(1) NOT NULL DEFAULT '0',
  `cache_has_attachments` tinyint(1) NOT NULL DEFAULT '0',
  `is_virtual` tinyint(1) NOT NULL DEFAULT '0',
  `cache_default_attribute` int(10) unsigned DEFAULT NULL,
  `date_add` datetime NOT NULL,
  `date_upd` datetime NOT NULL,
  `advanced_stock_management` tinyint(1) NOT NULL DEFAULT '0',
  `pack_stock_type` int(11) unsigned NOT NULL DEFAULT '3',
  `meli_data` text,
  PRIMARY KEY (`id_product`),
  KEY `product_supplier` (`id_currency`),
  KEY `product_manufacturer` (`id_manufacturer`),
  KEY `id_category_default` (`id_category_default`),
  KEY `indexed` (`indexed`),
  KEY `date_add` (`date_add`)
) ENGINE=InnoDB  DEFAULT CHARSET=utf8 AUTO_INCREMENT=984 ;

--
-- Volcado de datos para la tabla `mto_product`
--

INSERT INTO `mto_product` (`id_product`, `id_currency`, `id_manufacturer`, `id_category_default`, `id_shop_default`, `id_tax_rules_group`, `on_sale`, `online_only`, `ean13`, `upc`, `ecotax`, `quantity`, `minimal_quantity`, `price`, `wholesale_price`, `unity`, `unit_price_ratio`, `additional_shipping_cost`, `reference`, `supplier_reference`, `location`, `width`, `height`, `depth`, `weight`, `out_of_stock`, `quantity_discount`, `customizable`, `uploadable_files`, `text_fields`, `active`, `redirect_type`, `id_product_redirected`, `available_for_order`, `available_date`, `condition`, `show_price`, `indexed`, `visibility`, `cache_is_pack`, `cache_has_attachments`, `is_virtual`, `cache_default_attribute`, `date_add`, `date_upd`, `advanced_stock_management`, `pack_stock_type`, `meli_data`) VALUES
(1, 1, 1, 303, 1, 1, 0, 0, '', '', '0.000000', 0, 1, '7097.230000', '7097.230000', '', '0.000000', '0.00', 'TRANE2500FC', '', '', '0.000000', '0.000000', '0.000000', '0.000000', 2, 0, 0, 0, 0, 0, '', 0, 1, '0000-00-00', 'new', 1, 0, 'both', 0, 0, 0, 0, '2015-10-09 10:01:52', '2016-05-12 09:56:58', 0, 3, NULL),
(2, 1, 1, 303, 1, 1, 0, 0, '', '', '0.000000', 0, 1, '20661.160000', '20661.160000', '', '0.000000', '0.00', 'HSB6300FC', '', '', '0.000000', '0.000000', '0.000000', '0.000000', 2, 0, 0, 0, 0, 0, '', 0, 1, '0000-00-00', 'new', 1, 0, 'both', 0, 0, 0, 0, '2015-10-09 10:01:53', '2016-05-12 09:56:58', 0, 3, NULL),
(3, 1, 3, 304, 1, 1, 0, 0, '', '', '0.000000', 0, 0, '7933.060000', '7933.060000', '', '0.000000', '0.00', 'TACA3200NB', '', '', '0.000000', '0.000000', '0.000000', '0.000000', 2, 0, 0, 0, 0, 0, '404', 0, 1, '0000-00-00', 'new', 1, 0, 'both', 0, 0, 0, 0, '2015-10-09 10:01:54', '2016-05-12 09:56:59', 0, 3, NULL),
(4, 1, 4, 304, 1, 1, 0, 0, '', '', '0.000000', 0, 1, '7023.970000', '7023.970000', '', '0.000000', '0.00', 'TACA3200SENSE', '', '', '0.000000', '0.000000', '0.000000', '0.000000', 2, 0, 0, 0, 0, 0, '404', 0, 1, '0000-00-00', 'new', 1, 0, 'both', 0, 0, 0, 0, '2015-10-09 10:01:55', '2016-05-12 09:56:59', 0, 3, NULL),
(5, 1, 5, 304, 1, 1, 0, 0, '', '', '0.000000', 0, 1, '8098.350000', '8098.350000', '', '0.000000', '0.00', 'TACA3200SENSEFC', '', '', '0.000000', '0.000000', '0.000000', '0.000000', 2, 0, 0, 0, 0, 0, '404', 0, 1, '0000-00-00', 'new', 1, 0, 'both', 0, 0, 0, 0, '2015-10-09 10:01:55', '2016-05-20 23:33:15', 0, 3, NULL),
(6, 1, 6, 304, 1, 1, 0, 0, '', '', '0.000000', 0, 1, '9498.290000', '9498.290000', '', '0.000000', '0.00', '02017', '', '', '0.000000', '0.000000', '0.000000', '0.000000', 2, 0, 0, 0, 0, 0, '', 0, 1, '0000-00-00', 'new', 1, 0, 'both', 0, 0, 0, 0, '2015-10-09 10:01:55', '2016-05-12 09:57:00', 0, 3, NULL),
(7, 1, 7, 305, 1, 1, 0, 0, '', '', '0.000000', 0, 1, '11867.340000', '11867.340000', '', '0.000000', '0.00', 'TACA5000NB', '', '', '0.000000', '0.000000', '0.000000', '0.000000', 2, 0, 0, 0, 0, 0, '404', 0, 1, '0000-00-00', 'new', 1, 0, 'both', 0, 0, 0, 0, '2015-10-09 10:01:56', '2016-05-12 09:57:00', 0, 3, NULL),
(8, 1, 8, 302, 1, 1, 0, 0, '', '', '0.000000', 0, 1, '12395.870000', '12395.870000', '', '0.000000', '0.00', 'TACA6300SENSEFC', '', '', '0.000000', '0.000000', '0.000000', '0.000000', 2, 0, 0, 0, 0, 0, '404', 0, 1, '0000-00-00', 'new', 1, 0, 'both', 0, 0, 0, 0, '2015-10-09 10:01:56', '2016-05-12 09:57:00', 0, 3, NULL),
(9, 1, 9, 306, 1, 1, 0, 0, '', '', '0.000000', 0, 1, '763.230000', '763.230000', '', '0.000000', '0.00', 'PAVA1.8', '', '', '0.000000', '0.000000', '0.000000', '0.000000', 2, 0, 0, 0, 0, 0, '', 0, 1, '0000-00-00', 'new', 1, 0, 'both', 0, 0, 0, 0, '2015-10-09 10:01:56', '2015-12-18 10:57:04', 0, 3, NULL),
(10, 1, 10, 334, 1, 2, 0, 0, '', '', '0.000000', 0, 1, '14478.730000', '14478.730000', '', '0.000000', '0.00', 'G01-I5F', '', '', '0.000000', '0.000000', '0.000000', '0.000000', 2, 0, 0, 0, 0, 0, '404', 0, 1, '0000-00-00', 'new', 1, 0, 'both', 0, 0, 0, 0, '2015-10-09 12:31:28', '2016-06-26 00:00:45', 0, 3, NULL);

-- --------------------------------------------------------

--
-- Estructura de tabla para la tabla `mto_product_lang`
--

CREATE TABLE IF NOT EXISTS `mto_product_lang` (
  `id_product` int(10) unsigned NOT NULL,
  `id_shop` int(11) unsigned NOT NULL DEFAULT '1',
  `id_lang` int(10) unsigned NOT NULL,
  `description` text,
  `description_short` text,
  `link_rewrite` varchar(128) NOT NULL,
  `meta_description` varchar(255) DEFAULT NULL,
  `meta_keywords` varchar(255) DEFAULT NULL,
  `meta_title` varchar(128) DEFAULT NULL,
  `name` varchar(128) NOT NULL,
  `available_now` varchar(255) DEFAULT NULL,
  `available_later` varchar(255) DEFAULT NULL,
  PRIMARY KEY (`id_product`,`id_shop`,`id_lang`),
  KEY `id_lang` (`id_lang`),
  KEY `name` (`name`)
) ENGINE=InnoDB DEFAULT CHARSET=utf8;

--
-- Volcado de datos para la tabla `mto_product_lang`
--

INSERT INTO `mto_product_lang` (`id_product`, `id_shop`, `id_lang`, `description`, `description_short`, `link_rewrite`, `meta_description`, `meta_keywords`, `meta_title`, `name`, `available_now`, `available_later`) VALUES
(1, 1, 1, '', 'Aires Acondicionados Split 2500w Frio Calor  Bajo Consumo  Super Silencioso Control Remoto Multifuncion Eliminacion De Humedad\n Funcion Sleep Garantia 1 Ano', 'aire-acondicionado-split-2500w-frio-calor-gas-r22-funcion-sleep-funcion-inteligente-enfriamiento-rapido-auto-restart-fi', '', '', '', 'Aire Acondicionado Split 2500w  Frio Calor Gas R22  Funcion Sleep  Funcion Inteligente  Enfriamiento Rapido  Auto Restart  Fi', '', ''),
(1, 2, 1, '', 'Aires Acondicionados Split 2500w Frio Calor  Bajo Consumo  Super Silencioso Control Remoto Multifuncion Eliminacion De Humedad\n Funcion Sleep Garantia 1 Ano', 'aire-acondicionado-split-2500w-frio-calor-gas-r22-funcion-sleep-funcion-inteligente-enfriamiento-rapido-auto-restart-fi', '', '', '', 'Aire Acondicionado Split 2500w  Frio Calor Gas R22  Funcion Sleep  Funcion Inteligente  Enfriamiento Rapido  Auto Restart  Fi', '', ''),
(1, 3, 1, '', 'Aires Acondicionados Split 2500w Frio Calor  Bajo Consumo  Super Silencioso Control Remoto Multifuncion Eliminacion De Humedad\n Funcion Sleep Garantia 1 Ano', 'aire-acondicionado-split-2500w-frio-calor-gas-r22-funcion-sleep-funcion-inteligente-enfriamiento-rapido-auto-restart-fi', '', '', '', 'Aire Acondicionado Split 2500w  Frio Calor Gas R22  Funcion Sleep  Funcion Inteligente  Enfriamiento Rapido  Auto Restart  Fi', '', ''),
(1, 4, 1, '', 'Aires Acondicionados Split 2500w Frio Calor  Bajo Consumo  Super Silencioso Control Remoto Multifuncion Eliminacion De Humedad\n Funcion Sleep Garantia 1 Ano', 'aire-acondicionado-split-2500w-frio-calor-gas-r22-funcion-sleep-funcion-inteligente-enfriamiento-rapido-auto-restart-fi', '', '', '', 'Aire Acondicionado Split 2500w  Frio Calor Gas R22  Funcion Sleep  Funcion Inteligente  Enfriamiento Rapido  Auto Restart  Fi', '', ''),
(1, 5, 1, '', 'Aires Acondicionados Split 2500w Frio Calor  Bajo Consumo  Super Silencioso Control Remoto Multifuncion Eliminacion De Humedad\n Funcion Sleep Garantia 1 Ano', 'aire-acondicionado-split-2500w-frio-calor-gas-r22-funcion-sleep-funcion-inteligente-enfriamiento-rapido-auto-restart-fi', '', '', '', 'Aire Acondicionado Split 2500w  Frio Calor Gas R22  Funcion Sleep  Funcion Inteligente  Enfriamiento Rapido  Auto Restart  Fi', '', ''),
(1, 6, 1, '', 'Aires Acondicionados Split 2500w Frio Calor  Bajo Consumo  Super Silencioso Control Remoto Multifuncion Eliminacion De Humedad\n Funcion Sleep Garantia 1 Ano', 'aire-acondicionado-split-2500w-frio-calor-gas-r22-funcion-sleep-funcion-inteligente-enfriamiento-rapido-auto-restart-fi', '', '', '', 'Aire Acondicionado Split 2500w  Frio Calor Gas R22  Funcion Sleep  Funcion Inteligente  Enfriamiento Rapido  Auto Restart  Fi', '', ''),
(1, 7, 1, '', 'Aires Acondicionados Split 2500w Frio Calor  Bajo Consumo  Super Silencioso Control Remoto Multifuncion Eliminacion De Humedad\n Funcion Sleep Garantia 1 Ano', 'aire-acondicionado-split-2500w-frio-calor-gas-r22-funcion-sleep-funcion-inteligente-enfriamiento-rapido-auto-restart-fi', '', '', '', 'Aire Acondicionado Split 2500w  Frio Calor Gas R22  Funcion Sleep  Funcion Inteligente  Enfriamiento Rapido  Auto Restart  Fi', '', ''),
(1, 8, 1, '', 'Aires Acondicionados Split 2500w Frio Calor  Bajo Consumo  Super Silencioso Control Remoto Multifuncion Eliminacion De Humedad\n Funcion Sleep Garantia 1 Ano', 'aire-acondicionado-split-2500w-frio-calor-gas-r22-funcion-sleep-funcion-inteligente-enfriamiento-rapido-auto-restart-fi', '', '', '', 'Aire Acondicionado Split 2500w  Frio Calor Gas R22  Funcion Sleep  Funcion Inteligente  Enfriamiento Rapido  Auto Restart  Fi', '', ''),
(2, 1, 1, '', 'Aires Acondicionados Split 2500w Frio Calor  Bajo Consumo  Super Silencioso Control Remoto Multifuncion Eliminacion De Humedad\n Funcion Sleep Garantia 1 Ano', 'aire-acondicionado-6300w', '', '', '', 'Aire Acondicionado 6300w', '', ''),
(2, 2, 1, '', 'Aires Acondicionados Split 2500w Frio Calor  Bajo Consumo  Super Silencioso Control Remoto Multifuncion Eliminacion De Humedad\n Funcion Sleep Garantia 1 Ano', 'aire-acondicionado-6300w', '', '', '', 'Aire Acondicionado 6300w', '', ''),
(2, 3, 1, '', 'Aires Acondicionados Split 2500w Frio Calor  Bajo Consumo  Super Silencioso Control Remoto Multifuncion Eliminacion De Humedad\n Funcion Sleep Garantia 1 Ano', 'aire-acondicionado-6300w', '', '', '', 'Aire Acondicionado 6300w', '', ''),
(2, 4, 1, '', 'Aires Acondicionados Split 2500w Frio Calor  Bajo Consumo  Super Silencioso Control Remoto Multifuncion Eliminacion De Humedad\n Funcion Sleep Garantia 1 Ano', 'aire-acondicionado-6300w', '', '', '', 'Aire Acondicionado 6300w', '', ''),
(2, 5, 1, '', 'Aires Acondicionados Split 2500w Frio Calor  Bajo Consumo  Super Silencioso Control Remoto Multifuncion Eliminacion De Humedad\n Funcion Sleep Garantia 1 Ano', 'aire-acondicionado-6300w', '', '', '', 'Aire Acondicionado 6300w', '', ''),
(2, 6, 1, '', 'Aires Acondicionados Split 2500w Frio Calor  Bajo Consumo  Super Silencioso Control Remoto Multifuncion Eliminacion De Humedad\n Funcion Sleep Garantia 1 Ano', 'aire-acondicionado-6300w', '', '', '', 'Aire Acondicionado 6300w', '', ''),
(2, 7, 1, '', 'Aires Acondicionados Split 2500w Frio Calor  Bajo Consumo  Super Silencioso Control Remoto Multifuncion Eliminacion De Humedad\n Funcion Sleep Garantia 1 Ano', 'aire-acondicionado-6300w', '', '', '', 'Aire Acondicionado 6300w', '', ''),
(2, 8, 1, '', 'Aires Acondicionados Split 2500w Frio Calor  Bajo Consumo  Super Silencioso Control Remoto Multifuncion Eliminacion De Humedad\n Funcion Sleep Garantia 1 Ano', 'aire-acondicionado-6300w', '', '', '', 'Aire Acondicionado 6300w', '', ''),
(3, 1, 1, '<p><strong><a class="btn btn-default" href="http://www.elaireacondicionado.com/calcular-frigorias-aire-acondicionado" target="_blank">¿CUANTAS FRIGORÍAS NECESITO?</a></strong></p>\n<p><strong>Características y funciones</strong></p>\n<div>\n<ul><li>Filtros de Carbón activado.</li>\n<li>Función Auto Diagnosis y función Auto protección.</li>\n<li>Tecnología GoldFin,</li>\n<li>Función Sleep en Calor.</li>\n<li>Función Temporizador .</li>\n<li>Unidades Silenciosas,</li>\n<li>Filtros lavables removibles.</li>\n<li>Función Anti-aire frío en los modelos de calor.</li>\n<li>Control Remoto Completo.</li>\n<li>Función Auto Diagnosis y función Auto protección.</li>\n<li>Tecnología GoldFin.</li>\n<li>Función Sleep en Calor.</li>\n<li>Función Temporizador.</li>\n<li>Unidades Silenciosas.</li>\n<li>Filtros lavables removibles.</li>\n<li>Función Anti-aire frío en los modelos de calor.</li>\n<li>Control Remoto Completo.</li>\n</ul></div>\n<div><strong>Dimensiones y peso:</strong></div>\n<div>U. Interior 770x240x180 mm./ 8 kg</div>\n<div>U. Exterior 760x552x256 mm./31 kg.</div>\n<div>Letra  de eficiencia energética “A”</div>\n<div>Equivalencia en Frigorias(aprox); 2.750</div>', 'Aire Acondicionado Split 3200w Frio   Calor Nuevo Gas Ecologico R410 Eficiencia Energetica A  Funcion Sleep  Funcion Inteligente  Enfriamiento Rapido  Auto Restart  Filtro Lavable Garantia 12 Meses', 'tcl-natural-breeze-split-3200w-frio-calor', 'aire acondicionado bajo consumo, aire acondicionado TCL, tcl natural breeze,aire acondicionado cordoba,aire acondicionado en cuotas, aire acondicionado barato', '', 'Aire acondicionado,aire splt,aire acondicionado cordoba, art cool LG', 'Tcl Natural Breeze Split 3200w Frio Calor ', '', ''),
(3, 2, 1, '<p><strong><a class="btn btn-default" href="http://www.elaireacondicionado.com/calcular-frigorias-aire-acondicionado" target="_blank">¿CUANTAS FRIGORÍAS NECESITO?</a></strong></p>\n<p><strong>Características y funciones</strong></p>\n<div>\n<ul><li>Filtros de Carbón activado.</li>\n<li>Función Auto Diagnosis y función Auto protección.</li>\n<li>Tecnología GoldFin,</li>\n<li>Función Sleep en Calor.</li>\n<li>Función Temporizador .</li>\n<li>Unidades Silenciosas,</li>\n<li>Filtros lavables removibles.</li>\n<li>Función Anti-aire frío en los modelos de calor.</li>\n<li>Control Remoto Completo.</li>\n<li>Función Auto Diagnosis y función Auto protección.</li>\n<li>Tecnología GoldFin.</li>\n<li>Función Sleep en Calor.</li>\n<li>Función Temporizador.</li>\n<li>Unidades Silenciosas.</li>\n<li>Filtros lavables removibles.</li>\n<li>Función Anti-aire frío en los modelos de calor.</li>\n<li>Control Remoto Completo.</li>\n</ul></div>\n<div><strong>Dimensiones y peso:</strong></div>\n<div>U. Interior 770x240x180 mm./ 8 kg</div>\n<div>U. Exterior 760x552x256 mm./31 kg.</div>\n<div>Letra  de eficiencia energética “A”</div>\n<div>Equivalencia en Frigorias(aprox); 2.750</div>', 'Aire Acondicionado Split 3200w Frio   Calor Nuevo Gas Ecologico R410 Eficiencia Energetica A  Funcion Sleep  Funcion Inteligente  Enfriamiento Rapido  Auto Restart  Filtro Lavable Garantia 12 Meses', 'tcl-natural-breeze-split-3200w-frio-calor', 'aire acondicionado bajo consumo, aire acondicionado TCL, tcl natural breeze,aire acondicionado cordoba,aire acondicionado en cuotas, aire acondicionado barato', '', 'Aire acondicionado,aire splt,aire acondicionado cordoba, art cool LG', 'Tcl Natural Breeze Split 3200w Frio Calor ', '', ''),
(3, 3, 1, '<p><strong><a class="btn btn-default" href="http://www.elaireacondicionado.com/calcular-frigorias-aire-acondicionado" target="_blank">¿CUANTAS FRIGORÍAS NECESITO?</a></strong></p>\n<p><strong>Características y funciones</strong></p>\n<div>\n<ul><li>Filtros de Carbón activado.</li>\n<li>Función Auto Diagnosis y función Auto protección.</li>\n<li>Tecnología GoldFin,</li>\n<li>Función Sleep en Calor.</li>\n<li>Función Temporizador .</li>\n<li>Unidades Silenciosas,</li>\n<li>Filtros lavables removibles.</li>\n<li>Función Anti-aire frío en los modelos de calor.</li>\n<li>Control Remoto Completo.</li>\n<li>Función Auto Diagnosis y función Auto protección.</li>\n<li>Tecnología GoldFin.</li>\n<li>Función Sleep en Calor.</li>\n<li>Función Temporizador.</li>\n<li>Unidades Silenciosas.</li>\n<li>Filtros lavables removibles.</li>\n<li>Función Anti-aire frío en los modelos de calor.</li>\n<li>Control Remoto Completo.</li>\n</ul></div>\n<div><strong>Dimensiones y peso:</strong></div>\n<div>U. Interior 770x240x180 mm./ 8 kg</div>\n<div>U. Exterior 760x552x256 mm./31 kg.</div>\n<div>Letra  de eficiencia energética “A”</div>\n<div>Equivalencia en Frigorias(aprox); 2.750</div>', 'Aire Acondicionado Split 3200w Frio   Calor Nuevo Gas Ecologico R410 Eficiencia Energetica A  Funcion Sleep  Funcion Inteligente  Enfriamiento Rapido  Auto Restart  Filtro Lavable Garantia 12 Meses', 'tcl-natural-breeze-split-3200w-frio-calor', 'aire acondicionado bajo consumo, aire acondicionado TCL, tcl natural breeze,aire acondicionado cordoba,aire acondicionado en cuotas, aire acondicionado barato', '', 'Aire acondicionado,aire splt,aire acondicionado cordoba, art cool LG', 'Tcl Natural Breeze Split 3200w Frio Calor ', '', ''),
(3, 4, 1, '<p><strong><a class="btn btn-default" href="http://www.elaireacondicionado.com/calcular-frigorias-aire-acondicionado" target="_blank">¿CUANTAS FRIGORÍAS NECESITO?</a></strong></p>\n<p><strong>Características y funciones</strong></p>\n<div>\n<ul><li>Filtros de Carbón activado.</li>\n<li>Función Auto Diagnosis y función Auto protección.</li>\n<li>Tecnología GoldFin,</li>\n<li>Función Sleep en Calor.</li>\n<li>Función Temporizador .</li>\n<li>Unidades Silenciosas,</li>\n<li>Filtros lavables removibles.</li>\n<li>Función Anti-aire frío en los modelos de calor.</li>\n<li>Control Remoto Completo.</li>\n<li>Función Auto Diagnosis y función Auto protección.</li>\n<li>Tecnología GoldFin.</li>\n<li>Función Sleep en Calor.</li>\n<li>Función Temporizador.</li>\n<li>Unidades Silenciosas.</li>\n<li>Filtros lavables removibles.</li>\n<li>Función Anti-aire frío en los modelos de calor.</li>\n<li>Control Remoto Completo.</li>\n</ul></div>\n<div><strong>Dimensiones y peso:</strong></div>\n<div>U. Interior 770x240x180 mm./ 8 kg</div>\n<div>U. Exterior 760x552x256 mm./31 kg.</div>\n<div>Letra  de eficiencia energética “A”</div>\n<div>Equivalencia en Frigorias(aprox); 2.750</div>', 'Aire Acondicionado Split 3200w Frio   Calor Nuevo Gas Ecologico R410 Eficiencia Energetica A  Funcion Sleep  Funcion Inteligente  Enfriamiento Rapido  Auto Restart  Filtro Lavable Garantia 12 Meses', 'tcl-natural-breeze-split-3200w-frio-calor', 'aire acondicionado bajo consumo, aire acondicionado TCL, tcl natural breeze,aire acondicionado cordoba,aire acondicionado en cuotas, aire acondicionado barato', '', 'Aire acondicionado,aire splt,aire acondicionado cordoba, art cool LG', 'Tcl Natural Breeze Split 3200w Frio Calor ', '', ''),
(3, 5, 1, '<p><strong><a class="btn btn-default" href="http://www.elaireacondicionado.com/calcular-frigorias-aire-acondicionado" target="_blank">¿CUANTAS FRIGORÍAS NECESITO?</a></strong></p>\n<p><strong>Características y funciones</strong></p>\n<div>\n<ul><li>Filtros de Carbón activado.</li>\n<li>Función Auto Diagnosis y función Auto protección.</li>\n<li>Tecnología GoldFin,</li>\n<li>Función Sleep en Calor.</li>\n<li>Función Temporizador .</li>\n<li>Unidades Silenciosas,</li>\n<li>Filtros lavables removibles.</li>\n<li>Función Anti-aire frío en los modelos de calor.</li>\n<li>Control Remoto Completo.</li>\n<li>Función Auto Diagnosis y función Auto protección.</li>\n<li>Tecnología GoldFin.</li>\n<li>Función Sleep en Calor.</li>\n<li>Función Temporizador.</li>\n<li>Unidades Silenciosas.</li>\n<li>Filtros lavables removibles.</li>\n<li>Función Anti-aire frío en los modelos de calor.</li>\n<li>Control Remoto Completo.</li>\n</ul></div>\n<div><strong>Dimensiones y peso:</strong></div>\n<div>U. Interior 770x240x180 mm./ 8 kg</div>\n<div>U. Exterior 760x552x256 mm./31 kg.</div>\n<div>Letra  de eficiencia energética “A”</div>\n<div>Equivalencia en Frigorias(aprox); 2.750</div>', 'Aire Acondicionado Split 3200w Frio   Calor Nuevo Gas Ecologico R410 Eficiencia Energetica A  Funcion Sleep  Funcion Inteligente  Enfriamiento Rapido  Auto Restart  Filtro Lavable Garantia 12 Meses', 'tcl-natural-breeze-split-3200w-frio-calor', 'aire acondicionado bajo consumo, aire acondicionado TCL, tcl natural breeze,aire acondicionado cordoba,aire acondicionado en cuotas, aire acondicionado barato', '', 'Aire acondicionado,aire splt,aire acondicionado cordoba, art cool LG', 'Tcl Natural Breeze Split 3200w Frio Calor ', '', ''),
(3, 6, 1, '<p><strong><a class="btn btn-default" href="http://www.elaireacondicionado.com/calcular-frigorias-aire-acondicionado" target="_blank">¿CUANTAS FRIGORÍAS NECESITO?</a></strong></p>\n<p><strong>Características y funciones</strong></p>\n<div>\n<ul><li>Filtros de Carbón activado.</li>\n<li>Función Auto Diagnosis y función Auto protección.</li>\n<li>Tecnología GoldFin,</li>\n<li>Función Sleep en Calor.</li>\n<li>Función Temporizador .</li>\n<li>Unidades Silenciosas,</li>\n<li>Filtros lavables removibles.</li>\n<li>Función Anti-aire frío en los modelos de calor.</li>\n<li>Control Remoto Completo.</li>\n<li>Función Auto Diagnosis y función Auto protección.</li>\n<li>Tecnología GoldFin.</li>\n<li>Función Sleep en Calor.</li>\n<li>Función Temporizador.</li>\n<li>Unidades Silenciosas.</li>\n<li>Filtros lavables removibles.</li>\n<li>Función Anti-aire frío en los modelos de calor.</li>\n<li>Control Remoto Completo.</li>\n</ul></div>\n<div><strong>Dimensiones y peso:</strong></div>\n<div>U. Interior 770x240x180 mm./ 8 kg</div>\n<div>U. Exterior 760x552x256 mm./31 kg.</div>\n<div>Letra  de eficiencia energética “A”</div>\n<div>Equivalencia en Frigorias(aprox); 2.750</div>', 'Aire Acondicionado Split 3200w Frio   Calor Nuevo Gas Ecologico R410 Eficiencia Energetica A  Funcion Sleep  Funcion Inteligente  Enfriamiento Rapido  Auto Restart  Filtro Lavable Garantia 12 Meses', 'tcl-natural-breeze-split-3200w-frio-calor', 'aire acondicionado bajo consumo, aire acondicionado TCL, tcl natural breeze,aire acondicionado cordoba,aire acondicionado en cuotas, aire acondicionado barato', '', 'Aire acondicionado,aire splt,aire acondicionado cordoba, art cool LG', 'Tcl Natural Breeze Split 3200w Frio Calor ', '', ''),
(3, 7, 1, '<p><strong><a class="btn btn-default" href="http://www.elaireacondicionado.com/calcular-frigorias-aire-acondicionado" target="_blank">¿CUANTAS FRIGORÍAS NECESITO?</a></strong></p>\n<p><strong>Características y funciones</strong></p>\n<div>\n<ul><li>Filtros de Carbón activado.</li>\n<li>Función Auto Diagnosis y función Auto protección.</li>\n<li>Tecnología GoldFin,</li>\n<li>Función Sleep en Calor.</li>\n<li>Función Temporizador .</li>\n<li>Unidades Silenciosas,</li>\n<li>Filtros lavables removibles.</li>\n<li>Función Anti-aire frío en los modelos de calor.</li>\n<li>Control Remoto Completo.</li>\n<li>Función Auto Diagnosis y función Auto protección.</li>\n<li>Tecnología GoldFin.</li>\n<li>Función Sleep en Calor.</li>\n<li>Función Temporizador.</li>\n<li>Unidades Silenciosas.</li>\n<li>Filtros lavables removibles.</li>\n<li>Función Anti-aire frío en los modelos de calor.</li>\n<li>Control Remoto Completo.</li>\n</ul></div>\n<div><strong>Dimensiones y peso:</strong></div>\n<div>U. Interior 770x240x180 mm./ 8 kg</div>\n<div>U. Exterior 760x552x256 mm./31 kg.</div>\n<div>Letra  de eficiencia energética “A”</div>\n<div>Equivalencia en Frigorias(aprox); 2.750</div>', 'Aire Acondicionado Split 3200w Frio   Calor Nuevo Gas Ecologico R410 Eficiencia Energetica A  Funcion Sleep  Funcion Inteligente  Enfriamiento Rapido  Auto Restart  Filtro Lavable Garantia 12 Meses', 'tcl-natural-breeze-split-3200w-frio-calor', 'aire acondicionado bajo consumo, aire acondicionado TCL, tcl natural breeze,aire acondicionado cordoba,aire acondicionado en cuotas, aire acondicionado barato', '', 'Aire acondicionado,aire splt,aire acondicionado cordoba, art cool LG', 'Tcl Natural Breeze Split 3200w Frio Calor ', '', ''),
(3, 8, 1, '<p><strong><a class="btn btn-default" href="http://www.elaireacondicionado.com/calcular-frigorias-aire-acondicionado" target="_blank">¿CUANTAS FRIGORÍAS NECESITO?</a></strong></p>\n<p><strong>Características y funciones</strong></p>\n<div>\n<ul><li>Filtros de Carbón activado.</li>\n<li>Función Auto Diagnosis y función Auto protección.</li>\n<li>Tecnología GoldFin,</li>\n<li>Función Sleep en Calor.</li>\n<li>Función Temporizador .</li>\n<li>Unidades Silenciosas,</li>\n<li>Filtros lavables removibles.</li>\n<li>Función Anti-aire frío en los modelos de calor.</li>\n<li>Control Remoto Completo.</li>\n<li>Función Auto Diagnosis y función Auto protección.</li>\n<li>Tecnología GoldFin.</li>\n<li>Función Sleep en Calor.</li>\n<li>Función Temporizador.</li>\n<li>Unidades Silenciosas.</li>\n<li>Filtros lavables removibles.</li>\n<li>Función Anti-aire frío en los modelos de calor.</li>\n<li>Control Remoto Completo.</li>\n</ul></div>\n<div><strong>Dimensiones y peso:</strong></div>\n<div>U. Interior 770x240x180 mm./ 8 kg</div>\n<div>U. Exterior 760x552x256 mm./31 kg.</div>\n<div>Letra  de eficiencia energética “A”</div>\n<div>Equivalencia en Frigorias(aprox); 2.750</div>', 'Aire Acondicionado Split 3200w Frio   Calor Nuevo Gas Ecologico R410 Eficiencia Energetica A  Funcion Sleep  Funcion Inteligente  Enfriamiento Rapido  Auto Restart  Filtro Lavable Garantia 12 Meses', 'tcl-natural-breeze-split-3200w-frio-calor', 'aire acondicionado bajo consumo, aire acondicionado TCL, tcl natural breeze,aire acondicionado cordoba,aire acondicionado en cuotas, aire acondicionado barato', '', 'Aire acondicionado,aire splt,aire acondicionado cordoba, art cool LG', 'Tcl Natural Breeze Split 3200w Frio Calor ', '', ''),
(4, 1, 1, '<p><strong><a class="btn btn-default" href="http://www.elaireacondicionado.com/calcular-frigorias-aire-acondicionado" target="_blank">¿CUANTAS FRIGORIAS NECESITO?</a></strong></p>\n<p><strong>Características y funciones</strong></p>\n<div>\n<ul><li>Función Auto Diagnosis y función Auto protección</li>\n<li>Gas Ecológico R410</li>\n<li>Tecnología GoldFin,</li>\n<li>Función Deshumidificador</li>\n<li>Función Temporizador</li>\n<li>Unidades Silenciosas</li>\n<li>Filtros lavables re-movibles</li>\n<li>Filtros de carbón activado</li>\n</ul></div>\n<div><strong>Dimensiones y pesos</strong></div>\n<div>Unid. Interior 855×255×305 mm;  10 kg</div>\n<div>Unid. Exterior 863x598x376 mm; 35.5Kg.</div>\n<div>Letra  de eficiencia energética “A”</div>\n<div>Equivalencia en Frigorías (aprox); 2.750</div>', 'Aire Acondicionado Split 3200w Frio Nuevo Gas Ecologico R410 Eficiencia Energetica A  Funcion Sleep  Funcion Inteligente  Enfriamiento Rapido  Auto Restart  Filtro Lavable Garantia 12 Meses', 'tcl-sense-eco-split-3200w-frio', '', '', '', 'Tcl Sense Eco Split 3200w Frio', '', ''),
(4, 2, 1, '<p><strong><a class="btn btn-default" href="http://www.elaireacondicionado.com/calcular-frigorias-aire-acondicionado" target="_blank">¿CUANTAS FRIGORIAS NECESITO?</a></strong></p>\n<p><strong>Características y funciones</strong></p>\n<div>\n<ul><li>Función Auto Diagnosis y función Auto protección</li>\n<li>Gas Ecológico R410</li>\n<li>Tecnología GoldFin,</li>\n<li>Función Deshumidificador</li>\n<li>Función Temporizador</li>\n<li>Unidades Silenciosas</li>\n<li>Filtros lavables re-movibles</li>\n<li>Filtros de carbón activado</li>\n</ul></div>\n<div><strong>Dimensiones y pesos</strong></div>\n<div>Unid. Interior 855×255×305 mm;  10 kg</div>\n<div>Unid. Exterior 863x598x376 mm; 35.5Kg.</div>\n<div>Letra  de eficiencia energética “A”</div>\n<div>Equivalencia en Frigorías (aprox); 2.750</div>', 'Aire Acondicionado Split 3200w Frio Nuevo Gas Ecologico R410 Eficiencia Energetica A  Funcion Sleep  Funcion Inteligente  Enfriamiento Rapido  Auto Restart  Filtro Lavable Garantia 12 Meses', 'tcl-sense-eco-split-3200w-frio', '', '', '', 'Tcl Sense Eco Split 3200w Frio', '', ''),
(4, 3, 1, '<p><strong><a class="btn btn-default" href="http://www.elaireacondicionado.com/calcular-frigorias-aire-acondicionado" target="_blank">¿CUANTAS FRIGORIAS NECESITO?</a></strong></p>\n<p><strong>Características y funciones</strong></p>\n<div>\n<ul><li>Función Auto Diagnosis y función Auto protección</li>\n<li>Gas Ecológico R410</li>\n<li>Tecnología GoldFin,</li>\n<li>Función Deshumidificador</li>\n<li>Función Temporizador</li>\n<li>Unidades Silenciosas</li>\n<li>Filtros lavables re-movibles</li>\n<li>Filtros de carbón activado</li>\n</ul></div>\n<div><strong>Dimensiones y pesos</strong></div>\n<div>Unid. Interior 855×255×305 mm;  10 kg</div>\n<div>Unid. Exterior 863x598x376 mm; 35.5Kg.</div>\n<div>Letra  de eficiencia energética “A”</div>\n<div>Equivalencia en Frigorías (aprox); 2.750</div>', 'Aire Acondicionado Split 3200w Frio Nuevo Gas Ecologico R410 Eficiencia Energetica A  Funcion Sleep  Funcion Inteligente  Enfriamiento Rapido  Auto Restart  Filtro Lavable Garantia 12 Meses', 'tcl-sense-eco-split-3200w-frio', '', '', '', 'Tcl Sense Eco Split 3200w Frio', '', ''),
(4, 4, 1, '<p><strong><a class="btn btn-default" href="http://www.elaireacondicionado.com/calcular-frigorias-aire-acondicionado" target="_blank">¿CUANTAS FRIGORIAS NECESITO?</a></strong></p>\n<p><strong>Características y funciones</strong></p>\n<div>\n<ul><li>Función Auto Diagnosis y función Auto protección</li>\n<li>Gas Ecológico R410</li>\n<li>Tecnología GoldFin,</li>\n<li>Función Deshumidificador</li>\n<li>Función Temporizador</li>\n<li>Unidades Silenciosas</li>\n<li>Filtros lavables re-movibles</li>\n<li>Filtros de carbón activado</li>\n</ul></div>\n<div><strong>Dimensiones y pesos</strong></div>\n<div>Unid. Interior 855×255×305 mm;  10 kg</div>\n<div>Unid. Exterior 863x598x376 mm; 35.5Kg.</div>\n<div>Letra  de eficiencia energética “A”</div>\n<div>Equivalencia en Frigorías (aprox); 2.750</div>', 'Aire Acondicionado Split 3200w Frio Nuevo Gas Ecologico R410 Eficiencia Energetica A  Funcion Sleep  Funcion Inteligente  Enfriamiento Rapido  Auto Restart  Filtro Lavable Garantia 12 Meses', 'tcl-sense-eco-split-3200w-frio', '', '', '', 'Tcl Sense Eco Split 3200w Frio', '', ''),
(4, 5, 1, '<p><strong><a class="btn btn-default" href="http://www.elaireacondicionado.com/calcular-frigorias-aire-acondicionado" target="_blank">¿CUANTAS FRIGORIAS NECESITO?</a></strong></p>\n<p><strong>Características y funciones</strong></p>\n<div>\n<ul><li>Función Auto Diagnosis y función Auto protección</li>\n<li>Gas Ecológico R410</li>\n<li>Tecnología GoldFin,</li>\n<li>Función Deshumidificador</li>\n<li>Función Temporizador</li>\n<li>Unidades Silenciosas</li>\n<li>Filtros lavables re-movibles</li>\n<li>Filtros de carbón activado</li>\n</ul></div>\n<div><strong>Dimensiones y pesos</strong></div>\n<div>Unid. Interior 855×255×305 mm;  10 kg</div>\n<div>Unid. Exterior 863x598x376 mm; 35.5Kg.</div>\n<div>Letra  de eficiencia energética “A”</div>\n<div>Equivalencia en Frigorías (aprox); 2.750</div>', 'Aire Acondicionado Split 3200w Frio Nuevo Gas Ecologico R410 Eficiencia Energetica A  Funcion Sleep  Funcion Inteligente  Enfriamiento Rapido  Auto Restart  Filtro Lavable Garantia 12 Meses', 'tcl-sense-eco-split-3200w-frio', '', '', '', 'Tcl Sense Eco Split 3200w Frio', '', ''),
(4, 6, 1, '<p><strong><a class="btn btn-default" href="http://www.elaireacondicionado.com/calcular-frigorias-aire-acondicionado" target="_blank">¿CUANTAS FRIGORIAS NECESITO?</a></strong></p>\n<p><strong>Características y funciones</strong></p>\n<div>\n<ul><li>Función Auto Diagnosis y función Auto protección</li>\n<li>Gas Ecológico R410</li>\n<li>Tecnología GoldFin,</li>\n<li>Función Deshumidificador</li>\n<li>Función Temporizador</li>\n<li>Unidades Silenciosas</li>\n<li>Filtros lavables re-movibles</li>\n<li>Filtros de carbón activado</li>\n</ul></div>\n<div><strong>Dimensiones y pesos</strong></div>\n<div>Unid. Interior 855×255×305 mm;  10 kg</div>\n<div>Unid. Exterior 863x598x376 mm; 35.5Kg.</div>\n<div>Letra  de eficiencia energética “A”</div>\n<div>Equivalencia en Frigorías (aprox); 2.750</div>', 'Aire Acondicionado Split 3200w Frio Nuevo Gas Ecologico R410 Eficiencia Energetica A  Funcion Sleep  Funcion Inteligente  Enfriamiento Rapido  Auto Restart  Filtro Lavable Garantia 12 Meses', 'tcl-sense-eco-split-3200w-frio', '', '', '', 'Tcl Sense Eco Split 3200w Frio', '', ''),
(4, 7, 1, '<p><strong><a class="btn btn-default" href="http://www.elaireacondicionado.com/calcular-frigorias-aire-acondicionado" target="_blank">¿CUANTAS FRIGORIAS NECESITO?</a></strong></p>\n<p><strong>Características y funciones</strong></p>\n<div>\n<ul><li>Función Auto Diagnosis y función Auto protección</li>\n<li>Gas Ecológico R410</li>\n<li>Tecnología GoldFin,</li>\n<li>Función Deshumidificador</li>\n<li>Función Temporizador</li>\n<li>Unidades Silenciosas</li>\n<li>Filtros lavables re-movibles</li>\n<li>Filtros de carbón activado</li>\n</ul></div>\n<div><strong>Dimensiones y pesos</strong></div>\n<div>Unid. Interior 855×255×305 mm;  10 kg</div>\n<div>Unid. Exterior 863x598x376 mm; 35.5Kg.</div>\n<div>Letra  de eficiencia energética “A”</div>\n<div>Equivalencia en Frigorías (aprox); 2.750</div>', 'Aire Acondicionado Split 3200w Frio Nuevo Gas Ecologico R410 Eficiencia Energetica A  Funcion Sleep  Funcion Inteligente  Enfriamiento Rapido  Auto Restart  Filtro Lavable Garantia 12 Meses', 'tcl-sense-eco-split-3200w-frio', '', '', '', 'Tcl Sense Eco Split 3200w Frio', '', ''),
(4, 8, 1, '<p><strong><a class="btn btn-default" href="http://www.elaireacondicionado.com/calcular-frigorias-aire-acondicionado" target="_blank">¿CUANTAS FRIGORIAS NECESITO?</a></strong></p>\n<p><strong>Características y funciones</strong></p>\n<div>\n<ul><li>Función Auto Diagnosis y función Auto protección</li>\n<li>Gas Ecológico R410</li>\n<li>Tecnología GoldFin,</li>\n<li>Función Deshumidificador</li>\n<li>Función Temporizador</li>\n<li>Unidades Silenciosas</li>\n<li>Filtros lavables re-movibles</li>\n<li>Filtros de carbón activado</li>\n</ul></div>\n<div><strong>Dimensiones y pesos</strong></div>\n<div>Unid. Interior 855×255×305 mm;  10 kg</div>\n<div>Unid. Exterior 863x598x376 mm; 35.5Kg.</div>\n<div>Letra  de eficiencia energética “A”</div>\n<div>Equivalencia en Frigorías (aprox); 2.750</div>', 'Aire Acondicionado Split 3200w Frio Nuevo Gas Ecologico R410 Eficiencia Energetica A  Funcion Sleep  Funcion Inteligente  Enfriamiento Rapido  Auto Restart  Filtro Lavable Garantia 12 Meses', 'tcl-sense-eco-split-3200w-frio', '', '', '', 'Tcl Sense Eco Split 3200w Frio', '', ''),
(5, 1, 1, '<p><a class="btn btn-default" href="http://www.elaireacondicionado.com/calcular-frigorias-aire-acondicionado" target="_blank">¿CUANTAS FRIGORÍAS NECESITO?</a></p>\n<p>Características y funciones</p>\n<div>\n<ul><li>Función Auto Diagnosis y función Auto protección.</li>\n<li>Gas Ecológico R410</li>\n<li>Tecnología GoldFin,</li>\n<li>Función Sleep en Calor</li>\n<li>Función Deshumidificador</li>\n<li>Función Temporizador</li>\n<li>Unidades Silenciosas</li>\n<li>Filtros lavables re-movibles</li>\n<li>Función Anti-aire frío en los modelos de calor.</li>\n</ul></div>\n<div><strong>Dimensiones y pesos</strong></div>\n<div>Unid. Interior 855×255×305 mm;  10 kg</div>\n<div>Unid. Exterior 863x598x376 mm; 35.5Kg.</div>\n<div>Letra  de eficiencia energética “A”</div>\n<div>Equivalencia en Frigorías (aprox); 2.750</div>', 'Aire Acondicionado Split 3200w Frio Calor  Nuevo Gas Ecologico R410 Eficiencia Energetica A  Funcion Sleep  Funcion Inteligente  Enfriamiento Rapido  Auto Restart  Filtro Lavable Garantia 12 Meses', 'aire-acondicionado-tcl-sense-eco-split-3200w-frio-calor-bajo-consumo', '', '', '', 'Aire Acondicionado Tcl Sense Eco Split 3200w Frio Calor Bajo Consumo', '', ''),
(5, 2, 1, '<p><a class="btn btn-default" href="http://www.elaireacondicionado.com/calcular-frigorias-aire-acondicionado" target="_blank">¿CUANTAS FRIGORÍAS NECESITO?</a></p>\n<p>Características y funciones</p>\n<div>\n<ul><li>Función Auto Diagnosis y función Auto protección.</li>\n<li>Gas Ecológico R410</li>\n<li>Tecnología GoldFin,</li>\n<li>Función Sleep en Calor</li>\n<li>Función Deshumidificador</li>\n<li>Función Temporizador</li>\n<li>Unidades Silenciosas</li>\n<li>Filtros lavables re-movibles</li>\n<li>Función Anti-aire frío en los modelos de calor.</li>\n</ul></div>\n<div><strong>Dimensiones y pesos</strong></div>\n<div>Unid. Interior 855×255×305 mm;  10 kg</div>\n<div>Unid. Exterior 863x598x376 mm; 35.5Kg.</div>\n<div>Letra  de eficiencia energética “A”</div>\n<div>Equivalencia en Frigorías (aprox); 2.750</div>', 'Aire Acondicionado Split 3200w Frio Calor  Nuevo Gas Ecologico R410 Eficiencia Energetica A  Funcion Sleep  Funcion Inteligente  Enfriamiento Rapido  Auto Restart  Filtro Lavable Garantia 12 Meses', 'aire-acondicionado-tcl-sense-eco-split-3200w-frio-calor-bajo-consumo', '', '', '', 'Aire Acondicionado Tcl Sense Eco Split 3200w Frio Calor Bajo Consumo', '', ''),
(5, 3, 1, '<p><a class="btn btn-default" href="http://www.elaireacondicionado.com/calcular-frigorias-aire-acondicionado" target="_blank">¿CUANTAS FRIGORÍAS NECESITO?</a></p>\n<p>Características y funciones</p>\n<div>\n<ul><li>Función Auto Diagnosis y función Auto protección.</li>\n<li>Gas Ecológico R410</li>\n<li>Tecnología GoldFin,</li>\n<li>Función Sleep en Calor</li>\n<li>Función Deshumidificador</li>\n<li>Función Temporizador</li>\n<li>Unidades Silenciosas</li>\n<li>Filtros lavables re-movibles</li>\n<li>Función Anti-aire frío en los modelos de calor.</li>\n</ul></div>\n<div><strong>Dimensiones y pesos</strong></div>\n<div>Unid. Interior 855×255×305 mm;  10 kg</div>\n<div>Unid. Exterior 863x598x376 mm; 35.5Kg.</div>\n<div>Letra  de eficiencia energética “A”</div>\n<div>Equivalencia en Frigorías (aprox); 2.750</div>', 'Aire Acondicionado Split 3200w Frio Calor  Nuevo Gas Ecologico R410 Eficiencia Energetica A  Funcion Sleep  Funcion Inteligente  Enfriamiento Rapido  Auto Restart  Filtro Lavable Garantia 12 Meses', 'aire-acondicionado-tcl-sense-eco-split-3200w-frio-calor-bajo-consumo', '', '', '', 'Aire Acondicionado Tcl Sense Eco Split 3200w Frio Calor Bajo Consumo', '', ''),
(5, 4, 1, '<p><a class="btn btn-default" href="http://www.elaireacondicionado.com/calcular-frigorias-aire-acondicionado" target="_blank">¿CUANTAS FRIGORÍAS NECESITO?</a></p>\n<p>Características y funciones</p>\n<div>\n<ul><li>Función Auto Diagnosis y función Auto protección.</li>\n<li>Gas Ecológico R410</li>\n<li>Tecnología GoldFin,</li>\n<li>Función Sleep en Calor</li>\n<li>Función Deshumidificador</li>\n<li>Función Temporizador</li>\n<li>Unidades Silenciosas</li>\n<li>Filtros lavables re-movibles</li>\n<li>Función Anti-aire frío en los modelos de calor.</li>\n</ul></div>\n<div><strong>Dimensiones y pesos</strong></div>\n<div>Unid. Interior 855×255×305 mm;  10 kg</div>\n<div>Unid. Exterior 863x598x376 mm; 35.5Kg.</div>\n<div>Letra  de eficiencia energética “A”</div>\n<div>Equivalencia en Frigorías (aprox); 2.750</div>', 'Aire Acondicionado Split 3200w Frio Calor  Nuevo Gas Ecologico R410 Eficiencia Energetica A  Funcion Sleep  Funcion Inteligente  Enfriamiento Rapido  Auto Restart  Filtro Lavable Garantia 12 Meses', 'aire-acondicionado-tcl-sense-eco-split-3200w-frio-calor-bajo-consumo', '', '', '', 'Aire Acondicionado Tcl Sense Eco Split 3200w Frio Calor Bajo Consumo', '', ''),
(5, 5, 1, '<p><a class="btn btn-default" href="http://www.elaireacondicionado.com/calcular-frigorias-aire-acondicionado" target="_blank">¿CUANTAS FRIGORÍAS NECESITO?</a></p>\n<p>Características y funciones</p>\n<div>\n<ul><li>Función Auto Diagnosis y función Auto protección.</li>\n<li>Gas Ecológico R410</li>\n<li>Tecnología GoldFin,</li>\n<li>Función Sleep en Calor</li>\n<li>Función Deshumidificador</li>\n<li>Función Temporizador</li>\n<li>Unidades Silenciosas</li>\n<li>Filtros lavables re-movibles</li>\n<li>Función Anti-aire frío en los modelos de calor.</li>\n</ul></div>\n<div><strong>Dimensiones y pesos</strong></div>\n<div>Unid. Interior 855×255×305 mm;  10 kg</div>\n<div>Unid. Exterior 863x598x376 mm; 35.5Kg.</div>\n<div>Letra  de eficiencia energética “A”</div>\n<div>Equivalencia en Frigorías (aprox); 2.750</div>', 'Aire Acondicionado Split 3200w Frio Calor  Nuevo Gas Ecologico R410 Eficiencia Energetica A  Funcion Sleep  Funcion Inteligente  Enfriamiento Rapido  Auto Restart  Filtro Lavable Garantia 12 Meses', 'aire-acondicionado-tcl-sense-eco-split-3200w-frio-calor-bajo-consumo', '', '', '', 'Aire Acondicionado Tcl Sense Eco Split 3200w Frio Calor Bajo Consumo', '', ''),
(5, 6, 1, '<p><a class="btn btn-default" href="http://www.elaireacondicionado.com/calcular-frigorias-aire-acondicionado" target="_blank">¿CUANTAS FRIGORÍAS NECESITO?</a></p>\n<p>Características y funciones</p>\n<div>\n<ul><li>Función Auto Diagnosis y función Auto protección.</li>\n<li>Gas Ecológico R410</li>\n<li>Tecnología GoldFin,</li>\n<li>Función Sleep en Calor</li>\n<li>Función Deshumidificador</li>\n<li>Función Temporizador</li>\n<li>Unidades Silenciosas</li>\n<li>Filtros lavables re-movibles</li>\n<li>Función Anti-aire frío en los modelos de calor.</li>\n</ul></div>\n<div><strong>Dimensiones y pesos</strong></div>\n<div>Unid. Interior 855×255×305 mm;  10 kg</div>\n<div>Unid. Exterior 863x598x376 mm; 35.5Kg.</div>\n<div>Letra  de eficiencia energética “A”</div>\n<div>Equivalencia en Frigorías (aprox); 2.750</div>', 'Aire Acondicionado Split 3200w Frio Calor  Nuevo Gas Ecologico R410 Eficiencia Energetica A  Funcion Sleep  Funcion Inteligente  Enfriamiento Rapido  Auto Restart  Filtro Lavable Garantia 12 Meses', 'aire-acondicionado-tcl-sense-eco-split-3200w-frio-calor-bajo-consumo', '', '', '', 'Aire Acondicionado Tcl Sense Eco Split 3200w Frio Calor Bajo Consumo', '', ''),
(5, 7, 1, '<p><a class="btn btn-default" href="http://www.elaireacondicionado.com/calcular-frigorias-aire-acondicionado" target="_blank">¿CUANTAS FRIGORÍAS NECESITO?</a></p>\n<p>Características y funciones</p>\n<div>\n<ul><li>Función Auto Diagnosis y función Auto protección.</li>\n<li>Gas Ecológico R410</li>\n<li>Tecnología GoldFin,</li>\n<li>Función Sleep en Calor</li>\n<li>Función Deshumidificador</li>\n<li>Función Temporizador</li>\n<li>Unidades Silenciosas</li>\n<li>Filtros lavables re-movibles</li>\n<li>Función Anti-aire frío en los modelos de calor.</li>\n</ul></div>\n<div><strong>Dimensiones y pesos</strong></div>\n<div>Unid. Interior 855×255×305 mm;  10 kg</div>\n<div>Unid. Exterior 863x598x376 mm; 35.5Kg.</div>\n<div>Letra  de eficiencia energética “A”</div>\n<div>Equivalencia en Frigorías (aprox); 2.750</div>', 'Aire Acondicionado Split 3200w Frio Calor  Nuevo Gas Ecologico R410 Eficiencia Energetica A  Funcion Sleep  Funcion Inteligente  Enfriamiento Rapido  Auto Restart  Filtro Lavable Garantia 12 Meses', 'aire-acondicionado-tcl-sense-eco-split-3200w-frio-calor-bajo-consumo', '', '', '', 'Aire Acondicionado Tcl Sense Eco Split 3200w Frio Calor Bajo Consumo', '', ''),
(5, 8, 1, '<p><a class="btn btn-default" href="http://www.elaireacondicionado.com/calcular-frigorias-aire-acondicionado" target="_blank">¿CUANTAS FRIGORÍAS NECESITO?</a></p>\n<p>Características y funciones</p>\n<div>\n<ul><li>Función Auto Diagnosis y función Auto protección.</li>\n<li>Gas Ecológico R410</li>\n<li>Tecnología GoldFin,</li>\n<li>Función Sleep en Calor</li>\n<li>Función Deshumidificador</li>\n<li>Función Temporizador</li>\n<li>Unidades Silenciosas</li>\n<li>Filtros lavables re-movibles</li>\n<li>Función Anti-aire frío en los modelos de calor.</li>\n</ul></div>\n<div><strong>Dimensiones y pesos</strong></div>\n<div>Unid. Interior 855×255×305 mm;  10 kg</div>\n<div>Unid. Exterior 863x598x376 mm; 35.5Kg.</div>\n<div>Letra  de eficiencia energética “A”</div>\n<div>Equivalencia en Frigorías (aprox); 2.750</div>', 'Aire Acondicionado Split 3200w Frio Calor  Nuevo Gas Ecologico R410 Eficiencia Energetica A  Funcion Sleep  Funcion Inteligente  Enfriamiento Rapido  Auto Restart  Filtro Lavable Garantia 12 Meses', 'aire-acondicionado-tcl-sense-eco-split-3200w-frio-calor-bajo-consumo', '', '', '', 'Aire Acondicionado Tcl Sense Eco Split 3200w Frio Calor Bajo Consumo', '', ''),
(6, 1, 1, '', 'Aire Acondicionado Split 3200w Frio Calor  Nuevo Gas Ecologico R410 Eficiencia Energetica A  Funcion Sleep  Funcion Inteligente  Enfriamiento Rapido  Auto Restart  Filtro Lavable Garantia 12 Meses', 'aire-acondicionado-split-3200w-frio-calor-nuevo-gas-ecologico-r410-eficiencia-energetica-a-funcion-sleep-funcion-inteligen', '', '', '', 'Aire Acondicionado Split 3200w Frio Calor  Nuevo Gas Ecologico R410 Eficiencia Energetica A  Funcion Sleep  Funcion Inteligen', '', ''),
(6, 2, 1, '', 'Aire Acondicionado Split 3200w Frio Calor  Nuevo Gas Ecologico R410 Eficiencia Energetica A  Funcion Sleep  Funcion Inteligente  Enfriamiento Rapido  Auto Restart  Filtro Lavable Garantia 12 Meses', 'aire-acondicionado-split-3200w-frio-calor-nuevo-gas-ecologico-r410-eficiencia-energetica-a-funcion-sleep-funcion-inteligen', '', '', '', 'Aire Acondicionado Split 3200w Frio Calor  Nuevo Gas Ecologico R410 Eficiencia Energetica A  Funcion Sleep  Funcion Inteligen', '', ''),
(6, 3, 1, '', 'Aire Acondicionado Split 3200w Frio Calor  Nuevo Gas Ecologico R410 Eficiencia Energetica A  Funcion Sleep  Funcion Inteligente  Enfriamiento Rapido  Auto Restart  Filtro Lavable Garantia 12 Meses', 'aire-acondicionado-split-3200w-frio-calor-nuevo-gas-ecologico-r410-eficiencia-energetica-a-funcion-sleep-funcion-inteligen', '', '', '', 'Aire Acondicionado Split 3200w Frio Calor  Nuevo Gas Ecologico R410 Eficiencia Energetica A  Funcion Sleep  Funcion Inteligen', '', ''),
(6, 4, 1, '', 'Aire Acondicionado Split 3200w Frio Calor  Nuevo Gas Ecologico R410 Eficiencia Energetica A  Funcion Sleep  Funcion Inteligente  Enfriamiento Rapido  Auto Restart  Filtro Lavable Garantia 12 Meses', 'aire-acondicionado-split-3200w-frio-calor-nuevo-gas-ecologico-r410-eficiencia-energetica-a-funcion-sleep-funcion-inteligen', '', '', '', 'Aire Acondicionado Split 3200w Frio Calor  Nuevo Gas Ecologico R410 Eficiencia Energetica A  Funcion Sleep  Funcion Inteligen', '', ''),
(6, 5, 1, '', 'Aire Acondicionado Split 3200w Frio Calor  Nuevo Gas Ecologico R410 Eficiencia Energetica A  Funcion Sleep  Funcion Inteligente  Enfriamiento Rapido  Auto Restart  Filtro Lavable Garantia 12 Meses', 'aire-acondicionado-split-3200w-frio-calor-nuevo-gas-ecologico-r410-eficiencia-energetica-a-funcion-sleep-funcion-inteligen', '', '', '', 'Aire Acondicionado Split 3200w Frio Calor  Nuevo Gas Ecologico R410 Eficiencia Energetica A  Funcion Sleep  Funcion Inteligen', '', ''),
(6, 6, 1, '', 'Aire Acondicionado Split 3200w Frio Calor  Nuevo Gas Ecologico R410 Eficiencia Energetica A  Funcion Sleep  Funcion Inteligente  Enfriamiento Rapido  Auto Restart  Filtro Lavable Garantia 12 Meses', 'aire-acondicionado-split-3200w-frio-calor-nuevo-gas-ecologico-r410-eficiencia-energetica-a-funcion-sleep-funcion-inteligen', '', '', '', 'Aire Acondicionado Split 3200w Frio Calor  Nuevo Gas Ecologico R410 Eficiencia Energetica A  Funcion Sleep  Funcion Inteligen', '', ''),
(6, 7, 1, '', 'Aire Acondicionado Split 3200w Frio Calor  Nuevo Gas Ecologico R410 Eficiencia Energetica A  Funcion Sleep  Funcion Inteligente  Enfriamiento Rapido  Auto Restart  Filtro Lavable Garantia 12 Meses', 'aire-acondicionado-split-3200w-frio-calor-nuevo-gas-ecologico-r410-eficiencia-energetica-a-funcion-sleep-funcion-inteligen', '', '', '', 'Aire Acondicionado Split 3200w Frio Calor  Nuevo Gas Ecologico R410 Eficiencia Energetica A  Funcion Sleep  Funcion Inteligen', '', ''),
(6, 8, 1, '', 'Aire Acondicionado Split 3200w Frio Calor  Nuevo Gas Ecologico R410 Eficiencia Energetica A  Funcion Sleep  Funcion Inteligente  Enfriamiento Rapido  Auto Restart  Filtro Lavable Garantia 12 Meses', 'aire-acondicionado-split-3200w-frio-calor-nuevo-gas-ecologico-r410-eficiencia-energetica-a-funcion-sleep-funcion-inteligen', '', '', '', 'Aire Acondicionado Split 3200w Frio Calor  Nuevo Gas Ecologico R410 Eficiencia Energetica A  Funcion Sleep  Funcion Inteligen', '', ''),
(7, 1, 1, '<div><strong>Características y funciones</strong></div>\n<div>\n<ul><li>Filtros de Carbón activado.</li>\n<li>Función Auto Diagnosis y función Auto protección.</li>\n<li>Tecnología GoldFin,</li>\n<li>Función Sleep en Calor.</li>\n<li>Función Temporizador .</li>\n<li>Unidades Silenciosas,</li>\n<li>Filtros lavables removibles.</li>\n<li>Función Anti-aire frío en los modelos de calor.</li>\n<li>Control Remoto Completo.</li>\n<li>Función Auto Diagnosis y función Auto protección.</li>\n<li>Tecnología GoldFin.</li>\n<li>Función Sleep en Calor.</li>\n<li>Función Temporizador.</li>\n<li>Unidades Silenciosas.</li>\n<li>Filtros lavables removibles.</li>\n<li>Función Anti-aire frío en los modelos de calor.</li>\n<li>Control Remoto Completo.</li>\n</ul></div>\n<div><strong>Dimensiones y peso:</strong></div>\n<div>U. Interior 900x280x202 mm./ 11kg</div>\n<div>U. Exterior 760x552x256 mm./36kg.</div>\n<div>Letra  de eficiencia energética “A”</div>\n<div>Equivalencia en Frigorías(aprox); 4.300</div>', 'Aire Acondicionado Split 5000w Frio   Calor Nuevo Gas Ecologico R410 Eficiencia Energetica A  Funcion Sleep  Funcion Inteligente  Enfriamiento Rapido  Auto Restart  Filtro Lavable Garantia 12 Meses', 'tcl-natural-breeze-split-5000w-frio-calor', '', '', '', 'Tcl Natural Breeze Split 5000w Frio   Calor', '', ''),
(7, 2, 1, '<div><strong>Características y funciones</strong></div>\n<div>\n<ul><li>Filtros de Carbón activado.</li>\n<li>Función Auto Diagnosis y función Auto protección.</li>\n<li>Tecnología GoldFin,</li>\n<li>Función Sleep en Calor.</li>\n<li>Función Temporizador .</li>\n<li>Unidades Silenciosas,</li>\n<li>Filtros lavables removibles.</li>\n<li>Función Anti-aire frío en los modelos de calor.</li>\n<li>Control Remoto Completo.</li>\n<li>Función Auto Diagnosis y función Auto protección.</li>\n<li>Tecnología GoldFin.</li>\n<li>Función Sleep en Calor.</li>\n<li>Función Temporizador.</li>\n<li>Unidades Silenciosas.</li>\n<li>Filtros lavables removibles.</li>\n<li>Función Anti-aire frío en los modelos de calor.</li>\n<li>Control Remoto Completo.</li>\n</ul></div>\n<div><strong>Dimensiones y peso:</strong></div>\n<div>U. Interior 900x280x202 mm./ 11kg</div>\n<div>U. Exterior 760x552x256 mm./36kg.</div>\n<div>Letra  de eficiencia energética “A”</div>\n<div>Equivalencia en Frigorías(aprox); 4.300</div>', 'Aire Acondicionado Split 5000w Frio   Calor Nuevo Gas Ecologico R410 Eficiencia Energetica A  Funcion Sleep  Funcion Inteligente  Enfriamiento Rapido  Auto Restart  Filtro Lavable Garantia 12 Meses', 'tcl-natural-breeze-split-5000w-frio-calor', '', '', '', 'Tcl Natural Breeze Split 5000w Frio   Calor', '', ''),
(7, 3, 1, '<div><strong>Características y funciones</strong></div>\n<div>\n<ul><li>Filtros de Carbón activado.</li>\n<li>Función Auto Diagnosis y función Auto protección.</li>\n<li>Tecnología GoldFin,</li>\n<li>Función Sleep en Calor.</li>\n<li>Función Temporizador .</li>\n<li>Unidades Silenciosas,</li>\n<li>Filtros lavables removibles.</li>\n<li>Función Anti-aire frío en los modelos de calor.</li>\n<li>Control Remoto Completo.</li>\n<li>Función Auto Diagnosis y función Auto protección.</li>\n<li>Tecnología GoldFin.</li>\n<li>Función Sleep en Calor.</li>\n<li>Función Temporizador.</li>\n<li>Unidades Silenciosas.</li>\n<li>Filtros lavables removibles.</li>\n<li>Función Anti-aire frío en los modelos de calor.</li>\n<li>Control Remoto Completo.</li>\n</ul></div>\n<div><strong>Dimensiones y peso:</strong></div>\n<div>U. Interior 900x280x202 mm./ 11kg</div>\n<div>U. Exterior 760x552x256 mm./36kg.</div>\n<div>Letra  de eficiencia energética “A”</div>\n<div>Equivalencia en Frigorías(aprox); 4.300</div>', 'Aire Acondicionado Split 5000w Frio   Calor Nuevo Gas Ecologico R410 Eficiencia Energetica A  Funcion Sleep  Funcion Inteligente  Enfriamiento Rapido  Auto Restart  Filtro Lavable Garantia 12 Meses', 'tcl-natural-breeze-split-5000w-frio-calor', '', '', '', 'Tcl Natural Breeze Split 5000w Frio   Calor', '', ''),
(7, 4, 1, '<div><strong>Características y funciones</strong></div>\n<div>\n<ul><li>Filtros de Carbón activado.</li>\n<li>Función Auto Diagnosis y función Auto protección.</li>\n<li>Tecnología GoldFin,</li>\n<li>Función Sleep en Calor.</li>\n<li>Función Temporizador .</li>\n<li>Unidades Silenciosas,</li>\n<li>Filtros lavables removibles.</li>\n<li>Función Anti-aire frío en los modelos de calor.</li>\n<li>Control Remoto Completo.</li>\n<li>Función Auto Diagnosis y función Auto protección.</li>\n<li>Tecnología GoldFin.</li>\n<li>Función Sleep en Calor.</li>\n<li>Función Temporizador.</li>\n<li>Unidades Silenciosas.</li>\n<li>Filtros lavables removibles.</li>\n<li>Función Anti-aire frío en los modelos de calor.</li>\n<li>Control Remoto Completo.</li>\n</ul></div>\n<div><strong>Dimensiones y peso:</strong></div>\n<div>U. Interior 900x280x202 mm./ 11kg</div>\n<div>U. Exterior 760x552x256 mm./36kg.</div>\n<div>Letra  de eficiencia energética “A”</div>\n<div>Equivalencia en Frigorías(aprox); 4.300</div>', 'Aire Acondicionado Split 5000w Frio   Calor Nuevo Gas Ecologico R410 Eficiencia Energetica A  Funcion Sleep  Funcion Inteligente  Enfriamiento Rapido  Auto Restart  Filtro Lavable Garantia 12 Meses', 'tcl-natural-breeze-split-5000w-frio-calor', '', '', '', 'Tcl Natural Breeze Split 5000w Frio   Calor', '', ''),
(7, 5, 1, '<div><strong>Características y funciones</strong></div>\n<div>\n<ul><li>Filtros de Carbón activado.</li>\n<li>Función Auto Diagnosis y función Auto protección.</li>\n<li>Tecnología GoldFin,</li>\n<li>Función Sleep en Calor.</li>\n<li>Función Temporizador .</li>\n<li>Unidades Silenciosas,</li>\n<li>Filtros lavables removibles.</li>\n<li>Función Anti-aire frío en los modelos de calor.</li>\n<li>Control Remoto Completo.</li>\n<li>Función Auto Diagnosis y función Auto protección.</li>\n<li>Tecnología GoldFin.</li>\n<li>Función Sleep en Calor.</li>\n<li>Función Temporizador.</li>\n<li>Unidades Silenciosas.</li>\n<li>Filtros lavables removibles.</li>\n<li>Función Anti-aire frío en los modelos de calor.</li>\n<li>Control Remoto Completo.</li>\n</ul></div>\n<div><strong>Dimensiones y peso:</strong></div>\n<div>U. Interior 900x280x202 mm./ 11kg</div>\n<div>U. Exterior 760x552x256 mm./36kg.</div>\n<div>Letra  de eficiencia energética “A”</div>\n<div>Equivalencia en Frigorías(aprox); 4.300</div>', 'Aire Acondicionado Split 5000w Frio   Calor Nuevo Gas Ecologico R410 Eficiencia Energetica A  Funcion Sleep  Funcion Inteligente  Enfriamiento Rapido  Auto Restart  Filtro Lavable Garantia 12 Meses', 'tcl-natural-breeze-split-5000w-frio-calor', '', '', '', 'Tcl Natural Breeze Split 5000w Frio   Calor', '', '');
INSERT INTO `mto_product_lang` (`id_product`, `id_shop`, `id_lang`, `description`, `description_short`, `link_rewrite`, `meta_description`, `meta_keywords`, `meta_title`, `name`, `available_now`, `available_later`) VALUES
(7, 6, 1, '<div><strong>Características y funciones</strong></div>\n<div>\n<ul><li>Filtros de Carbón activado.</li>\n<li>Función Auto Diagnosis y función Auto protección.</li>\n<li>Tecnología GoldFin,</li>\n<li>Función Sleep en Calor.</li>\n<li>Función Temporizador .</li>\n<li>Unidades Silenciosas,</li>\n<li>Filtros lavables removibles.</li>\n<li>Función Anti-aire frío en los modelos de calor.</li>\n<li>Control Remoto Completo.</li>\n<li>Función Auto Diagnosis y función Auto protección.</li>\n<li>Tecnología GoldFin.</li>\n<li>Función Sleep en Calor.</li>\n<li>Función Temporizador.</li>\n<li>Unidades Silenciosas.</li>\n<li>Filtros lavables removibles.</li>\n<li>Función Anti-aire frío en los modelos de calor.</li>\n<li>Control Remoto Completo.</li>\n</ul></div>\n<div><strong>Dimensiones y peso:</strong></div>\n<div>U. Interior 900x280x202 mm./ 11kg</div>\n<div>U. Exterior 760x552x256 mm./36kg.</div>\n<div>Letra  de eficiencia energética “A”</div>\n<div>Equivalencia en Frigorías(aprox); 4.300</div>', 'Aire Acondicionado Split 5000w Frio   Calor Nuevo Gas Ecologico R410 Eficiencia Energetica A  Funcion Sleep  Funcion Inteligente  Enfriamiento Rapido  Auto Restart  Filtro Lavable Garantia 12 Meses', 'tcl-natural-breeze-split-5000w-frio-calor', '', '', '', 'Tcl Natural Breeze Split 5000w Frio   Calor', '', ''),
(7, 7, 1, '<div><strong>Características y funciones</strong></div>\n<div>\n<ul><li>Filtros de Carbón activado.</li>\n<li>Función Auto Diagnosis y función Auto protección.</li>\n<li>Tecnología GoldFin,</li>\n<li>Función Sleep en Calor.</li>\n<li>Función Temporizador .</li>\n<li>Unidades Silenciosas,</li>\n<li>Filtros lavables removibles.</li>\n<li>Función Anti-aire frío en los modelos de calor.</li>\n<li>Control Remoto Completo.</li>\n<li>Función Auto Diagnosis y función Auto protección.</li>\n<li>Tecnología GoldFin.</li>\n<li>Función Sleep en Calor.</li>\n<li>Función Temporizador.</li>\n<li>Unidades Silenciosas.</li>\n<li>Filtros lavables removibles.</li>\n<li>Función Anti-aire frío en los modelos de calor.</li>\n<li>Control Remoto Completo.</li>\n</ul></div>\n<div><strong>Dimensiones y peso:</strong></div>\n<div>U. Interior 900x280x202 mm./ 11kg</div>\n<div>U. Exterior 760x552x256 mm./36kg.</div>\n<div>Letra  de eficiencia energética “A”</div>\n<div>Equivalencia en Frigorías(aprox); 4.300</div>', 'Aire Acondicionado Split 5000w Frio   Calor Nuevo Gas Ecologico R410 Eficiencia Energetica A  Funcion Sleep  Funcion Inteligente  Enfriamiento Rapido  Auto Restart  Filtro Lavable Garantia 12 Meses', 'tcl-natural-breeze-split-5000w-frio-calor', '', '', '', 'Tcl Natural Breeze Split 5000w Frio   Calor', '', ''),
(7, 8, 1, '<div><strong>Características y funciones</strong></div>\n<div>\n<ul><li>Filtros de Carbón activado.</li>\n<li>Función Auto Diagnosis y función Auto protección.</li>\n<li>Tecnología GoldFin,</li>\n<li>Función Sleep en Calor.</li>\n<li>Función Temporizador .</li>\n<li>Unidades Silenciosas,</li>\n<li>Filtros lavables removibles.</li>\n<li>Función Anti-aire frío en los modelos de calor.</li>\n<li>Control Remoto Completo.</li>\n<li>Función Auto Diagnosis y función Auto protección.</li>\n<li>Tecnología GoldFin.</li>\n<li>Función Sleep en Calor.</li>\n<li>Función Temporizador.</li>\n<li>Unidades Silenciosas.</li>\n<li>Filtros lavables removibles.</li>\n<li>Función Anti-aire frío en los modelos de calor.</li>\n<li>Control Remoto Completo.</li>\n</ul></div>\n<div><strong>Dimensiones y peso:</strong></div>\n<div>U. Interior 900x280x202 mm./ 11kg</div>\n<div>U. Exterior 760x552x256 mm./36kg.</div>\n<div>Letra  de eficiencia energética “A”</div>\n<div>Equivalencia en Frigorías(aprox); 4.300</div>', 'Aire Acondicionado Split 5000w Frio   Calor Nuevo Gas Ecologico R410 Eficiencia Energetica A  Funcion Sleep  Funcion Inteligente  Enfriamiento Rapido  Auto Restart  Filtro Lavable Garantia 12 Meses', 'tcl-natural-breeze-split-5000w-frio-calor', '', '', '', 'Tcl Natural Breeze Split 5000w Frio   Calor', '', ''),
(8, 1, 1, '<div>Características y funciones</div>\n<div>\n<ul><li>Función Auto Diagnosis y función Auto protección</li>\n<li>Gas Ecológico R410</li>\n<li>Tecnología GoldFin,</li>\n<li>Función Sleep en Calor</li>\n<li>Función Deshumidificador</li>\n<li>Función Temporizador</li>\n<li>Unidades Silenciosas</li>\n<li>Filtros lavables re-movibles</li>\n<li>Función Anti-aire frío en función calor.</li>\n</ul></div>\n<div>Dimensiones</div>\n<div>Unid. Interior 1103×300x400mm</div>\n<div>Unid. Exterior 1027×705×433mm</div>\n<div>Pesos</div>\n<div>Interior 17 kg</div>\n<div>Exterior 59.4 kg</div>\n<div>Letra  de eficiencia energética “A”</div>\n<div>Equivalencia en Frigorias; 5.400 aprox.</div>', 'Aire Acondicionado Split 6300w Frio   Calor Nuevo Gas Ecologico R410 Eficiencia Energetica A  Funcion Sleep  Funcion Inteligente  Enfriamiento Rapido  Auto Restart  Filtro Lavable Garantia 12 Meses', 'tcl-sense-eco-split-6300w-frio-calor', '', '', '', 'Tcl Sense Eco Split 6300w Frio   Calor ', '', ''),
(8, 2, 1, '<div>Características y funciones</div>\n<div>\n<ul><li>Función Auto Diagnosis y función Auto protección</li>\n<li>Gas Ecológico R410</li>\n<li>Tecnología GoldFin,</li>\n<li>Función Sleep en Calor</li>\n<li>Función Deshumidificador</li>\n<li>Función Temporizador</li>\n<li>Unidades Silenciosas</li>\n<li>Filtros lavables re-movibles</li>\n<li>Función Anti-aire frío en función calor.</li>\n</ul></div>\n<div>Dimensiones</div>\n<div>Unid. Interior 1103×300x400mm</div>\n<div>Unid. Exterior 1027×705×433mm</div>\n<div>Pesos</div>\n<div>Interior 17 kg</div>\n<div>Exterior 59.4 kg</div>\n<div>Letra  de eficiencia energética “A”</div>\n<div>Equivalencia en Frigorias; 5.400 aprox.</div>', 'Aire Acondicionado Split 6300w Frio   Calor Nuevo Gas Ecologico R410 Eficiencia Energetica A  Funcion Sleep  Funcion Inteligente  Enfriamiento Rapido  Auto Restart  Filtro Lavable Garantia 12 Meses', 'tcl-sense-eco-split-6300w-frio-calor', '', '', '', 'Tcl Sense Eco Split 6300w Frio   Calor ', '', ''),
(8, 3, 1, '<div>Características y funciones</div>\n<div>\n<ul><li>Función Auto Diagnosis y función Auto protección</li>\n<li>Gas Ecológico R410</li>\n<li>Tecnología GoldFin,</li>\n<li>Función Sleep en Calor</li>\n<li>Función Deshumidificador</li>\n<li>Función Temporizador</li>\n<li>Unidades Silenciosas</li>\n<li>Filtros lavables re-movibles</li>\n<li>Función Anti-aire frío en función calor.</li>\n</ul></div>\n<div>Dimensiones</div>\n<div>Unid. Interior 1103×300x400mm</div>\n<div>Unid. Exterior 1027×705×433mm</div>\n<div>Pesos</div>\n<div>Interior 17 kg</div>\n<div>Exterior 59.4 kg</div>\n<div>Letra  de eficiencia energética “A”</div>\n<div>Equivalencia en Frigorias; 5.400 aprox.</div>', 'Aire Acondicionado Split 6300w Frio   Calor Nuevo Gas Ecologico R410 Eficiencia Energetica A  Funcion Sleep  Funcion Inteligente  Enfriamiento Rapido  Auto Restart  Filtro Lavable Garantia 12 Meses', 'tcl-sense-eco-split-6300w-frio-calor', '', '', '', 'Tcl Sense Eco Split 6300w Frio   Calor ', '', ''),
(8, 4, 1, '<div>Características y funciones</div>\n<div>\n<ul><li>Función Auto Diagnosis y función Auto protección</li>\n<li>Gas Ecológico R410</li>\n<li>Tecnología GoldFin,</li>\n<li>Función Sleep en Calor</li>\n<li>Función Deshumidificador</li>\n<li>Función Temporizador</li>\n<li>Unidades Silenciosas</li>\n<li>Filtros lavables re-movibles</li>\n<li>Función Anti-aire frío en función calor.</li>\n</ul></div>\n<div>Dimensiones</div>\n<div>Unid. Interior 1103×300x400mm</div>\n<div>Unid. Exterior 1027×705×433mm</div>\n<div>Pesos</div>\n<div>Interior 17 kg</div>\n<div>Exterior 59.4 kg</div>\n<div>Letra  de eficiencia energética “A”</div>\n<div>Equivalencia en Frigorias; 5.400 aprox.</div>', 'Aire Acondicionado Split 6300w Frio   Calor Nuevo Gas Ecologico R410 Eficiencia Energetica A  Funcion Sleep  Funcion Inteligente  Enfriamiento Rapido  Auto Restart  Filtro Lavable Garantia 12 Meses', 'tcl-sense-eco-split-6300w-frio-calor', '', '', '', 'Tcl Sense Eco Split 6300w Frio   Calor ', '', ''),
(8, 5, 1, '<div>Características y funciones</div>\n<div>\n<ul><li>Función Auto Diagnosis y función Auto protección</li>\n<li>Gas Ecológico R410</li>\n<li>Tecnología GoldFin,</li>\n<li>Función Sleep en Calor</li>\n<li>Función Deshumidificador</li>\n<li>Función Temporizador</li>\n<li>Unidades Silenciosas</li>\n<li>Filtros lavables re-movibles</li>\n<li>Función Anti-aire frío en función calor.</li>\n</ul></div>\n<div>Dimensiones</div>\n<div>Unid. Interior 1103×300x400mm</div>\n<div>Unid. Exterior 1027×705×433mm</div>\n<div>Pesos</div>\n<div>Interior 17 kg</div>\n<div>Exterior 59.4 kg</div>\n<div>Letra  de eficiencia energética “A”</div>\n<div>Equivalencia en Frigorias; 5.400 aprox.</div>', 'Aire Acondicionado Split 6300w Frio   Calor Nuevo Gas Ecologico R410 Eficiencia Energetica A  Funcion Sleep  Funcion Inteligente  Enfriamiento Rapido  Auto Restart  Filtro Lavable Garantia 12 Meses', 'tcl-sense-eco-split-6300w-frio-calor', '', '', '', 'Tcl Sense Eco Split 6300w Frio   Calor ', '', ''),
(8, 6, 1, '<div>Características y funciones</div>\n<div>\n<ul><li>Función Auto Diagnosis y función Auto protección</li>\n<li>Gas Ecológico R410</li>\n<li>Tecnología GoldFin,</li>\n<li>Función Sleep en Calor</li>\n<li>Función Deshumidificador</li>\n<li>Función Temporizador</li>\n<li>Unidades Silenciosas</li>\n<li>Filtros lavables re-movibles</li>\n<li>Función Anti-aire frío en función calor.</li>\n</ul></div>\n<div>Dimensiones</div>\n<div>Unid. Interior 1103×300x400mm</div>\n<div>Unid. Exterior 1027×705×433mm</div>\n<div>Pesos</div>\n<div>Interior 17 kg</div>\n<div>Exterior 59.4 kg</div>\n<div>Letra  de eficiencia energética “A”</div>\n<div>Equivalencia en Frigorias; 5.400 aprox.</div>', 'Aire Acondicionado Split 6300w Frio   Calor Nuevo Gas Ecologico R410 Eficiencia Energetica A  Funcion Sleep  Funcion Inteligente  Enfriamiento Rapido  Auto Restart  Filtro Lavable Garantia 12 Meses', 'tcl-sense-eco-split-6300w-frio-calor', '', '', '', 'Tcl Sense Eco Split 6300w Frio   Calor ', '', ''),
(8, 7, 1, '<div>Características y funciones</div>\n<div>\n<ul><li>Función Auto Diagnosis y función Auto protección</li>\n<li>Gas Ecológico R410</li>\n<li>Tecnología GoldFin,</li>\n<li>Función Sleep en Calor</li>\n<li>Función Deshumidificador</li>\n<li>Función Temporizador</li>\n<li>Unidades Silenciosas</li>\n<li>Filtros lavables re-movibles</li>\n<li>Función Anti-aire frío en función calor.</li>\n</ul></div>\n<div>Dimensiones</div>\n<div>Unid. Interior 1103×300x400mm</div>\n<div>Unid. Exterior 1027×705×433mm</div>\n<div>Pesos</div>\n<div>Interior 17 kg</div>\n<div>Exterior 59.4 kg</div>\n<div>Letra  de eficiencia energética “A”</div>\n<div>Equivalencia en Frigorias; 5.400 aprox.</div>', 'Aire Acondicionado Split 6300w Frio   Calor Nuevo Gas Ecologico R410 Eficiencia Energetica A  Funcion Sleep  Funcion Inteligente  Enfriamiento Rapido  Auto Restart  Filtro Lavable Garantia 12 Meses', 'tcl-sense-eco-split-6300w-frio-calor', '', '', '', 'Tcl Sense Eco Split 6300w Frio   Calor ', '', ''),
(8, 8, 1, '<div>Características y funciones</div>\n<div>\n<ul><li>Función Auto Diagnosis y función Auto protección</li>\n<li>Gas Ecológico R410</li>\n<li>Tecnología GoldFin,</li>\n<li>Función Sleep en Calor</li>\n<li>Función Deshumidificador</li>\n<li>Función Temporizador</li>\n<li>Unidades Silenciosas</li>\n<li>Filtros lavables re-movibles</li>\n<li>Función Anti-aire frío en función calor.</li>\n</ul></div>\n<div>Dimensiones</div>\n<div>Unid. Interior 1103×300x400mm</div>\n<div>Unid. Exterior 1027×705×433mm</div>\n<div>Pesos</div>\n<div>Interior 17 kg</div>\n<div>Exterior 59.4 kg</div>\n<div>Letra  de eficiencia energética “A”</div>\n<div>Equivalencia en Frigorias; 5.400 aprox.</div>', 'Aire Acondicionado Split 6300w Frio   Calor Nuevo Gas Ecologico R410 Eficiencia Energetica A  Funcion Sleep  Funcion Inteligente  Enfriamiento Rapido  Auto Restart  Filtro Lavable Garantia 12 Meses', 'tcl-sense-eco-split-6300w-frio-calor', '', '', '', 'Tcl Sense Eco Split 6300w Frio   Calor ', '', ''),
(9, 1, 1, '', 'Pava Electrica 1 8l', 'pava-electrica-1-8l', '', '', '', 'Pava Electrica 1 8l', '', ''),
(9, 2, 1, '', 'Pava Electrica 1 8l', 'pava-electrica-1-8l', '', '', '', 'Pava Electrica 1 8l', '', ''),
(9, 3, 1, '', 'Pava Electrica 1 8l', 'pava-electrica-1-8l', '', '', '', 'Pava Electrica 1 8l', '', ''),
(9, 4, 1, '', 'Pava Electrica 1 8l', 'pava-electrica-1-8l', '', '', '', 'Pava Electrica 1 8l', '', ''),
(9, 5, 1, '', 'Pava Electrica 1 8l', 'pava-electrica-1-8l', '', '', '', 'Pava Electrica 1 8l', '', ''),
(9, 6, 1, '', 'Pava Electrica 1 8l', 'pava-electrica-1-8l', '', '', '', 'Pava Electrica 1 8l', '', ''),
(9, 7, 1, '', 'Pava Electrica 1 8l', 'pava-electrica-1-8l', '', '', '', 'Pava Electrica 1 8l', '', ''),
(9, 8, 1, '', 'Pava Electrica 1 8l', 'pava-electrica-1-8l', '', '', '', 'Pava Electrica 1 8l', '', ''),
(10, 1, 1, '<p style="text-align:center;"> </p>\n<div class="title">Ficha Técnica</div>\n<div class="specification-table">\n<div id="caracteristicas">\n<div class="specification">\n<h4 class="group Sistema-Operativo">Sistema Operativo</h4>\n<table class="group Sistema-Operativo" cellspacing="0"><tbody><tr class="even"><th class="name-field Version-SO">Versión SO</th>\n<td class="value-field Version-SO">FreeDOS</td>\n</tr></tbody></table></div>\n<div class="specification">\n<h4 class="group Pantalla">Pantalla</h4>\n<table class="group Pantalla" cellspacing="0"><tbody><tr><th class="name-field Touch-Screen">Touch Screen</th>\n<td class="value-field Touch-Screen">No</td>\n</tr><tr class="even"><th class="name-field Tamaño">Tamaño</th>\n<td class="value-field Tamaño">15.6"</td>\n</tr><tr><th class="name-field Resolucion">Resolución</th>\n<td class="value-field Resolucion">1366 x 768 HD</td>\n</tr><tr class="even"><th class="name-field Brillo">Brillo</th>\n<td class="value-field Brillo">Bright Display</td>\n</tr></tbody></table></div>\n<div class="specification">\n<h4 class="group Procesador">Procesador</h4>\n<table class="group Procesador" cellspacing="0"><tbody><tr><th class="name-field Familia-del-procesador">Familia del procesador</th>\n<td class="value-field Familia-del-procesador">Intel® Core® i5</td>\n</tr><tr class="even"><th class="name-field Generacion">Generación</th>\n<td class="value-field Generacion">4ta generación</td>\n</tr></tbody></table></div>\n<div class="specification">\n<h4 class="group Memoria-RAM">Memoria RAM</h4>\n<table class="group Memoria-RAM" cellspacing="0"><tbody><tr><th class="name-field Capacidad">Capacidad</th>\n<td class="value-field Capacidad">4 Gb</td>\n</tr><tr class="even"><th class="name-field Tecnologia">Tecnología</th>\n<td class="value-field Tecnologia">DDR3 1600 MHZ</td>\n</tr></tbody></table></div>\n<div class="specification">\n<h4 class="group Almacenamiento">Almacenamiento</h4>\n<table class="group Almacenamiento" cellspacing="0"><tbody><tr class="even"><th class="name-field Disco-rigido">Disco rígido</th>\n<td class="value-field Disco-rigido">1 Tb</td>\n</tr><tr><th class="name-field Tecnologia-">Tecnología.</th>\n<td class="value-field Tecnologia-">SATA 3</td>\n</tr></tbody></table></div>\n<div class="specification">\n<h4 class="group Graficos">Gráficos</h4>\n<table class="group Graficos" cellspacing="0"><tbody><tr class="even"><th class="name-field Graficos-del-procesador">Gráficos del procesador</th>\n<td class="value-field Graficos-del-procesador">Intel® HD Graphics 4600</td>\n</tr></tbody></table></div>\n<div class="specification">\n<h4 class="group Conectividad-y-Puertos">Conectividad y Puertos</h4>\n<table class="group Conectividad-y-Puertos" cellspacing="0"><tbody><tr><th class="name-field Placa-de-red">Placa de red</th>\n<td class="value-field Placa-de-red">10/100/1000Mb</td>\n</tr><tr class="even"><th class="name-field Wi-Fi">Wi-Fi</th>\n<td class="value-field Wi-Fi">802.11 b/g/n</td>\n</tr><tr><th class="name-field Bluetooth">Bluetooth</th>\n<td class="value-field Bluetooth">4.0</td>\n</tr><tr class="even"><th class="name-field USB">USB</th>\n<td class="value-field USB">USB 2.0 x 2, USB 3.0 x 2</td>\n</tr><tr><th class="name-field Salida-de-video">Salida de video</th>\n<td class="value-field Salida-de-video">HDMI x 1, VGA x 1</td>\n</tr></tbody></table></div>\n<div class="specification">\n<h4 class="group Seguridad-y-sensores">Seguridad y sensores</h4>\n<table class="group Seguridad-y-sensores" cellspacing="0"><tbody><tr><th class="name-field Kensington">Kensington</th>\n<td class="value-field Kensington">Si</td>\n</tr></tbody></table></div>\n<div class="specification">\n<h4 class="group Multimedia">Multimedia</h4>\n<table class="group Multimedia" cellspacing="0"><tbody><tr class="even"><th class="name-field Lector-de-memorias">Lector de memorias</th>\n<td class="value-field Lector-de-memorias">9 en 1</td>\n</tr><tr><th class="name-field Webcam-frontal">Webcam frontal</th>\n<td class="value-field Webcam-frontal">2.0 Mpx HD</td>\n</tr><tr class="even"><th class="name-field Unidad-optica">Unidad óptica</th>\n<td class="value-field Unidad-optica">Lectora/Grabadora CD/DVD</td>\n</tr><tr><th class="name-field Salida-de-audio">Salida de audio</th>\n<td class="value-field Salida-de-audio">Jack 3.5 mm</td>\n</tr><tr class="even"><th class="name-field Entrada-de-microfono">Entrada de micrófono</th>\n<td class="value-field Entrada-de-microfono">Jack 3.5 mm</td>\n</tr><tr><th class="name-field Parlantes-incorporados">Parlantes incorporados</th>\n<td class="value-field Parlantes-incorporados">Stereo</td>\n</tr><tr class="even"><th class="name-field Microfono-incorporado">Micrófono incorporado</th>\n<td class="value-field Microfono-incorporado">Si</td>\n</tr></tbody></table></div>\n<div class="specification">\n<h4 class="group Apariencia">Apariencia</h4>\n<table class="group Apariencia" cellspacing="0"><tbody><tr class="even"><th class="name-field Color">Color</th>\n<td class="value-field Color">Gris oscuro satinado</td>\n</tr><tr><th class="name-field Dimensiones">Dimensiones</th>\n<td class="value-field Dimensiones">374 x 252 x 25.4 mm</td>\n</tr><tr class="even"><th class="name-field Peso">Peso</th>\n<td class="value-field Peso">2.2 Kg</td>\n</tr></tbody></table></div>\n<div class="specification">\n<h4 class="group Bateria-y-Alimentacion">Batería y Alimentación</h4>\n<table class="group Bateria-y-Alimentacion" cellspacing="0"><tbody><tr><th class="name-field Bateria">Batería</th>\n<td class="value-field Bateria">6 Celdas, 48Wh</td>\n</tr><tr class="even"><th class="name-field Fuente-externa">Fuente externa</th>\n<td class="value-field Fuente-externa">Cargador 220V-65W. 19Volt. 3.42A.</td>\n</tr></tbody></table></div>\n<div class="specification">\n<h4 class="group Garantia">Garantía</h4>\n<table class="group Garantia" cellspacing="0"><tbody><tr><th class="name-field Tiempo-de-garantia">Tiempo de garantía</th>\n<td class="value-field Tiempo-de-garantia">1 año</td>\n</tr></tbody></table></div>\n</div>\n</div>', 'Notebook Bangho Core I5 4200m Memoria 4gb Ram Ddr3 Disco 1tb Gb Lectograbadora Dvd Bateria 6 Celdas Pantalla 15 6 Led Web Cam   Lector De Memorias 4 En 1 Hdmi 1 Ano De Garantia', 'notebook-bangho-i5-4200m-4ram-ddr3-1tb-disco-15-pulgadas', '', '', '', 'Notebook Bangho I5 4200m 4ram Ddr3 1tb Disco 15 Pulgadas', '', ''),
(10, 2, 1, '<p style="text-align:center;"> </p>\n<div class="title">Ficha Técnica</div>\n<div class="specification-table">\n<div id="caracteristicas">\n<div class="specification">\n<h4 class="group Sistema-Operativo">Sistema Operativo</h4>\n<table class="group Sistema-Operativo" cellspacing="0"><tbody><tr class="even"><th class="name-field Version-SO">Versión SO</th>\n<td class="value-field Version-SO">FreeDOS</td>\n</tr></tbody></table></div>\n<div class="specification">\n<h4 class="group Pantalla">Pantalla</h4>\n<table class="group Pantalla" cellspacing="0"><tbody><tr><th class="name-field Touch-Screen">Touch Screen</th>\n<td class="value-field Touch-Screen">No</td>\n</tr><tr class="even"><th class="name-field Tamaño">Tamaño</th>\n<td class="value-field Tamaño">15.6"</td>\n</tr><tr><th class="name-field Resolucion">Resolución</th>\n<td class="value-field Resolucion">1366 x 768 HD</td>\n</tr><tr class="even"><th class="name-field Brillo">Brillo</th>\n<td class="value-field Brillo">Bright Display</td>\n</tr></tbody></table></div>\n<div class="specification">\n<h4 class="group Procesador">Procesador</h4>\n<table class="group Procesador" cellspacing="0"><tbody><tr><th class="name-field Familia-del-procesador">Familia del procesador</th>\n<td class="value-field Familia-del-procesador">Intel® Core® i5</td>\n</tr><tr class="even"><th class="name-field Generacion">Generación</th>\n<td class="value-field Generacion">4ta generación</td>\n</tr></tbody></table></div>\n<div class="specification">\n<h4 class="group Memoria-RAM">Memoria RAM</h4>\n<table class="group Memoria-RAM" cellspacing="0"><tbody><tr><th class="name-field Capacidad">Capacidad</th>\n<td class="value-field Capacidad">4 Gb</td>\n</tr><tr class="even"><th class="name-field Tecnologia">Tecnología</th>\n<td class="value-field Tecnologia">DDR3 1600 MHZ</td>\n</tr></tbody></table></div>\n<div class="specification">\n<h4 class="group Almacenamiento">Almacenamiento</h4>\n<table class="group Almacenamiento" cellspacing="0"><tbody><tr class="even"><th class="name-field Disco-rigido">Disco rígido</th>\n<td class="value-field Disco-rigido">1 Tb</td>\n</tr><tr><th class="name-field Tecnologia-">Tecnología.</th>\n<td class="value-field Tecnologia-">SATA 3</td>\n</tr></tbody></table></div>\n<div class="specification">\n<h4 class="group Graficos">Gráficos</h4>\n<table class="group Graficos" cellspacing="0"><tbody><tr class="even"><th class="name-field Graficos-del-procesador">Gráficos del procesador</th>\n<td class="value-field Graficos-del-procesador">Intel® HD Graphics 4600</td>\n</tr></tbody></table></div>\n<div class="specification">\n<h4 class="group Conectividad-y-Puertos">Conectividad y Puertos</h4>\n<table class="group Conectividad-y-Puertos" cellspacing="0"><tbody><tr><th class="name-field Placa-de-red">Placa de red</th>\n<td class="value-field Placa-de-red">10/100/1000Mb</td>\n</tr><tr class="even"><th class="name-field Wi-Fi">Wi-Fi</th>\n<td class="value-field Wi-Fi">802.11 b/g/n</td>\n</tr><tr><th class="name-field Bluetooth">Bluetooth</th>\n<td class="value-field Bluetooth">4.0</td>\n</tr><tr class="even"><th class="name-field USB">USB</th>\n<td class="value-field USB">USB 2.0 x 2, USB 3.0 x 2</td>\n</tr><tr><th class="name-field Salida-de-video">Salida de video</th>\n<td class="value-field Salida-de-video">HDMI x 1, VGA x 1</td>\n</tr></tbody></table></div>\n<div class="specification">\n<h4 class="group Seguridad-y-sensores">Seguridad y sensores</h4>\n<table class="group Seguridad-y-sensores" cellspacing="0"><tbody><tr><th class="name-field Kensington">Kensington</th>\n<td class="value-field Kensington">Si</td>\n</tr></tbody></table></div>\n<div class="specification">\n<h4 class="group Multimedia">Multimedia</h4>\n<table class="group Multimedia" cellspacing="0"><tbody><tr class="even"><th class="name-field Lector-de-memorias">Lector de memorias</th>\n<td class="value-field Lector-de-memorias">9 en 1</td>\n</tr><tr><th class="name-field Webcam-frontal">Webcam frontal</th>\n<td class="value-field Webcam-frontal">2.0 Mpx HD</td>\n</tr><tr class="even"><th class="name-field Unidad-optica">Unidad óptica</th>\n<td class="value-field Unidad-optica">Lectora/Grabadora CD/DVD</td>\n</tr><tr><th class="name-field Salida-de-audio">Salida de audio</th>\n<td class="value-field Salida-de-audio">Jack 3.5 mm</td>\n</tr><tr class="even"><th class="name-field Entrada-de-microfono">Entrada de micrófono</th>\n<td class="value-field Entrada-de-microfono">Jack 3.5 mm</td>\n</tr><tr><th class="name-field Parlantes-incorporados">Parlantes incorporados</th>\n<td class="value-field Parlantes-incorporados">Stereo</td>\n</tr><tr class="even"><th class="name-field Microfono-incorporado">Micrófono incorporado</th>\n<td class="value-field Microfono-incorporado">Si</td>\n</tr></tbody></table></div>\n<div class="specification">\n<h4 class="group Apariencia">Apariencia</h4>\n<table class="group Apariencia" cellspacing="0"><tbody><tr class="even"><th class="name-field Color">Color</th>\n<td class="value-field Color">Gris oscuro satinado</td>\n</tr><tr><th class="name-field Dimensiones">Dimensiones</th>\n<td class="value-field Dimensiones">374 x 252 x 25.4 mm</td>\n</tr><tr class="even"><th class="name-field Peso">Peso</th>\n<td class="value-field Peso">2.2 Kg</td>\n</tr></tbody></table></div>\n<div class="specification">\n<h4 class="group Bateria-y-Alimentacion">Batería y Alimentación</h4>\n<table class="group Bateria-y-Alimentacion" cellspacing="0"><tbody><tr><th class="name-field Bateria">Batería</th>\n<td class="value-field Bateria">6 Celdas, 48Wh</td>\n</tr><tr class="even"><th class="name-field Fuente-externa">Fuente externa</th>\n<td class="value-field Fuente-externa">Cargador 220V-65W. 19Volt. 3.42A.</td>\n</tr></tbody></table></div>\n<div class="specification">\n<h4 class="group Garantia">Garantía</h4>\n<table class="group Garantia" cellspacing="0"><tbody><tr><th class="name-field Tiempo-de-garantia">Tiempo de garantía</th>\n<td class="value-field Tiempo-de-garantia">1 año</td>\n</tr></tbody></table></div>\n</div>\n</div>', 'Notebook Bangho Core I5 4200m Memoria 4gb Ram Ddr3 Disco 1tb Gb Lectograbadora Dvd Bateria 6 Celdas Pantalla 15 6 Led Web Cam   Lector De Memorias 4 En 1 Hdmi 1 Ano De Garantia', 'notebook-bangho-i5-4200m-4ram-ddr3-1tb-disco-15-pulgadas', '', '', '', 'Notebook Bangho I5 4200m 4ram Ddr3 1tb Disco 15 Pulgadas', '', ''),
(10, 3, 1, '<p style="text-align:center;"> </p>\n<div class="title">Ficha Técnica</div>\n<div class="specification-table">\n<div id="caracteristicas">\n<div class="specification">\n<h4 class="group Sistema-Operativo">Sistema Operativo</h4>\n<table class="group Sistema-Operativo" cellspacing="0"><tbody><tr class="even"><th class="name-field Version-SO">Versión SO</th>\n<td class="value-field Version-SO">FreeDOS</td>\n</tr></tbody></table></div>\n<div class="specification">\n<h4 class="group Pantalla">Pantalla</h4>\n<table class="group Pantalla" cellspacing="0"><tbody><tr><th class="name-field Touch-Screen">Touch Screen</th>\n<td class="value-field Touch-Screen">No</td>\n</tr><tr class="even"><th class="name-field Tamaño">Tamaño</th>\n<td class="value-field Tamaño">15.6"</td>\n</tr><tr><th class="name-field Resolucion">Resolución</th>\n<td class="value-field Resolucion">1366 x 768 HD</td>\n</tr><tr class="even"><th class="name-field Brillo">Brillo</th>\n<td class="value-field Brillo">Bright Display</td>\n</tr></tbody></table></div>\n<div class="specification">\n<h4 class="group Procesador">Procesador</h4>\n<table class="group Procesador" cellspacing="0"><tbody><tr><th class="name-field Familia-del-procesador">Familia del procesador</th>\n<td class="value-field Familia-del-procesador">Intel® Core® i5</td>\n</tr><tr class="even"><th class="name-field Generacion">Generación</th>\n<td class="value-field Generacion">4ta generación</td>\n</tr></tbody></table></div>\n<div class="specification">\n<h4 class="group Memoria-RAM">Memoria RAM</h4>\n<table class="group Memoria-RAM" cellspacing="0"><tbody><tr><th class="name-field Capacidad">Capacidad</th>\n<td class="value-field Capacidad">4 Gb</td>\n</tr><tr class="even"><th class="name-field Tecnologia">Tecnología</th>\n<td class="value-field Tecnologia">DDR3 1600 MHZ</td>\n</tr></tbody></table></div>\n<div class="specification">\n<h4 class="group Almacenamiento">Almacenamiento</h4>\n<table class="group Almacenamiento" cellspacing="0"><tbody><tr class="even"><th class="name-field Disco-rigido">Disco rígido</th>\n<td class="value-field Disco-rigido">1 Tb</td>\n</tr><tr><th class="name-field Tecnologia-">Tecnología.</th>\n<td class="value-field Tecnologia-">SATA 3</td>\n</tr></tbody></table></div>\n<div class="specification">\n<h4 class="group Graficos">Gráficos</h4>\n<table class="group Graficos" cellspacing="0"><tbody><tr class="even"><th class="name-field Graficos-del-procesador">Gráficos del procesador</th>\n<td class="value-field Graficos-del-procesador">Intel® HD Graphics 4600</td>\n</tr></tbody></table></div>\n<div class="specification">\n<h4 class="group Conectividad-y-Puertos">Conectividad y Puertos</h4>\n<table class="group Conectividad-y-Puertos" cellspacing="0"><tbody><tr><th class="name-field Placa-de-red">Placa de red</th>\n<td class="value-field Placa-de-red">10/100/1000Mb</td>\n</tr><tr class="even"><th class="name-field Wi-Fi">Wi-Fi</th>\n<td class="value-field Wi-Fi">802.11 b/g/n</td>\n</tr><tr><th class="name-field Bluetooth">Bluetooth</th>\n<td class="value-field Bluetooth">4.0</td>\n</tr><tr class="even"><th class="name-field USB">USB</th>\n<td class="value-field USB">USB 2.0 x 2, USB 3.0 x 2</td>\n</tr><tr><th class="name-field Salida-de-video">Salida de video</th>\n<td class="value-field Salida-de-video">HDMI x 1, VGA x 1</td>\n</tr></tbody></table></div>\n<div class="specification">\n<h4 class="group Seguridad-y-sensores">Seguridad y sensores</h4>\n<table class="group Seguridad-y-sensores" cellspacing="0"><tbody><tr><th class="name-field Kensington">Kensington</th>\n<td class="value-field Kensington">Si</td>\n</tr></tbody></table></div>\n<div class="specification">\n<h4 class="group Multimedia">Multimedia</h4>\n<table class="group Multimedia" cellspacing="0"><tbody><tr class="even"><th class="name-field Lector-de-memorias">Lector de memorias</th>\n<td class="value-field Lector-de-memorias">9 en 1</td>\n</tr><tr><th class="name-field Webcam-frontal">Webcam frontal</th>\n<td class="value-field Webcam-frontal">2.0 Mpx HD</td>\n</tr><tr class="even"><th class="name-field Unidad-optica">Unidad óptica</th>\n<td class="value-field Unidad-optica">Lectora/Grabadora CD/DVD</td>\n</tr><tr><th class="name-field Salida-de-audio">Salida de audio</th>\n<td class="value-field Salida-de-audio">Jack 3.5 mm</td>\n</tr><tr class="even"><th class="name-field Entrada-de-microfono">Entrada de micrófono</th>\n<td class="value-field Entrada-de-microfono">Jack 3.5 mm</td>\n</tr><tr><th class="name-field Parlantes-incorporados">Parlantes incorporados</th>\n<td class="value-field Parlantes-incorporados">Stereo</td>\n</tr><tr class="even"><th class="name-field Microfono-incorporado">Micrófono incorporado</th>\n<td class="value-field Microfono-incorporado">Si</td>\n</tr></tbody></table></div>\n<div class="specification">\n<h4 class="group Apariencia">Apariencia</h4>\n<table class="group Apariencia" cellspacing="0"><tbody><tr class="even"><th class="name-field Color">Color</th>\n<td class="value-field Color">Gris oscuro satinado</td>\n</tr><tr><th class="name-field Dimensiones">Dimensiones</th>\n<td class="value-field Dimensiones">374 x 252 x 25.4 mm</td>\n</tr><tr class="even"><th class="name-field Peso">Peso</th>\n<td class="value-field Peso">2.2 Kg</td>\n</tr></tbody></table></div>\n<div class="specification">\n<h4 class="group Bateria-y-Alimentacion">Batería y Alimentación</h4>\n<table class="group Bateria-y-Alimentacion" cellspacing="0"><tbody><tr><th class="name-field Bateria">Batería</th>\n<td class="value-field Bateria">6 Celdas, 48Wh</td>\n</tr><tr class="even"><th class="name-field Fuente-externa">Fuente externa</th>\n<td class="value-field Fuente-externa">Cargador 220V-65W. 19Volt. 3.42A.</td>\n</tr></tbody></table></div>\n<div class="specification">\n<h4 class="group Garantia">Garantía</h4>\n<table class="group Garantia" cellspacing="0"><tbody><tr><th class="name-field Tiempo-de-garantia">Tiempo de garantía</th>\n<td class="value-field Tiempo-de-garantia">1 año</td>\n</tr></tbody></table></div>\n</div>\n</div>', 'Notebook Bangho Core I5 4200m Memoria 4gb Ram Ddr3 Disco 1tb Gb Lectograbadora Dvd Bateria 6 Celdas Pantalla 15 6 Led Web Cam   Lector De Memorias 4 En 1 Hdmi 1 Ano De Garantia', 'notebook-bangho-i5-4200m-4ram-ddr3-1tb-disco-15-pulgadas', '', '', '', 'Notebook Bangho I5 4200m 4ram Ddr3 1tb Disco 15 Pulgadas', '', ''),
(10, 4, 1, '<p style="text-align:center;"> </p>\n<div class="title">Ficha Técnica</div>\n<div class="specification-table">\n<div id="caracteristicas">\n<div class="specification">\n<h4 class="group Sistema-Operativo">Sistema Operativo</h4>\n<table class="group Sistema-Operativo" cellspacing="0"><tbody><tr class="even"><th class="name-field Version-SO">Versión SO</th>\n<td class="value-field Version-SO">FreeDOS</td>\n</tr></tbody></table></div>\n<div class="specification">\n<h4 class="group Pantalla">Pantalla</h4>\n<table class="group Pantalla" cellspacing="0"><tbody><tr><th class="name-field Touch-Screen">Touch Screen</th>\n<td class="value-field Touch-Screen">No</td>\n</tr><tr class="even"><th class="name-field Tamaño">Tamaño</th>\n<td class="value-field Tamaño">15.6"</td>\n</tr><tr><th class="name-field Resolucion">Resolución</th>\n<td class="value-field Resolucion">1366 x 768 HD</td>\n</tr><tr class="even"><th class="name-field Brillo">Brillo</th>\n<td class="value-field Brillo">Bright Display</td>\n</tr></tbody></table></div>\n<div class="specification">\n<h4 class="group Procesador">Procesador</h4>\n<table class="group Procesador" cellspacing="0"><tbody><tr><th class="name-field Familia-del-procesador">Familia del procesador</th>\n<td class="value-field Familia-del-procesador">Intel® Core® i5</td>\n</tr><tr class="even"><th class="name-field Generacion">Generación</th>\n<td class="value-field Generacion">4ta generación</td>\n</tr></tbody></table></div>\n<div class="specification">\n<h4 class="group Memoria-RAM">Memoria RAM</h4>\n<table class="group Memoria-RAM" cellspacing="0"><tbody><tr><th class="name-field Capacidad">Capacidad</th>\n<td class="value-field Capacidad">4 Gb</td>\n</tr><tr class="even"><th class="name-field Tecnologia">Tecnología</th>\n<td class="value-field Tecnologia">DDR3 1600 MHZ</td>\n</tr></tbody></table></div>\n<div class="specification">\n<h4 class="group Almacenamiento">Almacenamiento</h4>\n<table class="group Almacenamiento" cellspacing="0"><tbody><tr class="even"><th class="name-field Disco-rigido">Disco rígido</th>\n<td class="value-field Disco-rigido">1 Tb</td>\n</tr><tr><th class="name-field Tecnologia-">Tecnología.</th>\n<td class="value-field Tecnologia-">SATA 3</td>\n</tr></tbody></table></div>\n<div class="specification">\n<h4 class="group Graficos">Gráficos</h4>\n<table class="group Graficos" cellspacing="0"><tbody><tr class="even"><th class="name-field Graficos-del-procesador">Gráficos del procesador</th>\n<td class="value-field Graficos-del-procesador">Intel® HD Graphics 4600</td>\n</tr></tbody></table></div>\n<div class="specification">\n<h4 class="group Conectividad-y-Puertos">Conectividad y Puertos</h4>\n<table class="group Conectividad-y-Puertos" cellspacing="0"><tbody><tr><th class="name-field Placa-de-red">Placa de red</th>\n<td class="value-field Placa-de-red">10/100/1000Mb</td>\n</tr><tr class="even"><th class="name-field Wi-Fi">Wi-Fi</th>\n<td class="value-field Wi-Fi">802.11 b/g/n</td>\n</tr><tr><th class="name-field Bluetooth">Bluetooth</th>\n<td class="value-field Bluetooth">4.0</td>\n</tr><tr class="even"><th class="name-field USB">USB</th>\n<td class="value-field USB">USB 2.0 x 2, USB 3.0 x 2</td>\n</tr><tr><th class="name-field Salida-de-video">Salida de video</th>\n<td class="value-field Salida-de-video">HDMI x 1, VGA x 1</td>\n</tr></tbody></table></div>\n<div class="specification">\n<h4 class="group Seguridad-y-sensores">Seguridad y sensores</h4>\n<table class="group Seguridad-y-sensores" cellspacing="0"><tbody><tr><th class="name-field Kensington">Kensington</th>\n<td class="value-field Kensington">Si</td>\n</tr></tbody></table></div>\n<div class="specification">\n<h4 class="group Multimedia">Multimedia</h4>\n<table class="group Multimedia" cellspacing="0"><tbody><tr class="even"><th class="name-field Lector-de-memorias">Lector de memorias</th>\n<td class="value-field Lector-de-memorias">9 en 1</td>\n</tr><tr><th class="name-field Webcam-frontal">Webcam frontal</th>\n<td class="value-field Webcam-frontal">2.0 Mpx HD</td>\n</tr><tr class="even"><th class="name-field Unidad-optica">Unidad óptica</th>\n<td class="value-field Unidad-optica">Lectora/Grabadora CD/DVD</td>\n</tr><tr><th class="name-field Salida-de-audio">Salida de audio</th>\n<td class="value-field Salida-de-audio">Jack 3.5 mm</td>\n</tr><tr class="even"><th class="name-field Entrada-de-microfono">Entrada de micrófono</th>\n<td class="value-field Entrada-de-microfono">Jack 3.5 mm</td>\n</tr><tr><th class="name-field Parlantes-incorporados">Parlantes incorporados</th>\n<td class="value-field Parlantes-incorporados">Stereo</td>\n</tr><tr class="even"><th class="name-field Microfono-incorporado">Micrófono incorporado</th>\n<td class="value-field Microfono-incorporado">Si</td>\n</tr></tbody></table></div>\n<div class="specification">\n<h4 class="group Apariencia">Apariencia</h4>\n<table class="group Apariencia" cellspacing="0"><tbody><tr class="even"><th class="name-field Color">Color</th>\n<td class="value-field Color">Gris oscuro satinado</td>\n</tr><tr><th class="name-field Dimensiones">Dimensiones</th>\n<td class="value-field Dimensiones">374 x 252 x 25.4 mm</td>\n</tr><tr class="even"><th class="name-field Peso">Peso</th>\n<td class="value-field Peso">2.2 Kg</td>\n</tr></tbody></table></div>\n<div class="specification">\n<h4 class="group Bateria-y-Alimentacion">Batería y Alimentación</h4>\n<table class="group Bateria-y-Alimentacion" cellspacing="0"><tbody><tr><th class="name-field Bateria">Batería</th>\n<td class="value-field Bateria">6 Celdas, 48Wh</td>\n</tr><tr class="even"><th class="name-field Fuente-externa">Fuente externa</th>\n<td class="value-field Fuente-externa">Cargador 220V-65W. 19Volt. 3.42A.</td>\n</tr></tbody></table></div>\n<div class="specification">\n<h4 class="group Garantia">Garantía</h4>\n<table class="group Garantia" cellspacing="0"><tbody><tr><th class="name-field Tiempo-de-garantia">Tiempo de garantía</th>\n<td class="value-field Tiempo-de-garantia">1 año</td>\n</tr></tbody></table></div>\n</div>\n</div>', 'Notebook Bangho Core I5 4200m Memoria 4gb Ram Ddr3 Disco 1tb Gb Lectograbadora Dvd Bateria 6 Celdas Pantalla 15 6 Led Web Cam   Lector De Memorias 4 En 1 Hdmi 1 Ano De Garantia', 'notebook-bangho-i5-4200m-4ram-ddr3-1tb-disco-15-pulgadas', '', '', '', 'Notebook Bangho I5 4200m 4ram Ddr3 1tb Disco 15 Pulgadas', '', ''),
(10, 5, 1, '<p style="text-align:center;"> </p>\n<div class="title">Ficha Técnica</div>\n<div class="specification-table">\n<div id="caracteristicas">\n<div class="specification">\n<h4 class="group Sistema-Operativo">Sistema Operativo</h4>\n<table class="group Sistema-Operativo" cellspacing="0"><tbody><tr class="even"><th class="name-field Version-SO">Versión SO</th>\n<td class="value-field Version-SO">FreeDOS</td>\n</tr></tbody></table></div>\n<div class="specification">\n<h4 class="group Pantalla">Pantalla</h4>\n<table class="group Pantalla" cellspacing="0"><tbody><tr><th class="name-field Touch-Screen">Touch Screen</th>\n<td class="value-field Touch-Screen">No</td>\n</tr><tr class="even"><th class="name-field Tamaño">Tamaño</th>\n<td class="value-field Tamaño">15.6"</td>\n</tr><tr><th class="name-field Resolucion">Resolución</th>\n<td class="value-field Resolucion">1366 x 768 HD</td>\n</tr><tr class="even"><th class="name-field Brillo">Brillo</th>\n<td class="value-field Brillo">Bright Display</td>\n</tr></tbody></table></div>\n<div class="specification">\n<h4 class="group Procesador">Procesador</h4>\n<table class="group Procesador" cellspacing="0"><tbody><tr><th class="name-field Familia-del-procesador">Familia del procesador</th>\n<td class="value-field Familia-del-procesador">Intel® Core® i5</td>\n</tr><tr class="even"><th class="name-field Generacion">Generación</th>\n<td class="value-field Generacion">4ta generación</td>\n</tr></tbody></table></div>\n<div class="specification">\n<h4 class="group Memoria-RAM">Memoria RAM</h4>\n<table class="group Memoria-RAM" cellspacing="0"><tbody><tr><th class="name-field Capacidad">Capacidad</th>\n<td class="value-field Capacidad">4 Gb</td>\n</tr><tr class="even"><th class="name-field Tecnologia">Tecnología</th>\n<td class="value-field Tecnologia">DDR3 1600 MHZ</td>\n</tr></tbody></table></div>\n<div class="specification">\n<h4 class="group Almacenamiento">Almacenamiento</h4>\n<table class="group Almacenamiento" cellspacing="0"><tbody><tr class="even"><th class="name-field Disco-rigido">Disco rígido</th>\n<td class="value-field Disco-rigido">1 Tb</td>\n</tr><tr><th class="name-field Tecnologia-">Tecnología.</th>\n<td class="value-field Tecnologia-">SATA 3</td>\n</tr></tbody></table></div>\n<div class="specification">\n<h4 class="group Graficos">Gráficos</h4>\n<table class="group Graficos" cellspacing="0"><tbody><tr class="even"><th class="name-field Graficos-del-procesador">Gráficos del procesador</th>\n<td class="value-field Graficos-del-procesador">Intel® HD Graphics 4600</td>\n</tr></tbody></table></div>\n<div class="specification">\n<h4 class="group Conectividad-y-Puertos">Conectividad y Puertos</h4>\n<table class="group Conectividad-y-Puertos" cellspacing="0"><tbody><tr><th class="name-field Placa-de-red">Placa de red</th>\n<td class="value-field Placa-de-red">10/100/1000Mb</td>\n</tr><tr class="even"><th class="name-field Wi-Fi">Wi-Fi</th>\n<td class="value-field Wi-Fi">802.11 b/g/n</td>\n</tr><tr><th class="name-field Bluetooth">Bluetooth</th>\n<td class="value-field Bluetooth">4.0</td>\n</tr><tr class="even"><th class="name-field USB">USB</th>\n<td class="value-field USB">USB 2.0 x 2, USB 3.0 x 2</td>\n</tr><tr><th class="name-field Salida-de-video">Salida de video</th>\n<td class="value-field Salida-de-video">HDMI x 1, VGA x 1</td>\n</tr></tbody></table></div>\n<div class="specification">\n<h4 class="group Seguridad-y-sensores">Seguridad y sensores</h4>\n<table class="group Seguridad-y-sensores" cellspacing="0"><tbody><tr><th class="name-field Kensington">Kensington</th>\n<td class="value-field Kensington">Si</td>\n</tr></tbody></table></div>\n<div class="specification">\n<h4 class="group Multimedia">Multimedia</h4>\n<table class="group Multimedia" cellspacing="0"><tbody><tr class="even"><th class="name-field Lector-de-memorias">Lector de memorias</th>\n<td class="value-field Lector-de-memorias">9 en 1</td>\n</tr><tr><th class="name-field Webcam-frontal">Webcam frontal</th>\n<td class="value-field Webcam-frontal">2.0 Mpx HD</td>\n</tr><tr class="even"><th class="name-field Unidad-optica">Unidad óptica</th>\n<td class="value-field Unidad-optica">Lectora/Grabadora CD/DVD</td>\n</tr><tr><th class="name-field Salida-de-audio">Salida de audio</th>\n<td class="value-field Salida-de-audio">Jack 3.5 mm</td>\n</tr><tr class="even"><th class="name-field Entrada-de-microfono">Entrada de micrófono</th>\n<td class="value-field Entrada-de-microfono">Jack 3.5 mm</td>\n</tr><tr><th class="name-field Parlantes-incorporados">Parlantes incorporados</th>\n<td class="value-field Parlantes-incorporados">Stereo</td>\n</tr><tr class="even"><th class="name-field Microfono-incorporado">Micrófono incorporado</th>\n<td class="value-field Microfono-incorporado">Si</td>\n</tr></tbody></table></div>\n<div class="specification">\n<h4 class="group Apariencia">Apariencia</h4>\n<table class="group Apariencia" cellspacing="0"><tbody><tr class="even"><th class="name-field Color">Color</th>\n<td class="value-field Color">Gris oscuro satinado</td>\n</tr><tr><th class="name-field Dimensiones">Dimensiones</th>\n<td class="value-field Dimensiones">374 x 252 x 25.4 mm</td>\n</tr><tr class="even"><th class="name-field Peso">Peso</th>\n<td class="value-field Peso">2.2 Kg</td>\n</tr></tbody></table></div>\n<div class="specification">\n<h4 class="group Bateria-y-Alimentacion">Batería y Alimentación</h4>\n<table class="group Bateria-y-Alimentacion" cellspacing="0"><tbody><tr><th class="name-field Bateria">Batería</th>\n<td class="value-field Bateria">6 Celdas, 48Wh</td>\n</tr><tr class="even"><th class="name-field Fuente-externa">Fuente externa</th>\n<td class="value-field Fuente-externa">Cargador 220V-65W. 19Volt. 3.42A.</td>\n</tr></tbody></table></div>\n<div class="specification">\n<h4 class="group Garantia">Garantía</h4>\n<table class="group Garantia" cellspacing="0"><tbody><tr><th class="name-field Tiempo-de-garantia">Tiempo de garantía</th>\n<td class="value-field Tiempo-de-garantia">1 año</td>\n</tr></tbody></table></div>\n</div>\n</div>', 'Notebook Bangho Core I5 4200m Memoria 4gb Ram Ddr3 Disco 1tb Gb Lectograbadora Dvd Bateria 6 Celdas Pantalla 15 6 Led Web Cam   Lector De Memorias 4 En 1 Hdmi 1 Ano De Garantia', 'notebook-bangho-i5-4200m-4ram-ddr3-1tb-disco-15-pulgadas', '', '', '', 'Notebook Bangho I5 4200m 4ram Ddr3 1tb Disco 15 Pulgadas', '', '');
INSERT INTO `mto_product_lang` (`id_product`, `id_shop`, `id_lang`, `description`, `description_short`, `link_rewrite`, `meta_description`, `meta_keywords`, `meta_title`, `name`, `available_now`, `available_later`) VALUES
(10, 6, 1, '<p style="text-align:center;"> </p>\n<div class="title">Ficha Técnica</div>\n<div class="specification-table">\n<div id="caracteristicas">\n<div class="specification">\n<h4 class="group Sistema-Operativo">Sistema Operativo</h4>\n<table class="group Sistema-Operativo" cellspacing="0"><tbody><tr class="even"><th class="name-field Version-SO">Versión SO</th>\n<td class="value-field Version-SO">FreeDOS</td>\n</tr></tbody></table></div>\n<div class="specification">\n<h4 class="group Pantalla">Pantalla</h4>\n<table class="group Pantalla" cellspacing="0"><tbody><tr><th class="name-field Touch-Screen">Touch Screen</th>\n<td class="value-field Touch-Screen">No</td>\n</tr><tr class="even"><th class="name-field Tamaño">Tamaño</th>\n<td class="value-field Tamaño">15.6"</td>\n</tr><tr><th class="name-field Resolucion">Resolución</th>\n<td class="value-field Resolucion">1366 x 768 HD</td>\n</tr><tr class="even"><th class="name-field Brillo">Brillo</th>\n<td class="value-field Brillo">Bright Display</td>\n</tr></tbody></table></div>\n<div class="specification">\n<h4 class="group Procesador">Procesador</h4>\n<table class="group Procesador" cellspacing="0"><tbody><tr><th class="name-field Familia-del-procesador">Familia del procesador</th>\n<td class="value-field Familia-del-procesador">Intel® Core® i5</td>\n</tr><tr class="even"><th class="name-field Generacion">Generación</th>\n<td class="value-field Generacion">4ta generación</td>\n</tr></tbody></table></div>\n<div class="specification">\n<h4 class="group Memoria-RAM">Memoria RAM</h4>\n<table class="group Memoria-RAM" cellspacing="0"><tbody><tr><th class="name-field Capacidad">Capacidad</th>\n<td class="value-field Capacidad">4 Gb</td>\n</tr><tr class="even"><th class="name-field Tecnologia">Tecnología</th>\n<td class="value-field Tecnologia">DDR3 1600 MHZ</td>\n</tr></tbody></table></div>\n<div class="specification">\n<h4 class="group Almacenamiento">Almacenamiento</h4>\n<table class="group Almacenamiento" cellspacing="0"><tbody><tr class="even"><th class="name-field Disco-rigido">Disco rígido</th>\n<td class="value-field Disco-rigido">1 Tb</td>\n</tr><tr><th class="name-field Tecnologia-">Tecnología.</th>\n<td class="value-field Tecnologia-">SATA 3</td>\n</tr></tbody></table></div>\n<div class="specification">\n<h4 class="group Graficos">Gráficos</h4>\n<table class="group Graficos" cellspacing="0"><tbody><tr class="even"><th class="name-field Graficos-del-procesador">Gráficos del procesador</th>\n<td class="value-field Graficos-del-procesador">Intel® HD Graphics 4600</td>\n</tr></tbody></table></div>\n<div class="specification">\n<h4 class="group Conectividad-y-Puertos">Conectividad y Puertos</h4>\n<table class="group Conectividad-y-Puertos" cellspacing="0"><tbody><tr><th class="name-field Placa-de-red">Placa de red</th>\n<td class="value-field Placa-de-red">10/100/1000Mb</td>\n</tr><tr class="even"><th class="name-field Wi-Fi">Wi-Fi</th>\n<td class="value-field Wi-Fi">802.11 b/g/n</td>\n</tr><tr><th class="name-field Bluetooth">Bluetooth</th>\n<td class="value-field Bluetooth">4.0</td>\n</tr><tr class="even"><th class="name-field USB">USB</th>\n<td class="value-field USB">USB 2.0 x 2, USB 3.0 x 2</td>\n</tr><tr><th class="name-field Salida-de-video">Salida de video</th>\n<td class="value-field Salida-de-video">HDMI x 1, VGA x 1</td>\n</tr></tbody></table></div>\n<div class="specification">\n<h4 class="group Seguridad-y-sensores">Seguridad y sensores</h4>\n<table class="group Seguridad-y-sensores" cellspacing="0"><tbody><tr><th class="name-field Kensington">Kensington</th>\n<td class="value-field Kensington">Si</td>\n</tr></tbody></table></div>\n<div class="specification">\n<h4 class="group Multimedia">Multimedia</h4>\n<table class="group Multimedia" cellspacing="0"><tbody><tr class="even"><th class="name-field Lector-de-memorias">Lector de memorias</th>\n<td class="value-field Lector-de-memorias">9 en 1</td>\n</tr><tr><th class="name-field Webcam-frontal">Webcam frontal</th>\n<td class="value-field Webcam-frontal">2.0 Mpx HD</td>\n</tr><tr class="even"><th class="name-field Unidad-optica">Unidad óptica</th>\n<td class="value-field Unidad-optica">Lectora/Grabadora CD/DVD</td>\n</tr><tr><th class="name-field Salida-de-audio">Salida de audio</th>\n<td class="value-field Salida-de-audio">Jack 3.5 mm</td>\n</tr><tr class="even"><th class="name-field Entrada-de-microfono">Entrada de micrófono</th>\n<td class="value-field Entrada-de-microfono">Jack 3.5 mm</td>\n</tr><tr><th class="name-field Parlantes-incorporados">Parlantes incorporados</th>\n<td class="value-field Parlantes-incorporados">Stereo</td>\n</tr><tr class="even"><th class="name-field Microfono-incorporado">Micrófono incorporado</th>\n<td class="value-field Microfono-incorporado">Si</td>\n</tr></tbody></table></div>\n<div class="specification">\n<h4 class="group Apariencia">Apariencia</h4>\n<table class="group Apariencia" cellspacing="0"><tbody><tr class="even"><th class="name-field Color">Color</th>\n<td class="value-field Color">Gris oscuro satinado</td>\n</tr><tr><th class="name-field Dimensiones">Dimensiones</th>\n<td class="value-field Dimensiones">374 x 252 x 25.4 mm</td>\n</tr><tr class="even"><th class="name-field Peso">Peso</th>\n<td class="value-field Peso">2.2 Kg</td>\n</tr></tbody></table></div>\n<div class="specification">\n<h4 class="group Bateria-y-Alimentacion">Batería y Alimentación</h4>\n<table class="group Bateria-y-Alimentacion" cellspacing="0"><tbody><tr><th class="name-field Bateria">Batería</th>\n<td class="value-field Bateria">6 Celdas, 48Wh</td>\n</tr><tr class="even"><th class="name-field Fuente-externa">Fuente externa</th>\n<td class="value-field Fuente-externa">Cargador 220V-65W. 19Volt. 3.42A.</td>\n</tr></tbody></table></div>\n<div class="specification">\n<h4 class="group Garantia">Garantía</h4>\n<table class="group Garantia" cellspacing="0"><tbody><tr><th class="name-field Tiempo-de-garantia">Tiempo de garantía</th>\n<td class="value-field Tiempo-de-garantia">1 año</td>\n</tr></tbody></table></div>\n</div>\n</div>', 'Notebook Bangho Core I5 4200m Memoria 4gb Ram Ddr3 Disco 1tb Gb Lectograbadora Dvd Bateria 6 Celdas Pantalla 15 6 Led Web Cam   Lector De Memorias 4 En 1 Hdmi 1 Ano De Garantia', 'notebook-bangho-i5-4200m-4ram-ddr3-1tb-disco-15-pulgadas', '', '', '', 'Notebook Bangho I5 4200m 4ram Ddr3 1tb Disco 15 Pulgadas', '', ''),
(10, 7, 1, '<p style="text-align:center;"> </p>\n<div class="title">Ficha Técnica</div>\n<div class="specification-table">\n<div id="caracteristicas">\n<div class="specification">\n<h4 class="group Sistema-Operativo">Sistema Operativo</h4>\n<table class="group Sistema-Operativo" cellspacing="0"><tbody><tr class="even"><th class="name-field Version-SO">Versión SO</th>\n<td class="value-field Version-SO">FreeDOS</td>\n</tr></tbody></table></div>\n<div class="specification">\n<h4 class="group Pantalla">Pantalla</h4>\n<table class="group Pantalla" cellspacing="0"><tbody><tr><th class="name-field Touch-Screen">Touch Screen</th>\n<td class="value-field Touch-Screen">No</td>\n</tr><tr class="even"><th class="name-field Tamaño">Tamaño</th>\n<td class="value-field Tamaño">15.6"</td>\n</tr><tr><th class="name-field Resolucion">Resolución</th>\n<td class="value-field Resolucion">1366 x 768 HD</td>\n</tr><tr class="even"><th class="name-field Brillo">Brillo</th>\n<td class="value-field Brillo">Bright Display</td>\n</tr></tbody></table></div>\n<div class="specification">\n<h4 class="group Procesador">Procesador</h4>\n<table class="group Procesador" cellspacing="0"><tbody><tr><th class="name-field Familia-del-procesador">Familia del procesador</th>\n<td class="value-field Familia-del-procesador">Intel® Core® i5</td>\n</tr><tr class="even"><th class="name-field Generacion">Generación</th>\n<td class="value-field Generacion">4ta generación</td>\n</tr></tbody></table></div>\n<div class="specification">\n<h4 class="group Memoria-RAM">Memoria RAM</h4>\n<table class="group Memoria-RAM" cellspacing="0"><tbody><tr><th class="name-field Capacidad">Capacidad</th>\n<td class="value-field Capacidad">4 Gb</td>\n</tr><tr class="even"><th class="name-field Tecnologia">Tecnología</th>\n<td class="value-field Tecnologia">DDR3 1600 MHZ</td>\n</tr></tbody></table></div>\n<div class="specification">\n<h4 class="group Almacenamiento">Almacenamiento</h4>\n<table class="group Almacenamiento" cellspacing="0"><tbody><tr class="even"><th class="name-field Disco-rigido">Disco rígido</th>\n<td class="value-field Disco-rigido">1 Tb</td>\n</tr><tr><th class="name-field Tecnologia-">Tecnología.</th>\n<td class="value-field Tecnologia-">SATA 3</td>\n</tr></tbody></table></div>\n<div class="specification">\n<h4 class="group Graficos">Gráficos</h4>\n<table class="group Graficos" cellspacing="0"><tbody><tr class="even"><th class="name-field Graficos-del-procesador">Gráficos del procesador</th>\n<td class="value-field Graficos-del-procesador">Intel® HD Graphics 4600</td>\n</tr></tbody></table></div>\n<div class="specification">\n<h4 class="group Conectividad-y-Puertos">Conectividad y Puertos</h4>\n<table class="group Conectividad-y-Puertos" cellspacing="0"><tbody><tr><th class="name-field Placa-de-red">Placa de red</th>\n<td class="value-field Placa-de-red">10/100/1000Mb</td>\n</tr><tr class="even"><th class="name-field Wi-Fi">Wi-Fi</th>\n<td class="value-field Wi-Fi">802.11 b/g/n</td>\n</tr><tr><th class="name-field Bluetooth">Bluetooth</th>\n<td class="value-field Bluetooth">4.0</td>\n</tr><tr class="even"><th class="name-field USB">USB</th>\n<td class="value-field USB">USB 2.0 x 2, USB 3.0 x 2</td>\n</tr><tr><th class="name-field Salida-de-video">Salida de video</th>\n<td class="value-field Salida-de-video">HDMI x 1, VGA x 1</td>\n</tr></tbody></table></div>\n<div class="specification">\n<h4 class="group Seguridad-y-sensores">Seguridad y sensores</h4>\n<table class="group Seguridad-y-sensores" cellspacing="0"><tbody><tr><th class="name-field Kensington">Kensington</th>\n<td class="value-field Kensington">Si</td>\n</tr></tbody></table></div>\n<div class="specification">\n<h4 class="group Multimedia">Multimedia</h4>\n<table class="group Multimedia" cellspacing="0"><tbody><tr class="even"><th class="name-field Lector-de-memorias">Lector de memorias</th>\n<td class="value-field Lector-de-memorias">9 en 1</td>\n</tr><tr><th class="name-field Webcam-frontal">Webcam frontal</th>\n<td class="value-field Webcam-frontal">2.0 Mpx HD</td>\n</tr><tr class="even"><th class="name-field Unidad-optica">Unidad óptica</th>\n<td class="value-field Unidad-optica">Lectora/Grabadora CD/DVD</td>\n</tr><tr><th class="name-field Salida-de-audio">Salida de audio</th>\n<td class="value-field Salida-de-audio">Jack 3.5 mm</td>\n</tr><tr class="even"><th class="name-field Entrada-de-microfono">Entrada de micrófono</th>\n<td class="value-field Entrada-de-microfono">Jack 3.5 mm</td>\n</tr><tr><th class="name-field Parlantes-incorporados">Parlantes incorporados</th>\n<td class="value-field Parlantes-incorporados">Stereo</td>\n</tr><tr class="even"><th class="name-field Microfono-incorporado">Micrófono incorporado</th>\n<td class="value-field Microfono-incorporado">Si</td>\n</tr></tbody></table></div>\n<div class="specification">\n<h4 class="group Apariencia">Apariencia</h4>\n<table class="group Apariencia" cellspacing="0"><tbody><tr class="even"><th class="name-field Color">Color</th>\n<td class="value-field Color">Gris oscuro satinado</td>\n</tr><tr><th class="name-field Dimensiones">Dimensiones</th>\n<td class="value-field Dimensiones">374 x 252 x 25.4 mm</td>\n</tr><tr class="even"><th class="name-field Peso">Peso</th>\n<td class="value-field Peso">2.2 Kg</td>\n</tr></tbody></table></div>\n<div class="specification">\n<h4 class="group Bateria-y-Alimentacion">Batería y Alimentación</h4>\n<table class="group Bateria-y-Alimentacion" cellspacing="0"><tbody><tr><th class="name-field Bateria">Batería</th>\n<td class="value-field Bateria">6 Celdas, 48Wh</td>\n</tr><tr class="even"><th class="name-field Fuente-externa">Fuente externa</th>\n<td class="value-field Fuente-externa">Cargador 220V-65W. 19Volt. 3.42A.</td>\n</tr></tbody></table></div>\n<div class="specification">\n<h4 class="group Garantia">Garantía</h4>\n<table class="group Garantia" cellspacing="0"><tbody><tr><th class="name-field Tiempo-de-garantia">Tiempo de garantía</th>\n<td class="value-field Tiempo-de-garantia">1 año</td>\n</tr></tbody></table></div>\n</div>\n</div>', 'Notebook Bangho Core I5 4200m Memoria 4gb Ram Ddr3 Disco 1tb Gb Lectograbadora Dvd Bateria 6 Celdas Pantalla 15 6 Led Web Cam   Lector De Memorias 4 En 1 Hdmi 1 Ano De Garantia', 'notebook-bangho-i5-4200m-4ram-ddr3-1tb-disco-15-pulgadas', '', '', '', 'Notebook Bangho I5 4200m 4ram Ddr3 1tb Disco 15 Pulgadas', '', ''),
(10, 8, 1, '<p style="text-align:center;"> </p>\n<div class="title">Ficha Técnica</div>\n<div class="specification-table">\n<div id="caracteristicas">\n<div class="specification">\n<h4 class="group Sistema-Operativo">Sistema Operativo</h4>\n<table class="group Sistema-Operativo" cellspacing="0"><tbody><tr class="even"><th class="name-field Version-SO">Versión SO</th>\n<td class="value-field Version-SO">FreeDOS</td>\n</tr></tbody></table></div>\n<div class="specification">\n<h4 class="group Pantalla">Pantalla</h4>\n<table class="group Pantalla" cellspacing="0"><tbody><tr><th class="name-field Touch-Screen">Touch Screen</th>\n<td class="value-field Touch-Screen">No</td>\n</tr><tr class="even"><th class="name-field Tamaño">Tamaño</th>\n<td class="value-field Tamaño">15.6"</td>\n</tr><tr><th class="name-field Resolucion">Resolución</th>\n<td class="value-field Resolucion">1366 x 768 HD</td>\n</tr><tr class="even"><th class="name-field Brillo">Brillo</th>\n<td class="value-field Brillo">Bright Display</td>\n</tr></tbody></table></div>\n<div class="specification">\n<h4 class="group Procesador">Procesador</h4>\n<table class="group Procesador" cellspacing="0"><tbody><tr><th class="name-field Familia-del-procesador">Familia del procesador</th>\n<td class="value-field Familia-del-procesador">Intel® Core® i5</td>\n</tr><tr class="even"><th class="name-field Generacion">Generación</th>\n<td class="value-field Generacion">4ta generación</td>\n</tr></tbody></table></div>\n<div class="specification">\n<h4 class="group Memoria-RAM">Memoria RAM</h4>\n<table class="group Memoria-RAM" cellspacing="0"><tbody><tr><th class="name-field Capacidad">Capacidad</th>\n<td class="value-field Capacidad">4 Gb</td>\n</tr><tr class="even"><th class="name-field Tecnologia">Tecnología</th>\n<td class="value-field Tecnologia">DDR3 1600 MHZ</td>\n</tr></tbody></table></div>\n<div class="specification">\n<h4 class="group Almacenamiento">Almacenamiento</h4>\n<table class="group Almacenamiento" cellspacing="0"><tbody><tr class="even"><th class="name-field Disco-rigido">Disco rígido</th>\n<td class="value-field Disco-rigido">1 Tb</td>\n</tr><tr><th class="name-field Tecnologia-">Tecnología.</th>\n<td class="value-field Tecnologia-">SATA 3</td>\n</tr></tbody></table></div>\n<div class="specification">\n<h4 class="group Graficos">Gráficos</h4>\n<table class="group Graficos" cellspacing="0"><tbody><tr class="even"><th class="name-field Graficos-del-procesador">Gráficos del procesador</th>\n<td class="value-field Graficos-del-procesador">Intel® HD Graphics 4600</td>\n</tr></tbody></table></div>\n<div class="specification">\n<h4 class="group Conectividad-y-Puertos">Conectividad y Puertos</h4>\n<table class="group Conectividad-y-Puertos" cellspacing="0"><tbody><tr><th class="name-field Placa-de-red">Placa de red</th>\n<td class="value-field Placa-de-red">10/100/1000Mb</td>\n</tr><tr class="even"><th class="name-field Wi-Fi">Wi-Fi</th>\n<td class="value-field Wi-Fi">802.11 b/g/n</td>\n</tr><tr><th class="name-field Bluetooth">Bluetooth</th>\n<td class="value-field Bluetooth">4.0</td>\n</tr><tr class="even"><th class="name-field USB">USB</th>\n<td class="value-field USB">USB 2.0 x 2, USB 3.0 x 2</td>\n</tr><tr><th class="name-field Salida-de-video">Salida de video</th>\n<td class="value-field Salida-de-video">HDMI x 1, VGA x 1</td>\n</tr></tbody></table></div>\n<div class="specification">\n<h4 class="group Seguridad-y-sensores">Seguridad y sensores</h4>\n<table class="group Seguridad-y-sensores" cellspacing="0"><tbody><tr><th class="name-field Kensington">Kensington</th>\n<td class="value-field Kensington">Si</td>\n</tr></tbody></table></div>\n<div class="specification">\n<h4 class="group Multimedia">Multimedia</h4>\n<table class="group Multimedia" cellspacing="0"><tbody><tr class="even"><th class="name-field Lector-de-memorias">Lector de memorias</th>\n<td class="value-field Lector-de-memorias">9 en 1</td>\n</tr><tr><th class="name-field Webcam-frontal">Webcam frontal</th>\n<td class="value-field Webcam-frontal">2.0 Mpx HD</td>\n</tr><tr class="even"><th class="name-field Unidad-optica">Unidad óptica</th>\n<td class="value-field Unidad-optica">Lectora/Grabadora CD/DVD</td>\n</tr><tr><th class="name-field Salida-de-audio">Salida de audio</th>\n<td class="value-field Salida-de-audio">Jack 3.5 mm</td>\n</tr><tr class="even"><th class="name-field Entrada-de-microfono">Entrada de micrófono</th>\n<td class="value-field Entrada-de-microfono">Jack 3.5 mm</td>\n</tr><tr><th class="name-field Parlantes-incorporados">Parlantes incorporados</th>\n<td class="value-field Parlantes-incorporados">Stereo</td>\n</tr><tr class="even"><th class="name-field Microfono-incorporado">Micrófono incorporado</th>\n<td class="value-field Microfono-incorporado">Si</td>\n</tr></tbody></table></div>\n<div class="specification">\n<h4 class="group Apariencia">Apariencia</h4>\n<table class="group Apariencia" cellspacing="0"><tbody><tr class="even"><th class="name-field Color">Color</th>\n<td class="value-field Color">Gris oscuro satinado</td>\n</tr><tr><th class="name-field Dimensiones">Dimensiones</th>\n<td class="value-field Dimensiones">374 x 252 x 25.4 mm</td>\n</tr><tr class="even"><th class="name-field Peso">Peso</th>\n<td class="value-field Peso">2.2 Kg</td>\n</tr></tbody></table></div>\n<div class="specification">\n<h4 class="group Bateria-y-Alimentacion">Batería y Alimentación</h4>\n<table class="group Bateria-y-Alimentacion" cellspacing="0"><tbody><tr><th class="name-field Bateria">Batería</th>\n<td class="value-field Bateria">6 Celdas, 48Wh</td>\n</tr><tr class="even"><th class="name-field Fuente-externa">Fuente externa</th>\n<td class="value-field Fuente-externa">Cargador 220V-65W. 19Volt. 3.42A.</td>\n</tr></tbody></table></div>\n<div class="specification">\n<h4 class="group Garantia">Garantía</h4>\n<table class="group Garantia" cellspacing="0"><tbody><tr><th class="name-field Tiempo-de-garantia">Tiempo de garantía</th>\n<td class="value-field Tiempo-de-garantia">1 año</td>\n</tr></tbody></table></div>\n</div>\n</div>', 'Notebook Bangho Core I5 4200m Memoria 4gb Ram Ddr3 Disco 1tb Gb Lectograbadora Dvd Bateria 6 Celdas Pantalla 15 6 Led Web Cam   Lector De Memorias 4 En 1 Hdmi 1 Ano De Garantia', 'notebook-bangho-i5-4200m-4ram-ddr3-1tb-disco-15-pulgadas', '', '', '', 'Notebook Bangho I5 4200m 4ram Ddr3 1tb Disco 15 Pulgadas', '', '');

-- --------------------------------------------------------

--
-- Estructura de tabla para la tabla `mto_state`
--

CREATE TABLE IF NOT EXISTS `mto_state` (
  `id_state` int(10) unsigned NOT NULL AUTO_INCREMENT,
  `id_country` int(11) unsigned NOT NULL,
  `id_zone` int(11) unsigned NOT NULL,
  `name` varchar(64) NOT NULL,
  `iso_code` varchar(7) NOT NULL,
  `tax_behavior` smallint(1) NOT NULL DEFAULT '0',
  `active` tinyint(1) NOT NULL DEFAULT '0',
  PRIMARY KEY (`id_state`),
  KEY `id_country` (`id_country`),
  KEY `name` (`name`),
  KEY `id_zone` (`id_zone`)
) ENGINE=InnoDB  DEFAULT CHARSET=utf8 AUTO_INCREMENT=314 ;

--
-- Volcado de datos para la tabla `mto_state`
--

INSERT INTO `mto_state` (`id_state`, `id_country`, `id_zone`, `name`, `iso_code`, `tax_behavior`, `active`) VALUES
(1, 21, 2, 'Alabama', 'AL', 0, 1),
(2, 21, 2, 'Alaska', 'AK', 0, 1),
(3, 21, 2, 'Arizona', 'AZ', 0, 1),
(4, 21, 2, 'Arkansas', 'AR', 0, 1),
(5, 21, 2, 'California', 'CA', 0, 1),
(6, 21, 2, 'Colorado', 'CO', 0, 1),
(7, 21, 2, 'Connecticut', 'CT', 0, 1),
(8, 21, 2, 'Delaware', 'DE', 0, 1),
(9, 21, 2, 'Florida', 'FL', 0, 1),
(10, 21, 2, 'Georgia', 'GA', 0, 1),
(11, 21, 2, 'Hawaii', 'HI', 0, 1),
(12, 21, 2, 'Idaho', 'ID', 0, 1),
(13, 21, 2, 'Illinois', 'IL', 0, 1),
(14, 21, 2, 'Indiana', 'IN', 0, 1),
(15, 21, 2, 'Iowa', 'IA', 0, 1),
(16, 21, 2, 'Kansas', 'KS', 0, 1),
(17, 21, 2, 'Kentucky', 'KY', 0, 1),
(18, 21, 2, 'Louisiana', 'LA', 0, 1),
(19, 21, 2, 'Maine', 'ME', 0, 1),
(20, 21, 2, 'Maryland', 'MD', 0, 1),
(21, 21, 2, 'Massachusetts', 'MA', 0, 1),
(22, 21, 2, 'Michigan', 'MI', 0, 1),
(23, 21, 2, 'Minnesota', 'MN', 0, 1),
(24, 21, 2, 'Mississippi', 'MS', 0, 1),
(25, 21, 2, 'Missouri', 'MO', 0, 1),
(26, 21, 2, 'Montana', 'MT', 0, 1),
(27, 21, 2, 'Nebraska', 'NE', 0, 1),
(28, 21, 2, 'Nevada', 'NV', 0, 1),
(29, 21, 2, 'New Hampshire', 'NH', 0, 1),
(30, 21, 2, 'New Jersey', 'NJ', 0, 1),
(31, 21, 2, 'New Mexico', 'NM', 0, 1),
(32, 21, 2, 'New York', 'NY', 0, 1),
(33, 21, 2, 'North Carolina', 'NC', 0, 1),
(34, 21, 2, 'North Dakota', 'ND', 0, 1),
(35, 21, 2, 'Ohio', 'OH', 0, 1),
(36, 21, 2, 'Oklahoma', 'OK', 0, 1),
(37, 21, 2, 'Oregon', 'OR', 0, 1),
(38, 21, 2, 'Pennsylvania', 'PA', 0, 1),
(39, 21, 2, 'Rhode Island', 'RI', 0, 1),
(40, 21, 2, 'South Carolina', 'SC', 0, 1),
(41, 21, 2, 'South Dakota', 'SD', 0, 1),
(42, 21, 2, 'Tennessee', 'TN', 0, 1),
(43, 21, 2, 'Texas', 'TX', 0, 1),
(44, 21, 2, 'Utah', 'UT', 0, 1),
(45, 21, 2, 'Vermont', 'VT', 0, 1),
(46, 21, 2, 'Virginia', 'VA', 0, 1),
(47, 21, 2, 'Washington', 'WA', 0, 1),
(48, 21, 2, 'West Virginia', 'WV', 0, 1),
(49, 21, 2, 'Wisconsin', 'WI', 0, 1),
(50, 21, 2, 'Wyoming', 'WY', 0, 1),
(51, 21, 2, 'Puerto Rico', 'PR', 0, 1),
(52, 21, 2, 'US Virgin Islands', 'VI', 0, 1),
(53, 21, 2, 'District of Columbia', 'DC', 0, 1),
(54, 145, 2, 'Aguascalientes', 'AGS', 0, 1),
(55, 145, 2, 'Baja California', 'BCN', 0, 1),
(56, 145, 2, 'Baja California Sur', 'BCS', 0, 1),
(57, 145, 2, 'Campeche', 'CAM', 0, 1),
(58, 145, 2, 'Chiapas', 'CHP', 0, 1),
(59, 145, 2, 'Chihuahua', 'CHH', 0, 1),
(60, 145, 2, 'Coahuila', 'COA', 0, 1),
(61, 145, 2, 'Colima', 'COL', 0, 1),
(62, 145, 2, 'Distrito Federal', 'DIF', 0, 1),
(63, 145, 2, 'Durango', 'DUR', 0, 1),
(64, 145, 2, 'Guanajuato', 'GUA', 0, 1),
(65, 145, 2, 'Guerrero', 'GRO', 0, 1),
(66, 145, 2, 'Hidalgo', 'HID', 0, 1),
(67, 145, 2, 'Jalisco', 'JAL', 0, 1),
(68, 145, 2, 'Estado de México', 'MEX', 0, 1),
(69, 145, 2, 'Michoacán', 'MIC', 0, 1),
(70, 145, 2, 'Morelos', 'MOR', 0, 1),
(71, 145, 2, 'Nayarit', 'NAY', 0, 1),
(72, 145, 2, 'Nuevo León', 'NLE', 0, 1),
(73, 145, 2, 'Oaxaca', 'OAX', 0, 1),
(74, 145, 2, 'Puebla', 'PUE', 0, 1),
(75, 145, 2, 'Querétaro', 'QUE', 0, 1),
(76, 145, 2, 'Quintana Roo', 'ROO', 0, 1),
(77, 145, 2, 'San Luis Potosí', 'SLP', 0, 1),
(78, 145, 2, 'Sinaloa', 'SIN', 0, 1),
(79, 145, 2, 'Sonora', 'SON', 0, 1),
(80, 145, 2, 'Tabasco', 'TAB', 0, 1),
(81, 145, 2, 'Tamaulipas', 'TAM', 0, 1),
(82, 145, 2, 'Tlaxcala', 'TLA', 0, 1),
(83, 145, 2, 'Veracruz', 'VER', 0, 1),
(84, 145, 2, 'Yucatán', 'YUC', 0, 1),
(85, 145, 2, 'Zacatecas', 'ZAC', 0, 1),
(86, 4, 2, 'Ontario', 'ON', 0, 1),
(87, 4, 2, 'Quebec', 'QC', 0, 1),
(88, 4, 2, 'British Columbia', 'BC', 0, 1),
(89, 4, 2, 'Alberta', 'AB', 0, 1),
(90, 4, 2, 'Manitoba', 'MB', 0, 1),
(91, 4, 2, 'Saskatchewan', 'SK', 0, 1),
(92, 4, 2, 'Nova Scotia', 'NS', 0, 1),
(93, 4, 2, 'New Brunswick', 'NB', 0, 1),
(94, 4, 2, 'Newfoundland and Labrador', 'NL', 0, 1),
(95, 4, 2, 'Prince Edward Island', 'PE', 0, 1),
(96, 4, 2, 'Northwest Territories', 'NT', 0, 1),
(97, 4, 2, 'Yukon', 'YT', 0, 1),
(98, 4, 2, 'Nunavut', 'NU', 0, 1),
(99, 44, 11, 'Buenos Aires', 'B', 0, 1),
(100, 44, 11, 'Catamarca', 'K', 0, 1),
(101, 44, 12, 'Chaco', 'H', 0, 1),
(102, 44, 12, 'Chubut', 'U', 0, 1),
(103, 44, 11, 'Ciudad de Buenos Aires', 'C', 0, 1),
(104, 44, 9, 'Córdoba', 'X', 0, 1),
(105, 44, 11, 'Corrientes', 'W', 0, 1),
(106, 44, 12, 'Entre Ríos', 'E', 0, 1),
(107, 44, 12, 'Formosa', 'P', 0, 1),
(108, 44, 12, 'Jujuy', 'Y', 0, 1),
(109, 44, 11, 'La Pampa', 'L', 0, 1),
(110, 44, 11, 'La Rioja', 'F', 0, 1),
(111, 44, 12, 'Mendoza', 'M', 0, 1),
(112, 44, 12, 'Misiones', 'N', 0, 1),
(113, 44, 12, 'Neuquén', 'Q', 0, 1),
(114, 44, 12, 'Río Negro', 'R', 0, 1),
(115, 44, 12, 'Salta', 'A', 0, 1),
(116, 44, 12, 'San Juan', 'J', 0, 1),
(117, 44, 11, 'San Luis', 'D', 0, 1),
(118, 44, 12, 'Santa Cruz', 'Z', 0, 1),
(119, 44, 11, 'Santa Fe', 'S', 0, 1),
(120, 44, 11, 'Santiago del Estero', 'G', 0, 1),
(121, 44, 12, 'Tierra del Fuego', 'V', 0, 1),
(122, 44, 12, 'Tucumán', 'T', 0, 1),
(123, 10, 1, 'Agrigento', 'AG', 0, 1),
(124, 10, 1, 'Alessandria', 'AL', 0, 1),
(125, 10, 1, 'Ancona', 'AN', 0, 1),
(126, 10, 1, 'Aosta', 'AO', 0, 1),
(127, 10, 1, 'Arezzo', 'AR', 0, 1),
(128, 10, 1, 'Ascoli Piceno', 'AP', 0, 1),
(129, 10, 1, 'Asti', 'AT', 0, 1),
(130, 10, 1, 'Avellino', 'AV', 0, 1),
(131, 10, 1, 'Bari', 'BA', 0, 1),
(132, 10, 1, 'Barletta-Andria-Trani', 'BT', 0, 1),
(133, 10, 1, 'Belluno', 'BL', 0, 1),
(134, 10, 1, 'Benevento', 'BN', 0, 1),
(135, 10, 1, 'Bergamo', 'BG', 0, 1),
(136, 10, 1, 'Biella', 'BI', 0, 1),
(137, 10, 1, 'Bologna', 'BO', 0, 1),
(138, 10, 1, 'Bolzano', 'BZ', 0, 1),
(139, 10, 1, 'Brescia', 'BS', 0, 1),
(140, 10, 1, 'Brindisi', 'BR', 0, 1),
(141, 10, 1, 'Cagliari', 'CA', 0, 1),
(142, 10, 1, 'Caltanissetta', 'CL', 0, 1),
(143, 10, 1, 'Campobasso', 'CB', 0, 1),
(144, 10, 1, 'Carbonia-Iglesias', 'CI', 0, 1),
(145, 10, 1, 'Caserta', 'CE', 0, 1),
(146, 10, 1, 'Catania', 'CT', 0, 1),
(147, 10, 1, 'Catanzaro', 'CZ', 0, 1),
(148, 10, 1, 'Chieti', 'CH', 0, 1),
(149, 10, 1, 'Como', 'CO', 0, 1),
(150, 10, 1, 'Cosenza', 'CS', 0, 1),
(151, 10, 1, 'Cremona', 'CR', 0, 1),
(152, 10, 1, 'Crotone', 'KR', 0, 1),
(153, 10, 1, 'Cuneo', 'CN', 0, 1),
(154, 10, 1, 'Enna', 'EN', 0, 1),
(155, 10, 1, 'Fermo', 'FM', 0, 1),
(156, 10, 1, 'Ferrara', 'FE', 0, 1),
(157, 10, 1, 'Firenze', 'FI', 0, 1),
(158, 10, 1, 'Foggia', 'FG', 0, 1),
(159, 10, 1, 'Forlì-Cesena', 'FC', 0, 1),
(160, 10, 1, 'Frosinone', 'FR', 0, 1),
(161, 10, 1, 'Genova', 'GE', 0, 1),
(162, 10, 1, 'Gorizia', 'GO', 0, 1),
(163, 10, 1, 'Grosseto', 'GR', 0, 1),
(164, 10, 1, 'Imperia', 'IM', 0, 1),
(165, 10, 1, 'Isernia', 'IS', 0, 1),
(166, 10, 1, 'L''Aquila', 'AQ', 0, 1),
(167, 10, 1, 'La Spezia', 'SP', 0, 1),
(168, 10, 1, 'Latina', 'LT', 0, 1),
(169, 10, 1, 'Lecce', 'LE', 0, 1),
(170, 10, 1, 'Lecco', 'LC', 0, 1),
(171, 10, 1, 'Livorno', 'LI', 0, 1),
(172, 10, 1, 'Lodi', 'LO', 0, 1),
(173, 10, 1, 'Lucca', 'LU', 0, 1),
(174, 10, 1, 'Macerata', 'MC', 0, 1),
(175, 10, 1, 'Mantova', 'MN', 0, 1),
(176, 10, 1, 'Massa', 'MS', 0, 1),
(177, 10, 1, 'Matera', 'MT', 0, 1),
(178, 10, 1, 'Medio Campidano', 'VS', 0, 1),
(179, 10, 1, 'Messina', 'ME', 0, 1),
(180, 10, 1, 'Milano', 'MI', 0, 1),
(181, 10, 1, 'Modena', 'MO', 0, 1),
(182, 10, 1, 'Monza e della Brianza', 'MB', 0, 1),
(183, 10, 1, 'Napoli', 'NA', 0, 1),
(184, 10, 1, 'Novara', 'NO', 0, 1),
(185, 10, 1, 'Nuoro', 'NU', 0, 1),
(186, 10, 1, 'Ogliastra', 'OG', 0, 1),
(187, 10, 1, 'Olbia-Tempio', 'OT', 0, 1),
(188, 10, 1, 'Oristano', 'OR', 0, 1),
(189, 10, 1, 'Padova', 'PD', 0, 1),
(190, 10, 1, 'Palermo', 'PA', 0, 1),
(191, 10, 1, 'Parma', 'PR', 0, 1),
(192, 10, 1, 'Pavia', 'PV', 0, 1),
(193, 10, 1, 'Perugia', 'PG', 0, 1),
(194, 10, 1, 'Pesaro-Urbino', 'PU', 0, 1),
(195, 10, 1, 'Pescara', 'PE', 0, 1),
(196, 10, 1, 'Piacenza', 'PC', 0, 1),
(197, 10, 1, 'Pisa', 'PI', 0, 1),
(198, 10, 1, 'Pistoia', 'PT', 0, 1),
(199, 10, 1, 'Pordenone', 'PN', 0, 1),
(200, 10, 1, 'Potenza', 'PZ', 0, 1),
(201, 10, 1, 'Prato', 'PO', 0, 1),
(202, 10, 1, 'Ragusa', 'RG', 0, 1),
(203, 10, 1, 'Ravenna', 'RA', 0, 1),
(204, 10, 1, 'Reggio Calabria', 'RC', 0, 1),
(205, 10, 1, 'Reggio Emilia', 'RE', 0, 1),
(206, 10, 1, 'Rieti', 'RI', 0, 1),
(207, 10, 1, 'Rimini', 'RN', 0, 1),
(208, 10, 1, 'Roma', 'RM', 0, 1),
(209, 10, 1, 'Rovigo', 'RO', 0, 1),
(210, 10, 1, 'Salerno', 'SA', 0, 1),
(211, 10, 1, 'Sassari', 'SS', 0, 1),
(212, 10, 1, 'Savona', 'SV', 0, 1),
(213, 10, 1, 'Siena', 'SI', 0, 1),
(214, 10, 1, 'Siracusa', 'SR', 0, 1),
(215, 10, 1, 'Sondrio', 'SO', 0, 1),
(216, 10, 1, 'Taranto', 'TA', 0, 1),
(217, 10, 1, 'Teramo', 'TE', 0, 1),
(218, 10, 1, 'Terni', 'TR', 0, 1),
(219, 10, 1, 'Torino', 'TO', 0, 1),
(220, 10, 1, 'Trapani', 'TP', 0, 1),
(221, 10, 1, 'Trento', 'TN', 0, 1),
(222, 10, 1, 'Treviso', 'TV', 0, 1),
(223, 10, 1, 'Trieste', 'TS', 0, 1),
(224, 10, 1, 'Udine', 'UD', 0, 1),
(225, 10, 1, 'Varese', 'VA', 0, 1),
(226, 10, 1, 'Venezia', 'VE', 0, 1),
(227, 10, 1, 'Verbano-Cusio-Ossola', 'VB', 0, 1),
(228, 10, 1, 'Vercelli', 'VC', 0, 1),
(229, 10, 1, 'Verona', 'VR', 0, 1),
(230, 10, 1, 'Vibo Valentia', 'VV', 0, 1),
(231, 10, 1, 'Vicenza', 'VI', 0, 1),
(232, 10, 1, 'Viterbo', 'VT', 0, 1),
(233, 111, 3, 'Aceh', 'AC', 0, 1),
(234, 111, 3, 'Bali', 'BA', 0, 1),
(235, 111, 3, 'Bangka', 'BB', 0, 1),
(236, 111, 3, 'Banten', 'BT', 0, 1),
(237, 111, 3, 'Bengkulu', 'BE', 0, 1),
(238, 111, 3, 'Central Java', 'JT', 0, 1),
(239, 111, 3, 'Central Kalimantan', 'KT', 0, 1),
(240, 111, 3, 'Central Sulawesi', 'ST', 0, 1),
(241, 111, 3, 'Coat of arms of East Java', 'JI', 0, 1),
(242, 111, 3, 'East kalimantan', 'KI', 0, 1),
(243, 111, 3, 'East Nusa Tenggara', 'NT', 0, 1),
(244, 111, 3, 'Lambang propinsi', 'GO', 0, 1),
(245, 111, 3, 'Jakarta', 'JK', 0, 1),
(246, 111, 3, 'Jambi', 'JA', 0, 1),
(247, 111, 3, 'Lampung', 'LA', 0, 1),
(248, 111, 3, 'Maluku', 'MA', 0, 1),
(249, 111, 3, 'North Maluku', 'MU', 0, 1),
(250, 111, 3, 'North Sulawesi', 'SA', 0, 1),
(251, 111, 3, 'North Sumatra', 'SU', 0, 1),
(252, 111, 3, 'Papua', 'PA', 0, 1),
(253, 111, 3, 'Riau', 'RI', 0, 1),
(254, 111, 3, 'Lambang Riau', 'KR', 0, 1),
(255, 111, 3, 'Southeast Sulawesi', 'SG', 0, 1),
(256, 111, 3, 'South Kalimantan', 'KS', 0, 1),
(257, 111, 3, 'South Sulawesi', 'SN', 0, 1),
(258, 111, 3, 'South Sumatra', 'SS', 0, 1),
(259, 111, 3, 'West Java', 'JB', 0, 1),
(260, 111, 3, 'West Kalimantan', 'KB', 0, 1),
(261, 111, 3, 'West Nusa Tenggara', 'NB', 0, 1),
(262, 111, 3, 'Lambang Provinsi Papua Barat', 'PB', 0, 1),
(263, 111, 3, 'West Sulawesi', 'SR', 0, 1),
(264, 111, 3, 'West Sumatra', 'SB', 0, 1),
(265, 111, 3, 'Yogyakarta', 'YO', 0, 1),
(266, 11, 3, 'Aichi', '23', 0, 1),
(267, 11, 3, 'Akita', '05', 0, 1),
(268, 11, 3, 'Aomori', '02', 0, 1),
(269, 11, 3, 'Chiba', '12', 0, 1),
(270, 11, 3, 'Ehime', '38', 0, 1),
(271, 11, 3, 'Fukui', '18', 0, 1),
(272, 11, 3, 'Fukuoka', '40', 0, 1),
(273, 11, 3, 'Fukushima', '07', 0, 1),
(274, 11, 3, 'Gifu', '21', 0, 1),
(275, 11, 3, 'Gunma', '10', 0, 1),
(276, 11, 3, 'Hiroshima', '34', 0, 1),
(277, 11, 3, 'Hokkaido', '01', 0, 1),
(278, 11, 3, 'Hyogo', '28', 0, 1),
(279, 11, 3, 'Ibaraki', '08', 0, 1),
(280, 11, 3, 'Ishikawa', '17', 0, 1),
(281, 11, 3, 'Iwate', '03', 0, 1),
(282, 11, 3, 'Kagawa', '37', 0, 1),
(283, 11, 3, 'Kagoshima', '46', 0, 1),
(284, 11, 3, 'Kanagawa', '14', 0, 1),
(285, 11, 3, 'Kochi', '39', 0, 1),
(286, 11, 3, 'Kumamoto', '43', 0, 1),
(287, 11, 3, 'Kyoto', '26', 0, 1),
(288, 11, 3, 'Mie', '24', 0, 1),
(289, 11, 3, 'Miyagi', '04', 0, 1),
(290, 11, 3, 'Miyazaki', '45', 0, 1),
(291, 11, 3, 'Nagano', '20', 0, 1),
(292, 11, 3, 'Nagasaki', '42', 0, 1),
(293, 11, 3, 'Nara', '29', 0, 1),
(294, 11, 3, 'Niigata', '15', 0, 1),
(295, 11, 3, 'Oita', '44', 0, 1),
(296, 11, 3, 'Okayama', '33', 0, 1),
(297, 11, 3, 'Okinawa', '47', 0, 1),
(298, 11, 3, 'Osaka', '27', 0, 1),
(299, 11, 3, 'Saga', '41', 0, 1),
(300, 11, 3, 'Saitama', '11', 0, 1),
(301, 11, 3, 'Shiga', '25', 0, 1),
(302, 11, 3, 'Shimane', '32', 0, 1),
(303, 11, 3, 'Shizuoka', '22', 0, 1),
(304, 11, 3, 'Tochigi', '09', 0, 1),
(305, 11, 3, 'Tokushima', '36', 0, 1),
(306, 11, 3, 'Tokyo', '13', 0, 1),
(307, 11, 3, 'Tottori', '31', 0, 1),
(308, 11, 3, 'Toyama', '16', 0, 1),
(309, 11, 3, 'Wakayama', '30', 0, 1),
(310, 11, 3, 'Yamagata', '06', 0, 1),
(311, 11, 3, 'Yamaguchi', '35', 0, 1),
(312, 11, 3, 'Yamanashi', '19', 0, 1),
(313, 44, 6, 'Otras Provincias', 'Opr', 0, 1);

-- --------------------------------------------------------

--
-- Estructura de tabla para la tabla `mto_zone`
--

CREATE TABLE IF NOT EXISTS `mto_zone` (
  `id_zone` int(10) unsigned NOT NULL AUTO_INCREMENT,
  `name` varchar(64) NOT NULL,
  `active` tinyint(1) unsigned NOT NULL DEFAULT '0',
  PRIMARY KEY (`id_zone`)
) ENGINE=InnoDB  DEFAULT CHARSET=utf8 AUTO_INCREMENT=15 ;

--
-- Volcado de datos para la tabla `mto_zone`
--

INSERT INTO `mto_zone` (`id_zone`, `name`, `active`) VALUES
(1, 'Europe', 1),
(2, 'North America', 1),
(3, 'Asia', 1),
(4, 'Africa', 1),
(5, 'Oceania', 1),
(6, 'South America', 1),
(7, 'Europe (non-EU)', 1),
(8, 'Central America/Antilla', 1),
(9, 'Local', 1),
(10, 'Regional', 1),
(11, 'interior 1', 1),
(12, 'Interior 2', 1),
(13, 'Nacional 1', 1),
(14, 'Nacional 2', 1);

--
-- Estructura de tabla para la tabla `mto_category`
--

CREATE TABLE IF NOT EXISTS `mto_category` (
  `id_category` int(10) unsigned NOT NULL AUTO_INCREMENT,
  `id_parent` int(10) unsigned NOT NULL,
  `id_shop_default` int(10) unsigned NOT NULL DEFAULT '1',
  `level_depth` tinyint(3) unsigned NOT NULL DEFAULT '0',
  `nleft` int(10) unsigned NOT NULL DEFAULT '0',
  `nright` int(10) unsigned NOT NULL DEFAULT '0',
  `active` tinyint(1) unsigned NOT NULL DEFAULT '0',
  `date_add` datetime NOT NULL,
  `date_upd` datetime NOT NULL,
  `position` int(10) unsigned NOT NULL DEFAULT '0',
  `is_root_category` tinyint(1) NOT NULL DEFAULT '0',
  PRIMARY KEY (`id_category`),
  KEY `category_parent` (`id_parent`),
  KEY `nleftright` (`nleft`,`nright`),
  KEY `nleftrightactive` (`nleft`,`nright`,`active`),
  KEY `level_depth` (`level_depth`),
  KEY `nright` (`nright`),
  KEY `nleft` (`nleft`)
) ENGINE=InnoDB  DEFAULT CHARSET=utf8 AUTO_INCREMENT=422 ;

--
-- Volcado de datos para la tabla `mto_category`
--

INSERT INTO `mto_category` (`id_category`, `id_parent`, `id_shop_default`, `level_depth`, `nleft`, `nright`, `active`, `date_add`, `date_upd`, `position`, `is_root_category`) VALUES
(1, 0, 1, 0, 1, 250, 1, '2015-07-28 10:09:17', '2015-07-28 10:09:17', 0, 0),
(2, 1, 1, 1, 2, 249, 1, '2015-07-28 10:09:17', '2015-07-28 10:09:17', 0, 1),
(299, 2, 1, 2, 3, 244, 1, '2016-09-02 00:00:00', '2016-09-02 12:40:44', 1, 0),
(300, 299, 1, 3, 214, 233, 1, '2016-09-02 00:00:00', '2016-09-02 12:40:44', 32, 0),
(301, 299, 1, 3, 184, 189, 0, '2015-10-15 00:00:00', '2016-10-11 18:18:49', 19, 0),
(302, 300, 1, 4, 225, 226, 0, '2016-09-02 00:00:00', '2016-09-22 10:00:55', 6, 0),
(303, 300, 1, 4, 227, 228, 0, '2016-09-02 00:00:00', '2016-09-22 10:00:55', 7, 0),
(304, 300, 8, 4, 229, 230, 1, '2016-09-22 00:00:00', '2016-09-22 10:00:55', 8, 0),
(305, 300, 8, 4, 231, 232, 1, '2016-09-22 00:00:00', '2016-09-22 10:00:55', 9, 0),
(306, 301, 1, 4, 185, 186, 1, '2015-10-15 00:00:00', '2015-10-15 17:12:46', 3, 0),
(307, 301, 1, 4, 187, 188, 1, '2015-10-15 00:00:00', '2015-10-15 17:12:51', 3, 0),
(308, 299, 1, 3, 178, 179, 0, '2015-10-12 00:00:00', '2016-10-11 18:18:50', 21, 0),
(309, 299, 1, 3, 180, 183, 0, '2015-10-15 00:00:00', '2016-10-11 18:18:51', 22, 0),
(310, 299, 1, 3, 172, 173, 0, '2015-10-12 00:00:00', '2016-10-11 18:18:54', 26, 0),
(311, 299, 1, 3, 190, 195, 0, '2015-10-15 00:00:00', '2016-10-11 18:18:52', 24, 0),
(312, 299, 1, 3, 196, 199, 0, '2015-10-15 00:00:00', '2016-10-11 18:18:53', 25, 0),
(313, 299, 1, 3, 200, 205, 0, '2015-10-15 00:00:00', '2016-10-11 18:19:01', 30, 0),
(314, 299, 1, 3, 206, 211, 0, '2015-10-15 00:00:00', '2016-10-11 18:19:00', 29, 0),
(315, 299, 1, 3, 212, 213, 0, '2015-10-09 12:31:22', '2016-10-11 18:18:58', 28, 0),
(316, 299, 1, 3, 174, 177, 0, '2015-10-15 00:00:00', '2016-10-11 18:18:49', 20, 0),
(317, 299, 1, 3, 234, 243, 0, '2015-10-15 00:00:00', '2016-10-11 18:18:56', 27, 0),
(318, 299, 1, 3, 170, 171, 0, '2015-10-12 00:00:00', '2016-10-11 18:18:48', 18, 0),
(319, 299, 1, 3, 162, 169, 0, '2015-10-15 00:00:00', '2016-10-11 18:18:48', 17, 0),
(320, 299, 1, 3, 66, 67, 0, '2015-10-09 12:31:23', '2016-10-11 18:18:11', 9, 0),
(321, 299, 1, 3, 60, 65, 0, '2015-10-12 00:00:00', '2016-10-11 18:18:11', 8, 0),
(322, 299, 1, 3, 52, 59, 0, '2015-10-15 00:00:00', '2016-10-11 18:18:10', 7, 0),
(323, 299, 1, 3, 20, 51, 1, '2016-09-02 00:00:00', '2016-09-02 12:40:44', 34, 0),
(324, 299, 1, 3, 18, 19, 0, '2015-10-09 12:31:25', '2016-10-11 18:18:09', 5, 0),
(325, 299, 1, 3, 16, 17, 0, '2015-10-09 12:31:25', '2016-10-11 18:18:08', 4, 0),
(326, 299, 1, 3, 4, 15, 0, '2015-10-15 00:00:00', '2016-10-11 18:18:07', 3, 0),
(327, 299, 1, 3, 68, 97, 1, '2016-09-02 00:00:00', '2016-09-02 12:40:44', 35, 0),
(328, 299, 1, 3, 98, 99, 0, '2015-10-12 00:00:00', '2016-10-11 18:18:12', 10, 0),
(329, 299, 1, 3, 100, 101, 0, '2015-10-09 12:31:26', '2016-10-11 18:18:28', 11, 0),
(330, 299, 1, 3, 102, 103, 0, '2015-10-09 12:31:27', '2016-10-11 18:18:14', 12, 0),
(331, 299, 1, 3, 104, 115, 0, '2015-10-15 00:00:00', '2016-10-11 18:18:46', 13, 0),
(332, 299, 1, 3, 116, 135, 1, '2016-09-02 00:00:00', '2016-09-02 12:40:44', 33, 0),
(333, 327, 1, 4, 91, 92, 1, '2016-09-02 00:00:00', '2016-09-02 12:40:44', 31, 0),
(334, 327, 1, 4, 93, 94, 1, '2016-09-02 00:00:00', '2016-09-02 12:40:44', 32, 0),
(335, 326, 1, 4, 5, 6, 1, '2015-10-15 00:00:00', '2015-10-15 17:12:45', 3, 0),
(336, 326, 1, 4, 7, 8, 1, '2015-10-12 00:00:00', '2015-10-15 17:12:45', 1, 0),
(337, 327, 1, 4, 89, 90, 1, '2016-09-02 00:00:00', '2016-09-02 12:40:44', 33, 0),
(338, 321, 1, 4, 61, 62, 1, '2015-10-12 00:00:00', '2015-10-12 12:24:48', 3, 0),
(339, 319, 1, 4, 165, 166, 1, '2015-10-15 00:00:00', '2015-10-15 17:12:45', 3, 0),
(340, 311, 1, 4, 191, 192, 1, '2015-10-15 00:00:00', '2015-10-15 17:12:46', 3, 0),
(341, 311, 1, 4, 193, 194, 1, '2015-10-15 00:00:00', '2015-10-15 17:12:46', 3, 0),
(342, 317, 1, 4, 235, 236, 1, '2015-10-12 00:00:00', '2015-10-15 17:12:47', 1, 0),
(343, 317, 1, 4, 237, 238, 1, '2015-10-15 00:00:00', '2015-10-15 17:12:47', 3, 0),
(344, 317, 1, 4, 239, 240, 1, '2015-10-15 00:00:00', '2015-10-15 17:12:48', 3, 0),
(345, 323, 1, 4, 35, 36, 1, '2016-09-02 00:00:00', '2016-09-02 12:40:44', 2, 0),
(346, 327, 1, 4, 87, 88, 1, '2016-09-02 00:00:00', '2016-09-02 12:40:44', 153, 0),
(347, 319, 1, 4, 167, 168, 1, '2015-10-15 00:00:00', '2015-10-15 17:12:49', 3, 0),
(348, 323, 1, 4, 37, 38, 1, '2016-09-02 00:00:00', '2016-09-02 12:40:44', 15, 0),
(349, 323, 1, 4, 39, 40, 1, '2016-09-02 00:00:00', '2016-09-02 12:40:44', 16, 0),
(350, 321, 1, 4, 63, 64, 1, '2015-10-12 00:00:00', '2015-10-12 12:24:49', 3, 0),
(351, 327, 1, 4, 95, 96, 1, '2016-09-02 00:00:00', '2016-09-02 12:40:44', 24, 0),
(352, 323, 1, 4, 41, 42, 1, '2016-09-02 00:00:00', '2016-09-02 12:40:44', 17, 0),
(353, 2, 1, 2, 245, 246, 0, '2015-10-12 00:00:00', '2016-10-11 18:17:55', 2, 0),
(354, 2, 1, 2, 247, 248, 0, '2015-10-12 00:00:00', '2016-10-11 18:17:57', 3, 0),
(355, 299, 1, 3, 156, 161, 0, '2015-10-27 00:00:00', '2016-10-11 18:18:47', 16, 0),
(356, 332, 1, 4, 133, 134, 1, '2016-09-02 00:00:00', '2016-09-02 12:40:44', 15, 0),
(357, 322, 1, 4, 57, 58, 1, '2015-10-15 00:00:00', '2015-10-15 17:12:45', 3, 0),
(358, 326, 1, 4, 13, 14, 1, '2015-10-15 00:00:00', '2015-10-15 17:12:45', 3, 0),
(359, 323, 1, 4, 43, 44, 1, '2016-09-02 00:00:00', '2016-09-02 12:40:44', 13, 0),
(360, 309, 1, 4, 181, 182, 1, '2015-10-15 00:00:00', '2015-10-15 17:12:46', 3, 0),
(361, 314, 1, 4, 209, 210, 1, '2015-10-15 00:00:00', '2015-10-15 17:12:46', 3, 0),
(362, 316, 1, 4, 175, 176, 1, '2015-10-15 00:00:00', '2015-10-15 17:12:51', 3, 0),
(363, 332, 1, 4, 131, 132, 1, '2016-09-02 00:00:00', '2016-09-02 12:40:44', 12, 0),
(364, 326, 1, 4, 9, 10, 1, '2015-10-15 00:00:00', '2015-10-15 17:12:44', 3, 0),
(365, 326, 1, 4, 11, 12, 1, '2015-10-15 00:00:00', '2015-10-15 17:12:44', 3, 0),
(366, 332, 1, 4, 127, 128, 1, '2016-09-02 00:00:00', '2016-09-02 12:40:44', 11, 0),
(367, 332, 1, 4, 129, 130, 1, '2016-09-02 00:00:00', '2016-09-02 12:40:44', 13, 0),
(368, 331, 1, 4, 111, 112, 1, '2015-10-15 00:00:00', '2015-10-15 17:12:45', 3, 0),
(369, 314, 1, 4, 207, 208, 1, '2015-10-15 00:00:00', '2015-10-15 17:12:47', 3, 0),
(370, 313, 1, 4, 203, 204, 1, '2015-10-15 00:00:00', '2015-10-15 17:12:47', 3, 0),
(371, 317, 1, 4, 241, 242, 1, '2015-10-15 00:00:00', '2015-10-15 17:12:48', 3, 0),
(372, 312, 1, 4, 197, 198, 1, '2015-10-15 00:00:00', '2015-10-15 17:12:48', 3, 0),
(373, 331, 1, 4, 113, 114, 1, '2015-10-15 00:00:00', '2015-10-15 17:12:48', 3, 0),
(374, 331, 1, 4, 109, 110, 1, '2015-10-15 00:00:00', '2015-10-15 17:12:48', 3, 0),
(375, 313, 1, 4, 201, 202, 1, '2015-10-15 00:00:00', '2015-10-15 17:12:49', 3, 0),
(376, 331, 1, 4, 105, 106, 1, '2015-10-15 00:00:00', '2015-10-15 17:12:49', 3, 0),
(377, 322, 1, 4, 53, 54, 1, '2015-10-15 00:00:00', '2015-10-15 17:12:49', 3, 0),
(378, 331, 1, 4, 107, 108, 1, '2015-10-15 00:00:00', '2015-10-15 17:12:51', 3, 0),
(379, 322, 1, 4, 55, 56, 1, '2015-10-15 00:00:00', '2015-10-15 17:12:51', 3, 0),
(380, 319, 1, 4, 163, 164, 1, '2015-10-15 00:00:00', '2015-10-15 17:12:51', 3, 0),
(381, 332, 1, 4, 123, 124, 1, '2016-09-02 00:00:00', '2016-09-02 12:40:44', 8, 0),
(382, 323, 1, 4, 21, 22, 1, '2016-09-02 00:00:00', '2016-09-02 12:40:44', 11, 0),
(383, 327, 1, 4, 77, 78, 1, '2016-09-02 00:00:00', '2016-09-02 12:40:44', 15, 0),
(384, 327, 1, 4, 79, 80, 0, '2016-05-06 00:00:00', '2016-10-11 18:21:14', 9, 0),
(385, 327, 1, 4, 81, 82, 1, '2016-09-02 00:00:00', '2016-09-02 12:40:44', 16, 0),
(386, 327, 1, 4, 73, 74, 1, '2016-09-02 00:00:00', '2016-09-02 12:40:44', 17, 0),
(387, 332, 1, 4, 121, 122, 1, '2016-09-02 00:00:00', '2016-09-02 12:40:44', 10, 0),
(388, 332, 1, 4, 119, 120, 1, '2016-09-02 00:00:00', '2016-09-02 12:40:44', 14, 0),
(389, 327, 1, 4, 69, 70, 1, '2016-09-02 00:00:00', '2016-09-02 12:40:44', 19, 0),
(390, 327, 1, 4, 71, 72, 1, '2016-09-02 00:00:00', '2016-09-02 12:40:44', 20, 0),
(391, 327, 1, 4, 75, 76, 1, '2015-10-17 00:00:00', '2016-09-16 18:14:34', 12, 0),
(392, 332, 1, 4, 117, 118, 1, '2016-09-02 00:00:00', '2016-09-02 12:40:44', 16, 0),
(393, 327, 1, 4, 83, 84, 1, '2016-09-02 00:00:00', '2016-09-03 13:23:56', 11, 0),
(394, 327, 1, 4, 85, 86, 0, '2015-10-17 00:00:00', '2016-10-11 18:21:23', 13, 0),
(395, 323, 1, 4, 23, 24, 1, '2016-09-02 00:00:00', '2016-09-02 12:40:44', 18, 0),
(396, 323, 1, 4, 33, 34, 1, '2016-09-02 00:00:00', '2016-09-02 12:40:44', 19, 0),
(397, 300, 1, 4, 217, 218, 1, '2016-09-02 00:00:00', '2016-09-02 12:40:44', 8, 0),
(398, 300, 1, 4, 219, 220, 1, '2016-09-02 00:00:00', '2016-09-02 12:40:44', 9, 0),
(399, 332, 1, 4, 125, 126, 1, '2016-09-02 00:00:00', '2016-09-02 12:40:44', 9, 0),
(400, 300, 1, 4, 221, 222, 1, '2016-09-02 00:00:00', '2016-09-02 12:40:44', 10, 0),
(401, 299, 1, 3, 136, 149, 1, '2016-09-02 00:00:00', '2016-09-02 12:40:44', 31, 0),
(402, 299, 1, 3, 150, 155, 0, '2015-10-27 00:00:00', '2016-10-11 18:18:47', 14, 0),
(403, 401, 1, 4, 145, 146, 1, '2016-09-02 00:00:00', '2016-09-02 12:40:44', 8, 0),
(404, 401, 1, 4, 147, 148, 1, '2016-09-02 00:00:00', '2016-09-02 12:40:44', 9, 0),
(405, 355, 1, 4, 157, 158, 1, '2015-10-27 00:00:00', '2015-10-27 13:34:22', 3, 0),
(406, 355, 1, 4, 159, 160, 1, '2015-10-27 00:00:00', '2015-10-27 13:34:23', 3, 0),
(407, 401, 1, 4, 143, 144, 1, '2016-09-02 00:00:00', '2016-09-02 12:40:44', 10, 0),
(408, 323, 1, 4, 31, 32, 1, '2016-09-02 00:00:00', '2016-09-02 12:40:44', 24, 0),
(409, 401, 1, 4, 137, 138, 1, '2016-09-02 00:00:00', '2016-09-02 12:40:44', 11, 0),
(410, 402, 1, 4, 151, 152, 1, '2015-10-27 00:00:00', '2015-10-27 13:34:27', 3, 0),
(411, 402, 1, 4, 153, 154, 1, '2015-10-27 00:00:00', '2015-10-27 13:34:31', 3, 0),
(412, 401, 1, 4, 139, 140, 1, '2016-09-02 00:00:00', '2016-09-02 12:40:44', 107, 0),
(413, 401, 1, 4, 141, 142, 1, '2016-09-02 00:00:00', '2016-09-02 12:40:44', 7, 0),
(414, 323, 1, 4, 25, 26, 1, '2016-09-02 00:00:00', '2016-09-02 12:40:44', 12, 0),
(415, 323, 1, 4, 27, 28, 1, '2016-09-02 00:00:00', '2016-09-02 12:40:44', 14, 0),
(416, 323, 1, 4, 29, 30, 1, '2016-09-02 00:00:00', '2016-09-02 12:40:44', 122, 0),
(417, 300, 1, 4, 215, 216, 1, '2016-09-02 00:00:00', '2016-09-02 12:40:44', 207, 0),
(418, 300, 1, 4, 223, 224, 1, '2016-09-02 00:00:00', '2016-09-02 12:40:44', 208, 0),
(419, 323, 1, 4, 45, 46, 1, '2016-09-02 00:00:00', '2016-09-02 12:40:44', 123, 0),
(420, 323, 5, 2, 47, 48, 1, '2016-09-14 14:37:42', '2016-09-14 14:37:42', 3, 0),
(421, 323, 8, 4, 49, 50, 1, '2016-10-11 00:00:00', '2016-10-11 19:01:11', 15, 0);

-- --------------------------------------------------------

--
-- Estructura de tabla para la tabla `mto_category_lang`
--

CREATE TABLE IF NOT EXISTS `mto_category_lang` (
  `id_category` int(10) unsigned NOT NULL,
  `id_shop` int(11) unsigned NOT NULL DEFAULT '1',
  `id_lang` int(10) unsigned NOT NULL,
  `name` varchar(128) NOT NULL,
  `description` text,
  `link_rewrite` varchar(128) NOT NULL,
  `meta_title` varchar(128) DEFAULT NULL,
  `meta_keywords` varchar(255) DEFAULT NULL,
  `meta_description` varchar(255) DEFAULT NULL,
  PRIMARY KEY (`id_category`,`id_shop`,`id_lang`),
  KEY `category_name` (`name`)
) ENGINE=InnoDB DEFAULT CHARSET=utf8;

--
-- Volcado de datos para la tabla `mto_category_lang`
--

INSERT INTO `mto_category_lang` (`id_category`, `id_shop`, `id_lang`, `name`, `description`, `link_rewrite`, `meta_title`, `meta_keywords`, `meta_description`) VALUES
(1, 1, 1, 'Raíz', '', 'raiz', '', '', ''),
(1, 1, 2, 'Raíz', '', 'raiz', '', '', ''),
(1, 2, 1, 'Raíz', '', 'raiz', '', '', ''),
(1, 2, 2, 'Raíz', '', 'raiz', '', '', ''),
(1, 3, 1, 'Raíz', '', 'raiz', '', '', ''),
(1, 3, 2, 'Raíz', '', 'raiz', '', '', ''),
(1, 4, 1, 'Raíz', '', 'raiz', '', '', ''),
(1, 4, 2, 'Raíz', '', 'raiz', '', '', ''),
(1, 5, 1, 'Raíz', '', 'raiz', '', '', ''),
(1, 5, 2, 'Raíz', '', 'raiz', '', '', ''),
(1, 6, 1, 'Raíz', '', 'raiz', '', '', ''),
(1, 6, 2, 'Raíz', '', 'raiz', '', '', ''),
(1, 7, 1, 'Raíz', '', 'raiz', '', '', ''),
(1, 7, 2, 'Raíz', '', 'raiz', '', '', ''),
(1, 8, 1, 'Raíz', '', 'raiz', '', '', ''),
(1, 8, 2, 'Raíz', '', 'raiz', '', '', ''),
(2, 1, 1, 'Inicio', '', 'inicio', '', '', ''),
(2, 1, 2, 'Inicio', '', 'inicio', '', '', ''),
(2, 2, 1, 'Inicio', '', 'inicio', '', '', ''),
(2, 2, 2, 'Inicio', '', 'inicio', '', '', ''),
(2, 3, 1, 'Inicio', '', 'inicio', '', '', ''),
(2, 3, 2, 'Inicio', '', 'inicio', '', '', ''),
(2, 4, 1, 'Inicio', '', 'inicio', '', '', ''),
(2, 4, 2, 'Inicio', '', 'inicio', '', '', ''),
(2, 5, 1, 'Inicio', '', 'inicio', '', '', ''),
(2, 5, 2, 'Inicio', '', 'inicio', '', '', ''),
(2, 6, 1, 'Inicio', '', 'inicio', '', '', ''),
(2, 6, 2, 'Inicio', '', 'inicio', '', '', ''),
(2, 7, 1, 'Inicio', '', 'inicio', '', '', ''),
(2, 7, 2, 'Inicio', '', 'inicio', '', '', ''),
(2, 8, 1, 'Inicio', '', 'inicio', '', '', ''),
(2, 8, 2, 'Inicio', '', 'inicio', '', '', ''),
(299, 1, 1, 'Productos', '', 'productos', '', '', '-'),
(299, 2, 1, 'PRODUCTOS', '', 'productos', '', '', '-'),
(299, 3, 1, 'PRODUCTOS', '', 'productos', '', '', '-'),
(299, 4, 1, 'PRODUCTOS', '', 'productos', '', '', '-'),
(299, 5, 1, 'PRODUCTOS', '', 'productos', '', '', '-'),
(299, 6, 1, 'PRODUCTOS', '', 'productos', '', '', '-'),
(299, 7, 1, 'PRODUCTOS', '', 'productos', '', '', '-'),
(299, 8, 1, 'PRODUCTOS', '', 'productos', '', '', '-'),
(300, 1, 1, 'Climatizacion', '', 'climatizacion', '', '', '-'),
(300, 2, 1, 'Climatizacion', '', 'climatizacion', '', '', '-'),
(300, 3, 1, 'Climatizacion', '', 'climatizacion', '', '', '-'),
(300, 4, 1, 'Climatizacion', '', 'climatizacion', '', '', '-'),
(300, 5, 1, 'Climatizacion', '', 'climatizacion', '', '', '-'),
(300, 6, 1, 'Climatizacion', '', 'climatizacion', '', '', '-'),
(300, 7, 1, 'Climatizacion', '', 'climatizacion', '', '', '-'),
(300, 8, 1, 'Climatizacion', '', 'climatizacion', '', '', '-'),
(301, 1, 1, 'COCINA ELECTRO', '', 'cocina-electro', '', '', '-'),
(301, 2, 1, 'COCINA ELECTRO', '', 'cocina-electro', '', '', '-'),
(301, 3, 1, 'COCINA ELECTRO', '', 'cocina-electro', '', '', '-'),
(301, 4, 1, 'COCINA ELECTRO', '', 'cocina-electro', '', '', '-'),
(301, 5, 1, 'COCINA ELECTRO', '', 'cocina-electro', '', '', '-'),
(301, 6, 1, 'COCINA ELECTRO', '', 'cocina-electro', '', '', '-'),
(301, 7, 1, 'COCINA ELECTRO', '', 'cocina-electro', '', '', '-'),
(301, 8, 1, 'COCINA ELECTRO', '', 'cocina-electro', '', '', '-'),
(302, 1, 1, 'Aire + De 6000', '', 'aire-de-6000', '', '', '-'),
(302, 2, 1, 'AIRE + DE 6000', '', 'aire-de-6000', '', '', '-'),
(302, 3, 1, 'AIRE + DE 6000', '', 'aire-de-6000', '', '', '-'),
(302, 4, 1, 'AIRE + DE 6000', '', 'aire-de-6000', '', '', '-'),
(302, 5, 1, 'AIRE + DE 6000', '', 'aire-de-6000', '', '', '-'),
(302, 6, 1, 'AIRE + DE 6000', '', 'aire-de-6000', '', '', '-'),
(302, 7, 1, 'AIRE + DE 6000', '', 'aire-de-6000', '', '', '-'),
(302, 8, 1, 'AIRE + DE 6000', '', 'aire-de-6000', '', '', '-'),
(303, 1, 1, 'Aire 2000 A 3000', '<p>                     <a href="http://www.cordobaeshop.com.ar/aire-2000-a-3000/800-frio-calor-2600w-bajo-consumo.html"><img src="http://www.cordobaeshop.com.ar/img/cms/6fc807218085e9821711c5e09e783beb5f6a06e6_aire.jpg" alt="http://www.cordobaeshop.com.ar/aire-2000-a-3000/800-frio-calor-2600w-bajo-consumo.html" width="797" height="266" /></a></p>', 'aire-2000-a-3000', '', '', '-'),
(303, 2, 1, 'AIRE 2000 A 3000', '', 'aire-2000-a-3000', '', '', '-'),
(303, 3, 1, 'AIRE 2000 A 3000', '<p>                     <a href="http://www.cordobaeshop.com.ar/aire-2000-a-3000/800-frio-calor-2600w-bajo-consumo.html"><img src="http://www.cordobaeshop.com.ar/img/cms/6fc807218085e9821711c5e09e783beb5f6a06e6_aire.jpg" alt="http://www.cordobaeshop.com.ar/aire-2000-a-3000/800-frio-calor-2600w-bajo-consumo.html" width="797" height="266" /></a></p>', 'aire-2000-a-3000', '', '', '-'),
(303, 4, 1, 'AIRE 2000 A 3000', '<p>                     <a href="http://www.cordobaeshop.com.ar/aire-2000-a-3000/800-frio-calor-2600w-bajo-consumo.html"><img src="http://www.cordobaeshop.com.ar/img/cms/6fc807218085e9821711c5e09e783beb5f6a06e6_aire.jpg" alt="http://www.cordobaeshop.com.ar/aire-2000-a-3000/800-frio-calor-2600w-bajo-consumo.html" width="797" height="266" /></a></p>', 'aire-2000-a-3000', '', '', '-'),
(303, 5, 1, 'AIRE 2000 A 3000', '<p>                     <a href="http://www.cordobaeshop.com.ar/aire-2000-a-3000/800-frio-calor-2600w-bajo-consumo.html"><img src="http://www.cordobaeshop.com.ar/img/cms/6fc807218085e9821711c5e09e783beb5f6a06e6_aire.jpg" alt="http://www.cordobaeshop.com.ar/aire-2000-a-3000/800-frio-calor-2600w-bajo-consumo.html" width="797" height="266" /></a></p>', 'aire-2000-a-3000', '', '', '-'),
(303, 6, 1, 'AIRE 2000 A 3000', '<p>                     <a href="http://www.cordobaeshop.com.ar/aire-2000-a-3000/800-frio-calor-2600w-bajo-consumo.html"><img src="http://www.cordobaeshop.com.ar/img/cms/6fc807218085e9821711c5e09e783beb5f6a06e6_aire.jpg" alt="http://www.cordobaeshop.com.ar/aire-2000-a-3000/800-frio-calor-2600w-bajo-consumo.html" width="797" height="266" /></a></p>', 'aire-2000-a-3000', '', '', '-'),
(303, 7, 1, 'AIRE 2000 A 3000', '<p>                     <a href="http://www.cordobaeshop.com.ar/aire-2000-a-3000/800-frio-calor-2600w-bajo-consumo.html"><img src="http://www.cordobaeshop.com.ar/img/cms/6fc807218085e9821711c5e09e783beb5f6a06e6_aire.jpg" alt="http://www.cordobaeshop.com.ar/aire-2000-a-3000/800-frio-calor-2600w-bajo-consumo.html" width="797" height="266" /></a></p>', 'aire-2000-a-3000', '', '', '-'),
(303, 8, 1, 'AIRE 2000 A 3000', '<p>                     <a href="http://www.cordobaeshop.com.ar/aire-2000-a-3000/800-frio-calor-2600w-bajo-consumo.html"><img src="http://www.cordobaeshop.com.ar/img/cms/6fc807218085e9821711c5e09e783beb5f6a06e6_aire.jpg" alt="http://www.cordobaeshop.com.ar/aire-2000-a-3000/800-frio-calor-2600w-bajo-consumo.html" width="797" height="266" /></a></p>', 'aire-2000-a-3000', '', '', '-'),
(304, 1, 1, 'Aire 3000 A 4000', '', 'aire-3000-a-4000', '', '', '-'),
(304, 2, 1, 'AIRE 3000 A 4000', '', 'aire-3000-a-4000', '', '', '-'),
(304, 3, 1, 'AIRE 3000 A 4000', '', 'aire-3000-a-4000', '', '', '-'),
(304, 4, 1, 'AIRE 3000 A 4000', '', 'aire-3000-a-4000', '', '', '-'),
(304, 5, 1, 'AIRE 3000 A 4000', '', 'aire-3000-a-4000', '', '', '-'),
(304, 6, 1, 'AIRE 3000 A 4000', '', 'aire-3000-a-4000', '', '', '-'),
(304, 7, 1, 'AIRE 3000 A 4000', '', 'aire-3000-a-4000', '', '', '-'),
(304, 8, 1, 'Aire 2000 A 4000', '', 'aire-2000-a-4000', '', '', '-'),
(305, 1, 1, 'Aire 4000 A 6000', '', 'aire-4000-a-6000', '', '', '-'),
(305, 2, 1, 'AIRE 4000 A 6000', '', 'aire-4000-a-6000', '', '', '-'),
(305, 3, 1, 'AIRE 4000 A 6000', '', 'aire-4000-a-6000', '', '', '-'),
(305, 4, 1, 'AIRE 4000 A 6000', '', 'aire-4000-a-6000', '', '', '-'),
(305, 5, 1, 'AIRE 4000 A 6000', '', 'aire-4000-a-6000', '', '', '-'),
(305, 6, 1, 'AIRE 4000 A 6000', '', 'aire-4000-a-6000', '', '', '-'),
(305, 7, 1, 'AIRE 4000 A 6000', '', 'aire-4000-a-6000', '', '', '-'),
(305, 8, 1, 'Aire 4000 A 9000', '', 'aire-4000-a-9000', '', '', '-'),
(306, 1, 1, 'PAVAS ELECTRICAS', '', 'pavas-electricas', '', '', '-'),
(306, 2, 1, 'PAVAS ELECTRICAS', '', 'pavas-electricas', '', '', '-'),
(306, 3, 1, 'PAVAS ELECTRICAS', '', 'pavas-electricas', '', '', '-'),
(306, 4, 1, 'PAVAS ELECTRICAS', '', 'pavas-electricas', '', '', '-'),
(306, 5, 1, 'PAVAS ELECTRICAS', '', 'pavas-electricas', '', '', '-'),
(306, 6, 1, 'PAVAS ELECTRICAS', '', 'pavas-electricas', '', '', '-'),
(306, 7, 1, 'PAVAS ELECTRICAS', '', 'pavas-electricas', '', '', '-'),
(306, 8, 1, 'PAVAS ELECTRICAS', '', 'pavas-electricas', '', '', '-'),
(307, 1, 1, 'AYUDANTES DE COCINA', '', 'ayudantes-de-cocina', '', '', '-'),
(307, 2, 1, 'AYUDANTES DE COCINA', '', 'ayudantes-de-cocina', '', '', '-'),
(307, 3, 1, 'AYUDANTES DE COCINA', '', 'ayudantes-de-cocina', '', '', '-'),
(307, 4, 1, 'AYUDANTES DE COCINA', '', 'ayudantes-de-cocina', '', '', '-'),
(307, 5, 1, 'AYUDANTES DE COCINA', '', 'ayudantes-de-cocina', '', '', '-'),
(307, 6, 1, 'AYUDANTES DE COCINA', '', 'ayudantes-de-cocina', '', '', '-'),
(307, 7, 1, 'AYUDANTES DE COCINA', '', 'ayudantes-de-cocina', '', '', '-'),
(307, 8, 1, 'AYUDANTES DE COCINA', '', 'ayudantes-de-cocina', '', '', '-'),
(308, 1, 1, 'CAMARAS DIGITALES', '', 'camaras-digitales', '', '', '-'),
(308, 2, 1, 'CAMARAS DIGITALES', '', 'camaras-digitales', '', '', '-'),
(308, 3, 1, 'CAMARAS DIGITALES', '', 'camaras-digitales', '', '', '-'),
(308, 4, 1, 'CAMARAS DIGITALES', '', 'camaras-digitales', '', '', '-'),
(308, 5, 1, 'CAMARAS DIGITALES', '', 'camaras-digitales', '', '', '-'),
(308, 6, 1, 'CAMARAS DIGITALES', '', 'camaras-digitales', '', '', '-'),
(308, 7, 1, 'CAMARAS DIGITALES', '', 'camaras-digitales', '', '', '-'),
(308, 8, 1, 'CAMARAS DIGITALES', '', 'camaras-digitales', '', '', '-'),
(309, 1, 1, 'TABLET', '', 'tablet', '', '', '-'),
(309, 2, 1, 'TABLET', '', 'tablet', '', '', '-'),
(309, 3, 1, 'TABLET', '', 'tablet', '', '', '-'),
(309, 4, 1, 'TABLET', '', 'tablet', '', '', '-'),
(309, 5, 1, 'TABLET', '', 'tablet', '', '', '-'),
(309, 6, 1, 'TABLET', '', 'tablet', '', '', '-'),
(309, 7, 1, 'TABLET', '', 'tablet', '', '', '-'),
(309, 8, 1, 'TABLET', '', 'tablet', '', '', '-'),
(310, 1, 1, 'VARIOS', '', 'varios', '', '', '-'),
(310, 2, 1, 'VARIOS', '', 'varios', '', '', '-'),
(310, 3, 1, 'VARIOS', '', 'varios', '', '', '-'),
(310, 4, 1, 'VARIOS', '', 'varios', '', '', '-'),
(310, 5, 1, 'VARIOS', '', 'varios', '', '', '-'),
(310, 6, 1, 'VARIOS', '', 'varios', '', '', '-'),
(310, 7, 1, 'VARIOS', '', 'varios', '', '', '-'),
(310, 8, 1, 'VARIOS', '', 'varios', '', '', '-'),
(311, 1, 1, 'PC', '', 'pc', '', '', '-'),
(311, 2, 1, 'PC', '', 'pc', '', '', '-'),
(311, 3, 1, 'PC', '', 'pc', '', '', '-'),
(311, 4, 1, 'PC', '', 'pc', '', '', '-'),
(311, 5, 1, 'PC', '', 'pc', '', '', '-'),
(311, 6, 1, 'PC', '', 'pc', '', '', '-'),
(311, 7, 1, 'PC', '', 'pc', '', '', '-'),
(311, 8, 1, 'PC', '', 'pc', '', '', '-'),
(312, 1, 1, 'SEGURIDAD', '', 'seguridad', '', '', '-'),
(312, 2, 1, 'SEGURIDAD', '', 'seguridad', '', '', '-'),
(312, 3, 1, 'SEGURIDAD', '', 'seguridad', '', '', '-'),
(312, 4, 1, 'SEGURIDAD', '', 'seguridad', '', '', '-'),
(312, 5, 1, 'SEGURIDAD', '', 'seguridad', '', '', '-'),
(312, 6, 1, 'SEGURIDAD', '', 'seguridad', '', '', '-'),
(312, 7, 1, 'SEGURIDAD', '', 'seguridad', '', '', '-'),
(312, 8, 1, 'SEGURIDAD', '', 'seguridad', '', '', '-'),
(313, 1, 1, 'TELEFONIA', '', 'telefonia', '', '', '-'),
(313, 2, 1, 'TELEFONIA', '', 'telefonia', '', '', '-'),
(313, 3, 1, 'TELEFONIA', '', 'telefonia', '', '', '-'),
(313, 4, 1, 'TELEFONIA', '', 'telefonia', '', '', '-'),
(313, 5, 1, 'TELEFONIA', '', 'telefonia', '', '', '-'),
(313, 6, 1, 'TELEFONIA', '', 'telefonia', '', '', '-'),
(313, 7, 1, 'TELEFONIA', '', 'telefonia', '', '', '-'),
(313, 8, 1, 'TELEFONIA', '', 'telefonia', '', '', '-'),
(314, 1, 1, 'PC TODO EN UNO', '', 'pc-todo-en-uno', '', '', '-'),
(314, 2, 1, 'PC TODO EN UNO', '', 'pc-todo-en-uno', '', '', '-'),
(314, 3, 1, 'PC TODO EN UNO', '', 'pc-todo-en-uno', '', '', '-'),
(314, 4, 1, 'PC TODO EN UNO', '', 'pc-todo-en-uno', '', '', '-'),
(314, 5, 1, 'PC TODO EN UNO', '', 'pc-todo-en-uno', '', '', '-'),
(314, 6, 1, 'PC TODO EN UNO', '', 'pc-todo-en-uno', '', '', '-'),
(314, 7, 1, 'PC TODO EN UNO', '', 'pc-todo-en-uno', '', '', '-'),
(314, 8, 1, 'PC TODO EN UNO', '', 'pc-todo-en-uno', '', '', '-'),
(315, 1, 1, 'FINANCIACION', '', 'financiacion', '', '', '-'),
(315, 2, 1, 'FINANCIACION', '', 'financiacion', '', '', '-'),
(315, 3, 1, 'FINANCIACION', '', 'financiacion', '', '', '-'),
(315, 4, 1, 'FINANCIACION', '', 'financiacion', '', '', '-'),
(315, 5, 1, 'FINANCIACION', '', 'financiacion', '', '', '-'),
(315, 6, 1, 'FINANCIACION', '', 'financiacion', '', '', '-'),
(315, 7, 1, 'FINANCIACION', '', 'financiacion', '', '', '-'),
(315, 8, 1, 'FINANCIACION', '', 'financiacion', '', '', '-'),
(316, 1, 1, 'LIMPIEZA', '', 'limpieza', '', '', '-'),
(316, 2, 1, 'LIMPIEZA', '', 'limpieza', '', '', '-'),
(316, 3, 1, 'LIMPIEZA', '', 'limpieza', '', '', '-'),
(316, 4, 1, 'LIMPIEZA', '', 'limpieza', '', '', '-'),
(316, 5, 1, 'LIMPIEZA', '', 'limpieza', '', '', '-'),
(316, 6, 1, 'LIMPIEZA', '', 'limpieza', '', '', '-'),
(316, 7, 1, 'LIMPIEZA', '', 'limpieza', '', '', '-'),
(316, 8, 1, 'LIMPIEZA', '', 'limpieza', '', '', '-'),
(317, 1, 1, 'ALMACENAMIENTO', '', 'almacenamiento', '', '', '-'),
(317, 2, 1, 'ALMACENAMIENTO', '', 'almacenamiento', '', '', '-'),
(317, 3, 1, 'ALMACENAMIENTO', '', 'almacenamiento', '', '', '-'),
(317, 4, 1, 'ALMACENAMIENTO', '', 'almacenamiento', '', '', '-'),
(317, 5, 1, 'ALMACENAMIENTO', '', 'almacenamiento', '', '', '-'),
(317, 6, 1, 'ALMACENAMIENTO', '', 'almacenamiento', '', '', '-'),
(317, 7, 1, 'ALMACENAMIENTO', '', 'almacenamiento', '', '', '-'),
(317, 8, 1, 'ALMACENAMIENTO', '', 'almacenamiento', '', '', '-'),
(318, 1, 1, 'CLIMATIZACION', '', 'climatizacion', '', '', '-'),
(318, 2, 1, 'CLIMATIZACION', '', 'climatizacion', '', '', '-'),
(318, 3, 1, 'CLIMATIZACION', '', 'climatizacion', '', '', '-'),
(318, 4, 1, 'CLIMATIZACION', '', 'climatizacion', '', '', '-'),
(318, 5, 1, 'CLIMATIZACION', '', 'climatizacion', '', '', '-'),
(318, 6, 1, 'CLIMATIZACION', '', 'climatizacion', '', '', '-'),
(318, 7, 1, 'CLIMATIZACION', '', 'climatizacion', '', '', '-'),
(318, 8, 1, 'CLIMATIZACION', '', 'climatizacion', '', '', '-'),
(319, 1, 1, 'IMPRESORAS', '', 'impresoras', '', '', '-'),
(319, 2, 1, 'IMPRESORAS', '', 'impresoras', '', '', '-'),
(319, 3, 1, 'IMPRESORAS', '', 'impresoras', '', '', '-'),
(319, 4, 1, 'IMPRESORAS', '', 'impresoras', '', '', '-'),
(319, 5, 1, 'IMPRESORAS', '', 'impresoras', '', '', '-'),
(319, 6, 1, 'IMPRESORAS', '', 'impresoras', '', '', '-'),
(319, 7, 1, 'IMPRESORAS', '', 'impresoras', '', '', '-'),
(319, 8, 1, 'IMPRESORAS', '', 'impresoras', '', '', '-'),
(320, 1, 1, 'ENVIOS', '', 'envios', '', '', '-'),
(320, 2, 1, 'ENVIOS', '', 'envios', '', '', '-'),
(320, 3, 1, 'ENVIOS', '', 'envios', '', '', '-'),
(320, 4, 1, 'ENVIOS', '', 'envios', '', '', '-'),
(320, 5, 1, 'ENVIOS', '', 'envios', '', '', '-'),
(320, 6, 1, 'ENVIOS', '', 'envios', '', '', '-'),
(320, 7, 1, 'ENVIOS', '', 'envios', '', '', '-'),
(320, 8, 1, 'ENVIOS', '', 'envios', '', '', '-'),
(321, 1, 1, 'ENERGIA', '', 'energia', '', '', '-'),
(321, 2, 1, 'ENERGIA', '', 'energia', '', '', '-'),
(321, 3, 1, 'ENERGIA', '', 'energia', '', '', '-'),
(321, 4, 1, 'ENERGIA', '', 'energia', '', '', '-'),
(321, 5, 1, 'ENERGIA', '', 'energia', '', '', '-'),
(321, 6, 1, 'ENERGIA', '', 'energia', '', '', '-'),
(321, 7, 1, 'ENERGIA', '', 'energia', '', '', '-'),
(321, 8, 1, 'ENERGIA', '', 'energia', '', '', '-'),
(322, 1, 1, 'BOLSOS', '', 'bolsos', '', '', '-'),
(322, 2, 1, 'BOLSOS', '', 'bolsos', '', '', '-'),
(322, 3, 1, 'BOLSOS', '', 'bolsos', '', '', '-'),
(322, 4, 1, 'BOLSOS', '', 'bolsos', '', '', '-'),
(322, 5, 1, 'BOLSOS', '', 'bolsos', '', '', '-'),
(322, 6, 1, 'BOLSOS', '', 'bolsos', '', '', '-'),
(322, 7, 1, 'BOLSOS', '', 'bolsos', '', '', '-'),
(322, 8, 1, 'BOLSOS', '', 'bolsos', '', '', '-'),
(323, 1, 1, 'Electro Hogar', '', 'electro-hogar', '', '', '-'),
(323, 2, 1, 'Electro Hogar', '', 'electro-hogar', '', '', '-'),
(323, 3, 1, 'Electro Hogar', '', 'electro-hogar', '', '', '-'),
(323, 4, 1, 'Electro Hogar', '', 'electro-hogar', '', '', '-'),
(323, 5, 1, 'Electro Hogar', '', 'electro-hogar', '', '', '-'),
(323, 6, 1, 'Electro Hogar', '', 'electro-hogar', '', '', '-'),
(323, 7, 1, 'Electro Hogar', '', 'electro-hogar', '', '', '-'),
(323, 8, 1, 'Electro Hogar', '', 'electro-hogar', '', '', '-'),
(324, 1, 1, 'CONSOLAS', '', 'consolas', '', '', '-'),
(324, 2, 1, 'CONSOLAS', '', 'consolas', '', '', '-'),
(324, 3, 1, 'CONSOLAS', '', 'consolas', '', '', '-'),
(324, 4, 1, 'CONSOLAS', '', 'consolas', '', '', '-'),
(324, 5, 1, 'CONSOLAS', '', 'consolas', '', '', '-'),
(324, 6, 1, 'CONSOLAS', '', 'consolas', '', '', '-'),
(324, 7, 1, 'CONSOLAS', '', 'consolas', '', '', '-'),
(324, 8, 1, 'CONSOLAS', '', 'consolas', '', '', '-'),
(325, 1, 1, 'CONECTIVIDAD', '', 'conectividad', '', '', '-'),
(325, 2, 1, 'CONECTIVIDAD', '', 'conectividad', '', '', '-'),
(325, 3, 1, 'CONECTIVIDAD', '', 'conectividad', '', '', '-'),
(325, 4, 1, 'CONECTIVIDAD', '', 'conectividad', '', '', '-'),
(325, 5, 1, 'CONECTIVIDAD', '', 'conectividad', '', '', '-'),
(325, 6, 1, 'CONECTIVIDAD', '', 'conectividad', '', '', '-'),
(325, 7, 1, 'CONECTIVIDAD', '', 'conectividad', '', '', '-'),
(325, 8, 1, 'CONECTIVIDAD', '', 'conectividad', '', '', '-'),
(326, 1, 1, 'MONITORES', '', 'monitores', '', '', '-'),
(326, 2, 1, 'MONITORES', '', 'monitores', '', '', '-'),
(326, 3, 1, 'MONITORES', '', 'monitores', '', '', '-'),
(326, 4, 1, 'MONITORES', '', 'monitores', '', '', '-'),
(326, 5, 1, 'MONITORES', '', 'monitores', '', '', '-'),
(326, 6, 1, 'MONITORES', '', 'monitores', '', '', '-'),
(326, 7, 1, 'MONITORES', '', 'monitores', '', '', '-'),
(326, 8, 1, 'MONITORES', '', 'monitores', '', '', '-'),
(327, 1, 1, 'Computacion', '', 'computacion', '', '', '-'),
(327, 2, 1, 'Computacion', '', 'computacion', '', '', '-'),
(327, 3, 1, 'Computacion', '', 'computacion', '', '', '-'),
(327, 4, 1, 'Computacion', '', 'computacion', '', '', '-'),
(327, 5, 1, 'Computacion', '', 'computacion', '', '', '-'),
(327, 6, 1, 'Computacion', '', 'computacion', '', '', '-'),
(327, 7, 1, 'Computacion', '', 'computacion', '', '', '-'),
(327, 8, 1, 'Computacion', '', 'computacion', '', '', '-'),
(328, 1, 1, 'SOPORTES', '', 'soportes', '', '', '-'),
(328, 2, 1, 'SOPORTES', '', 'soportes', '', '', '-'),
(328, 3, 1, 'SOPORTES', '', 'soportes', '', '', '-'),
(328, 4, 1, 'SOPORTES', '', 'soportes', '', '', '-'),
(328, 5, 1, 'SOPORTES', '', 'soportes', '', '', '-'),
(328, 6, 1, 'SOPORTES', '', 'soportes', '', '', '-'),
(328, 7, 1, 'SOPORTES', '', 'soportes', '', '', '-'),
(328, 8, 1, 'SOPORTES', '', 'soportes', '', '', '-'),
(329, 1, 1, 'GPS', '', 'gps', '', '', '-'),
(329, 2, 1, 'GPS', '', 'gps', '', '', '-'),
(329, 3, 1, 'GPS', '', 'gps', '', '', '-'),
(329, 4, 1, 'GPS', '', 'gps', '', '', '-'),
(329, 5, 1, 'GPS', '', 'gps', '', '', '-'),
(329, 6, 1, 'GPS', '', 'gps', '', '', '-'),
(329, 7, 1, 'GPS', '', 'gps', '', '', '-'),
(329, 8, 1, 'GPS', '', 'gps', '', '', '-'),
(330, 1, 1, 'MP3 & MP4', '', 'mp3-mp4', '', '', '-'),
(330, 2, 1, 'MP3 & MP4', '', 'mp3-mp4', '', '', '-'),
(330, 3, 1, 'MP3 & MP4', '', 'mp3-mp4', '', '', '-'),
(330, 4, 1, 'MP3 & MP4', '', 'mp3-mp4', '', '', '-'),
(330, 5, 1, 'MP3 & MP4', '', 'mp3-mp4', '', '', '-'),
(330, 6, 1, 'MP3 & MP4', '', 'mp3-mp4', '', '', '-'),
(330, 7, 1, 'MP3 & MP4', '', 'mp3-mp4', '', '', '-'),
(330, 8, 1, 'MP3 & MP4', '', 'mp3-mp4', '', '', '-'),
(331, 1, 1, 'MULTIMEDIA', '', 'multimedia', '', '', '-'),
(331, 2, 1, 'MULTIMEDIA', '', 'multimedia', '', '', '-'),
(331, 3, 1, 'MULTIMEDIA', '', 'multimedia', '', '', '-'),
(331, 4, 1, 'MULTIMEDIA', '', 'multimedia', '', '', '-'),
(331, 5, 1, 'MULTIMEDIA', '', 'multimedia', '', '', '-'),
(331, 6, 1, 'MULTIMEDIA', '', 'multimedia', '', '', '-'),
(331, 7, 1, 'MULTIMEDIA', '', 'multimedia', '', '', '-'),
(331, 8, 1, 'MULTIMEDIA', '', 'multimedia', '', '', '-'),
(332, 1, 1, 'Electronica', '', 'electronica', '', '', '-'),
(332, 2, 1, 'Electronica', '', 'electronica', '', '', '-'),
(332, 3, 1, 'Electronica', '', 'electronica', '', '', '-'),
(332, 4, 1, 'Electronica', '', 'electronica', '', '', '-'),
(332, 5, 1, 'Electronica', '', 'electronica', '', '', '-'),
(332, 6, 1, 'Electronica', '', 'electronica', '', '', '-'),
(332, 7, 1, 'Electronica', '', 'electronica', '', '', '-'),
(332, 8, 1, 'Electronica', '', 'electronica', '', '', '-'),
(333, 1, 1, 'Notebook Core I3', '', 'notebook-core-i3', '', '', '-'),
(333, 2, 1, 'NOTEBOOK CORE I3', '', 'notebook-core-i3', '', '', '-'),
(333, 3, 1, 'NOTEBOOK CORE I3', '', 'notebook-core-i3', '', '', '-'),
(333, 4, 1, 'NOTEBOOK CORE I3', '', 'notebook-core-i3', '', '', '-'),
(333, 5, 1, 'NOTEBOOK CORE I3', '', 'notebook-core-i3', '', '', '-'),
(333, 6, 1, 'NOTEBOOK CORE I3', '', 'notebook-core-i3', '', '', '-'),
(333, 7, 1, 'NOTEBOOK CORE I3', '', 'notebook-core-i3', '', '', '-'),
(333, 8, 1, 'NOTEBOOK CORE I3', '', 'notebook-core-i3', '', '', '-'),
(334, 1, 1, 'Notebook Core I5', '', 'notebook-core-i5', '', '', '-'),
(334, 2, 1, 'NOTEBOOK CORE I5', '', 'notebook-core-i5', '', '', '-'),
(334, 3, 1, 'NOTEBOOK CORE I5', '', 'notebook-core-i5', '', '', '-'),
(334, 4, 1, 'NOTEBOOK CORE I5', '', 'notebook-core-i5', '', '', '-'),
(334, 5, 1, 'NOTEBOOK CORE I5', '', 'notebook-core-i5', '', '', '-'),
(334, 6, 1, 'NOTEBOOK CORE I5', '', 'notebook-core-i5', '', '', '-'),
(334, 7, 1, 'NOTEBOOK CORE I5', '', 'notebook-core-i5', '', '', '-'),
(334, 8, 1, 'NOTEBOOK CORE I5', '', 'notebook-core-i5', '', '', '-'),
(335, 1, 1, '16 PULGADAS', '', '16-pulgadas', '', '', '-'),
(335, 2, 1, '16 PULGADAS', '', '16-pulgadas', '', '', '-'),
(335, 3, 1, '16 PULGADAS', '', '16-pulgadas', '', '', '-'),
(335, 4, 1, '16 PULGADAS', '', '16-pulgadas', '', '', '-'),
(335, 5, 1, '16 PULGADAS', '', '16-pulgadas', '', '', '-'),
(335, 6, 1, '16 PULGADAS', '', '16-pulgadas', '', '', '-'),
(335, 7, 1, '16 PULGADAS', '', '16-pulgadas', '', '', '-'),
(335, 8, 1, '16 PULGADAS', '', '16-pulgadas', '', '', '-'),
(336, 1, 1, '17 PULGADAS', '', '17-pulgadas', '', '', '-'),
(336, 2, 1, '17 PULGADAS', '', '17-pulgadas', '', '', '-'),
(336, 3, 1, '17 PULGADAS', '', '17-pulgadas', '', '', '-'),
(336, 4, 1, '17 PULGADAS', '', '17-pulgadas', '', '', '-'),
(336, 5, 1, '17 PULGADAS', '', '17-pulgadas', '', '', '-'),
(336, 6, 1, '17 PULGADAS', '', '17-pulgadas', '', '', '-'),
(336, 7, 1, '17 PULGADAS', '', '17-pulgadas', '', '', '-'),
(336, 8, 1, '17 PULGADAS', '', '17-pulgadas', '', '', '-'),
(337, 1, 1, 'Notebook Core I7', '', 'notebook-core-i7', '', '', '-'),
(337, 2, 1, 'NOTEBOOK CORE I7', '', 'notebook-core-i7', '', '', '-'),
(337, 3, 1, 'NOTEBOOK CORE I7', '', 'notebook-core-i7', '', '', '-'),
(337, 4, 1, 'NOTEBOOK CORE I7', '', 'notebook-core-i7', '', '', '-'),
(337, 5, 1, 'NOTEBOOK CORE I7', '', 'notebook-core-i7', '', '', '-'),
(337, 6, 1, 'NOTEBOOK CORE I7', '', 'notebook-core-i7', '', '', '-'),
(337, 7, 1, 'NOTEBOOK CORE I7', '', 'notebook-core-i7', '', '', '-'),
(337, 8, 1, 'NOTEBOOK CORE I7', '', 'notebook-core-i7', '', '', '-'),
(338, 1, 1, 'CARGADORES', '', 'cargadores', '', '', '-'),
(338, 2, 1, 'CARGADORES', '', 'cargadores', '', '', '-'),
(338, 3, 1, 'CARGADORES', '', 'cargadores', '', '', '-'),
(338, 4, 1, 'CARGADORES', '', 'cargadores', '', '', '-'),
(338, 5, 1, 'CARGADORES', '', 'cargadores', '', '', '-'),
(338, 6, 1, 'CARGADORES', '', 'cargadores', '', '', '-'),
(338, 7, 1, 'CARGADORES', '', 'cargadores', '', '', '-'),
(338, 8, 1, 'CARGADORES', '', 'cargadores', '', '', '-'),
(339, 1, 1, 'LASER', '', 'laser', '', '', '-'),
(339, 2, 1, 'LASER', '', 'laser', '', '', '-'),
(339, 3, 1, 'LASER', '', 'laser', '', '', '-'),
(339, 4, 1, 'LASER', '', 'laser', '', '', '-'),
(339, 5, 1, 'LASER', '', 'laser', '', '', '-'),
(339, 6, 1, 'LASER', '', 'laser', '', '', '-'),
(339, 7, 1, 'LASER', '', 'laser', '', '', '-'),
(339, 8, 1, 'LASER', '', 'laser', '', '', '-'),
(340, 1, 1, 'PC CORE I', '', 'pc-core-i', '', '', '-'),
(340, 2, 1, 'PC CORE I', '', 'pc-core-i', '', '', '-'),
(340, 3, 1, 'PC CORE I', '', 'pc-core-i', '', '', '-'),
(340, 4, 1, 'PC CORE I', '', 'pc-core-i', '', '', '-'),
(340, 5, 1, 'PC CORE I', '', 'pc-core-i', '', '', '-'),
(340, 6, 1, 'PC CORE I', '', 'pc-core-i', '', '', '-'),
(340, 7, 1, 'PC CORE I', '', 'pc-core-i', '', '', '-'),
(340, 8, 1, 'PC CORE I', '', 'pc-core-i', '', '', '-'),
(341, 1, 1, 'PC DUAL CORE', '', 'pc-dual-core', '', '', '-'),
(341, 2, 1, 'PC DUAL CORE', '', 'pc-dual-core', '', '', '-'),
(341, 3, 1, 'PC DUAL CORE', '', 'pc-dual-core', '', '', '-'),
(341, 4, 1, 'PC DUAL CORE', '', 'pc-dual-core', '', '', '-'),
(341, 5, 1, 'PC DUAL CORE', '', 'pc-dual-core', '', '', '-'),
(341, 6, 1, 'PC DUAL CORE', '', 'pc-dual-core', '', '', '-'),
(341, 7, 1, 'PC DUAL CORE', '', 'pc-dual-core', '', '', '-'),
(341, 8, 1, 'PC DUAL CORE', '', 'pc-dual-core', '', '', '-'),
(342, 1, 1, 'MEMORIAS RAM', '', 'memorias-ram', '', '', '-'),
(342, 2, 1, 'MEMORIAS RAM', '', 'memorias-ram', '', '', '-'),
(342, 3, 1, 'MEMORIAS RAM', '', 'memorias-ram', '', '', '-'),
(342, 4, 1, 'MEMORIAS RAM', '', 'memorias-ram', '', '', '-'),
(342, 5, 1, 'MEMORIAS RAM', '', 'memorias-ram', '', '', '-'),
(342, 6, 1, 'MEMORIAS RAM', '', 'memorias-ram', '', '', '-'),
(342, 7, 1, 'MEMORIAS RAM', '', 'memorias-ram', '', '', '-'),
(342, 8, 1, 'MEMORIAS RAM', '', 'memorias-ram', '', '', '-'),
(343, 1, 1, 'MEMORIAS MICRO SD', '', 'memorias-micro-sd', '', '', '-'),
(343, 2, 1, 'MEMORIAS MICRO SD', '', 'memorias-micro-sd', '', '', '-'),
(343, 3, 1, 'MEMORIAS MICRO SD', '', 'memorias-micro-sd', '', '', '-'),
(343, 4, 1, 'MEMORIAS MICRO SD', '', 'memorias-micro-sd', '', '', '-'),
(343, 5, 1, 'MEMORIAS MICRO SD', '', 'memorias-micro-sd', '', '', '-'),
(343, 6, 1, 'MEMORIAS MICRO SD', '', 'memorias-micro-sd', '', '', '-'),
(343, 7, 1, 'MEMORIAS MICRO SD', '', 'memorias-micro-sd', '', '', '-'),
(343, 8, 1, 'MEMORIAS MICRO SD', '', 'memorias-micro-sd', '', '', '-'),
(344, 1, 1, 'DISCOS EXTERNOS', '', 'discos-externos', '', '', '-'),
(344, 2, 1, 'DISCOS EXTERNOS', '', 'discos-externos', '', '', '-'),
(344, 3, 1, 'DISCOS EXTERNOS', '', 'discos-externos', '', '', '-'),
(344, 4, 1, 'DISCOS EXTERNOS', '', 'discos-externos', '', '', '-'),
(344, 5, 1, 'DISCOS EXTERNOS', '', 'discos-externos', '', '', '-'),
(344, 6, 1, 'DISCOS EXTERNOS', '', 'discos-externos', '', '', '-'),
(344, 7, 1, 'DISCOS EXTERNOS', '', 'discos-externos', '', '', '-'),
(344, 8, 1, 'DISCOS EXTERNOS', '', 'discos-externos', '', '', '-'),
(345, 1, 1, 'Microondas', '', 'microondas', '', '', '-'),
(345, 2, 1, 'MICROONDAS', '', 'microondas', '', '', '-'),
(345, 3, 1, 'MICROONDAS', '', 'microondas', '', '', '-'),
(345, 4, 1, 'MICROONDAS', '', 'microondas', '', '', '-'),
(345, 5, 1, 'MICROONDAS', '', 'microondas', '', '', '-'),
(345, 6, 1, 'MICROONDAS', '', 'microondas', '', '', '-'),
(345, 7, 1, 'MICROONDAS', '', 'microondas', '', '', '-'),
(345, 8, 1, 'MICROONDAS', '', 'microondas', '', '', '-'),
(346, 1, 1, 'Ultrabook', '', 'ultrabook', '', '', '-'),
(346, 2, 1, 'ULTRABOOK', '', 'ultrabook', '', '', '-'),
(346, 3, 1, 'ULTRABOOK', '', 'ultrabook', '', '', '-'),
(346, 4, 1, 'ULTRABOOK', '', 'ultrabook', '', '', '-'),
(346, 5, 1, 'ULTRABOOK', '', 'ultrabook', '', '', '-'),
(346, 6, 1, 'ULTRABOOK', '', 'ultrabook', '', '', '-'),
(346, 7, 1, 'ULTRABOOK', '', 'ultrabook', '', '', '-'),
(346, 8, 1, 'ULTRABOOK', '', 'ultrabook', '', '', '-'),
(347, 1, 1, 'INYECCI?N TINTA', '', '', '', '', '-'),
(347, 2, 1, 'INYECCI?N TINTA', '', '', '', '', '-'),
(347, 3, 1, 'INYECCI?N TINTA', '', '', '', '', '-'),
(347, 4, 1, 'INYECCI?N TINTA', '', '', '', '', '-'),
(347, 5, 1, 'INYECCI?N TINTA', '', '', '', '', '-'),
(347, 6, 1, 'INYECCI?N TINTA', '', '', '', '', '-'),
(347, 7, 1, 'INYECCI?N TINTA', '', '', '', '', '-'),
(347, 8, 1, 'INYECCI?N TINTA', '', '', '', '', '-'),
(348, 1, 1, 'Cocinas', '', 'cocinas', '', '', '-'),
(348, 2, 1, 'COCINAS', '', 'cocinas', '', '', '-'),
(348, 3, 1, 'COCINAS', '', 'cocinas', '', '', '-'),
(348, 4, 1, 'COCINAS', '', 'cocinas', '', '', '-'),
(348, 5, 1, 'COCINAS', '', 'cocinas', '', '', '-'),
(348, 6, 1, 'COCINAS', '', 'cocinas', '', '', '-'),
(348, 7, 1, 'COCINAS', '', 'cocinas', '', '', '-'),
(348, 8, 1, 'COCINAS', '', 'cocinas', '', '', '-'),
(349, 1, 1, 'Hornos Electricos', '', 'hornos-electricos', '', '', '-'),
(349, 2, 1, 'HORNOS ELECTRICOS', '', 'hornos-electricos', '', '', '-'),
(349, 3, 1, 'HORNOS ELECTRICOS', '', 'hornos-electricos', '', '', '-'),
(349, 4, 1, 'HORNOS ELECTRICOS', '', 'hornos-electricos', '', '', '-'),
(349, 5, 1, 'HORNOS ELECTRICOS', '', 'hornos-electricos', '', '', '-'),
(349, 6, 1, 'HORNOS ELECTRICOS', '', 'hornos-electricos', '', '', '-'),
(349, 7, 1, 'HORNOS ELECTRICOS', '', 'hornos-electricos', '', '', '-'),
(349, 8, 1, 'HORNOS ELECTRICOS', '', 'hornos-electricos', '', '', '-'),
(350, 1, 1, 'ESTABILIZADORES', '', 'estabilizadores', '', '', '-'),
(350, 2, 1, 'ESTABILIZADORES', '', 'estabilizadores', '', '', '-'),
(350, 3, 1, 'ESTABILIZADORES', '', 'estabilizadores', '', '', '-'),
(350, 4, 1, 'ESTABILIZADORES', '', 'estabilizadores', '', '', '-'),
(350, 5, 1, 'ESTABILIZADORES', '', 'estabilizadores', '', '', '-'),
(350, 6, 1, 'ESTABILIZADORES', '', 'estabilizadores', '', '', '-'),
(350, 7, 1, 'ESTABILIZADORES', '', 'estabilizadores', '', '', '-'),
(350, 8, 1, 'ESTABILIZADORES', '', 'estabilizadores', '', '', '-'),
(351, 1, 1, 'Notebook Dual Core', '<p><span style="color:#ffffff;">Venta de Notebook en Córdoba capital</span></p>', 'notebook-dual-core', 'Venta de Notebook en Córdoba capital', '', '-Venta de Notebook en Córdoba capital'),
(351, 2, 1, 'NOTEBOOK DUAL CORE', '', 'notebook-dual-core', 'Venta de Notebook en Córdoba capital', '', '-'),
(351, 3, 1, 'NOTEBOOK DUAL CORE', '<p><span style="color:#ffffff;">Venta de Notebook en Córdoba capital</span></p>', 'notebook-dual-core', 'Venta de Notebook en Córdoba capital', '', '-Venta de Notebook en Córdoba capital'),
(351, 4, 1, 'NOTEBOOK DUAL CORE', '<p><span style="color:#ffffff;">Venta de Notebook en Córdoba capital</span></p>', 'notebook-dual-core', 'Venta de Notebook en Córdoba capital', '', '-Venta de Notebook en Córdoba capital'),
(351, 5, 1, 'NOTEBOOK DUAL CORE', '<p><span style="color:#ffffff;">Venta de Notebook en Córdoba capital</span></p>', 'notebook-dual-core', 'Venta de Notebook en Córdoba capital', '', '-Venta de Notebook en Córdoba capital'),
(351, 6, 1, 'NOTEBOOK DUAL CORE', '<p><span style="color:#ffffff;">Venta de Notebook en Córdoba capital</span></p>', 'notebook-dual-core', 'Venta de Notebook en Córdoba capital', '', '-Venta de Notebook en Córdoba capital'),
(351, 7, 1, 'NOTEBOOK DUAL CORE', '<p><span style="color:#ffffff;">Venta de Notebook en Córdoba capital</span></p>', 'notebook-dual-core', 'Venta de Notebook en Córdoba capital', '', '-Venta de Notebook en Córdoba capital'),
(351, 8, 1, 'NOTEBOOK DUAL CORE', '<p><span style="color:#ffffff;">Venta de Notebook en Córdoba capital</span></p>', 'notebook-dual-core', 'Venta de Notebook en Córdoba capital', '', '-Venta de Notebook en Córdoba capital'),
(352, 1, 1, 'Purificadores', '', 'purificadores', '', '', '-'),
(352, 2, 1, 'PURIFICADORES', '', 'purificadores', '', '', '-'),
(352, 3, 1, 'PURIFICADORES', '', 'purificadores', '', '', '-'),
(352, 4, 1, 'PURIFICADORES', '', 'purificadores', '', '', '-'),
(352, 5, 1, 'PURIFICADORES', '', 'purificadores', '', '', '-'),
(352, 6, 1, 'PURIFICADORES', '', 'purificadores', '', '', '-'),
(352, 7, 1, 'PURIFICADORES', '', 'purificadores', '', '', '-'),
(352, 8, 1, 'PURIFICADORES', '', 'purificadores', '', '', '-'),
(353, 1, 1, 'AIERS ACONDICIONADOS ', '', 'aiers-acondicionados', '', '', '-'),
(353, 2, 1, 'AIERS ACONDICIONADOS ', '', 'aiers-acondicionados', '', '', '-'),
(353, 3, 1, 'AIERS ACONDICIONADOS ', '', 'aiers-acondicionados', '', '', '-'),
(353, 4, 1, 'AIERS ACONDICIONADOS ', '', 'aiers-acondicionados', '', '', '-'),
(353, 5, 1, 'AIERS ACONDICIONADOS ', '', 'aiers-acondicionados', '', '', '-'),
(353, 6, 1, 'AIERS ACONDICIONADOS ', '', 'aiers-acondicionados', '', '', '-'),
(353, 7, 1, 'AIERS ACONDICIONADOS ', '', 'aiers-acondicionados', '', '', '-'),
(353, 8, 1, 'AIERS ACONDICIONADOS ', '', 'aiers-acondicionados', '', '', '-'),
(354, 1, 1, 'ELECTRO HOGAR', '', 'electro-hogar', '', '', '-'),
(354, 2, 1, 'ELECTRO HOGAR', '', 'electro-hogar', '', '', '-'),
(354, 3, 1, 'ELECTRO HOGAR', '', 'electro-hogar', '', '', '-'),
(354, 4, 1, 'ELECTRO HOGAR', '', 'electro-hogar', '', '', '-'),
(354, 5, 1, 'ELECTRO HOGAR', '', 'electro-hogar', '', '', '-'),
(354, 6, 1, 'ELECTRO HOGAR', '', 'electro-hogar', '', '', '-'),
(354, 7, 1, 'ELECTRO HOGAR', '', 'electro-hogar', '', '', '-'),
(354, 8, 1, 'ELECTRO HOGAR', '', 'electro-hogar', '', '', '-'),
(355, 1, 1, 'PC ESCRITORIO', '', 'pc-escritorio', '', '', '-'),
(355, 2, 1, 'PC ESCRITORIO', '', 'pc-escritorio', '', '', '-'),
(355, 3, 1, 'PC ESCRITORIO', '', 'pc-escritorio', '', '', '-'),
(355, 4, 1, 'PC ESCRITORIO', '', 'pc-escritorio', '', '', '-'),
(355, 5, 1, 'PC ESCRITORIO', '', 'pc-escritorio', '', '', '-'),
(355, 6, 1, 'PC ESCRITORIO', '', 'pc-escritorio', '', '', '-'),
(355, 7, 1, 'PC ESCRITORIO', '', 'pc-escritorio', '', '', '-'),
(355, 8, 1, 'PC ESCRITORIO', '', 'pc-escritorio', '', '', '-'),
(356, 1, 1, 'Soportes Led Tv', '', 'soportes-led-tv', '', '', '-'),
(356, 2, 1, 'SOPORTES LED TV', '', 'soportes-led-tv', '', '', '-'),
(356, 3, 1, 'SOPORTES LED TV', '', 'soportes-led-tv', '', '', '-'),
(356, 4, 1, 'SOPORTES LED TV', '', 'soportes-led-tv', '', '', '-'),
(356, 5, 1, 'SOPORTES LED TV', '', 'soportes-led-tv', '', '', '-'),
(356, 6, 1, 'SOPORTES LED TV', '', 'soportes-led-tv', '', '', '-'),
(356, 7, 1, 'SOPORTES LED TV', '', 'soportes-led-tv', '', '', '-'),
(356, 8, 1, 'SOPORTES LED TV', '', 'soportes-led-tv', '', '', '-'),
(357, 1, 1, 'MALETINES', '', 'maletines', '', '', '-'),
(357, 2, 1, 'MALETINES', '', 'maletines', '', '', '-'),
(357, 3, 1, 'MALETINES', '', 'maletines', '', '', '-'),
(357, 4, 1, 'MALETINES', '', 'maletines', '', '', '-'),
(357, 5, 1, 'MALETINES', '', 'maletines', '', '', '-'),
(357, 6, 1, 'MALETINES', '', 'maletines', '', '', '-'),
(357, 7, 1, 'MALETINES', '', 'maletines', '', '', '-'),
(357, 8, 1, 'MALETINES', '', 'maletines', '', '', '-'),
(358, 1, 1, '19 PULGADAS', '', '19-pulgadas', '', '', '-'),
(358, 2, 1, '19 PULGADAS', '', '19-pulgadas', '', '', '-'),
(358, 3, 1, '19 PULGADAS', '', '19-pulgadas', '', '', '-'),
(358, 4, 1, '19 PULGADAS', '', '19-pulgadas', '', '', '-'),
(358, 5, 1, '19 PULGADAS', '', '19-pulgadas', '', '', '-'),
(358, 6, 1, '19 PULGADAS', '', '19-pulgadas', '', '', '-'),
(358, 7, 1, '19 PULGADAS', '', '19-pulgadas', '', '', '-'),
(358, 8, 1, '19 PULGADAS', '', '19-pulgadas', '', '', '-'),
(359, 1, 1, 'Maquinas De Coser', '', 'maquinas-de-coser', '', '', '-'),
(359, 2, 1, 'MAQUINAS DE COSER', '', 'maquinas-de-coser', '', '', '-'),
(359, 3, 1, 'MAQUINAS DE COSER', '', 'maquinas-de-coser', '', '', '-'),
(359, 4, 1, 'MAQUINAS DE COSER', '', 'maquinas-de-coser', '', '', '-'),
(359, 5, 1, 'MAQUINAS DE COSER', '', 'maquinas-de-coser', '', '', '-'),
(359, 6, 1, 'MAQUINAS DE COSER', '', 'maquinas-de-coser', '', '', '-'),
(359, 7, 1, 'MAQUINAS DE COSER', '', 'maquinas-de-coser', '', '', '-'),
(359, 8, 1, 'MAQUINAS DE COSER', '', 'maquinas-de-coser', '', '', '-'),
(360, 1, 1, 'TABLET 7 PULGASAS', '', 'tablet-7-pulgasas', '', '', '-'),
(360, 2, 1, 'TABLET 7 PULGASAS', '', 'tablet-7-pulgasas', '', '', '-'),
(360, 3, 1, 'TABLET 7 PULGASAS', '', 'tablet-7-pulgasas', '', '', '-'),
(360, 4, 1, 'TABLET 7 PULGASAS', '', 'tablet-7-pulgasas', '', '', '-'),
(360, 5, 1, 'TABLET 7 PULGASAS', '', 'tablet-7-pulgasas', '', '', '-'),
(360, 6, 1, 'TABLET 7 PULGASAS', '', 'tablet-7-pulgasas', '', '', '-'),
(360, 7, 1, 'TABLET 7 PULGASAS', '', 'tablet-7-pulgasas', '', '', '-'),
(360, 8, 1, 'TABLET 7 PULGASAS', '', 'tablet-7-pulgasas', '', '', '-'),
(361, 1, 1, 'PC AIO I3', '', 'pc-aio-i3', '', '', '-'),
(361, 2, 1, 'PC AIO I3', '', 'pc-aio-i3', '', '', '-'),
(361, 3, 1, 'PC AIO I3', '', 'pc-aio-i3', '', '', '-'),
(361, 4, 1, 'PC AIO I3', '', 'pc-aio-i3', '', '', '-'),
(361, 5, 1, 'PC AIO I3', '', 'pc-aio-i3', '', '', '-'),
(361, 6, 1, 'PC AIO I3', '', 'pc-aio-i3', '', '', '-'),
(361, 7, 1, 'PC AIO I3', '', 'pc-aio-i3', '', '', '-'),
(361, 8, 1, 'PC AIO I3', '', 'pc-aio-i3', '', '', '-'),
(362, 1, 1, 'ASPIRADORA', '', 'aspiradora', '', '', '-'),
(362, 2, 1, 'ASPIRADORA', '', 'aspiradora', '', '', '-'),
(362, 3, 1, 'ASPIRADORA', '', 'aspiradora', '', '', '-'),
(362, 4, 1, 'ASPIRADORA', '', 'aspiradora', '', '', '-'),
(362, 5, 1, 'ASPIRADORA', '', 'aspiradora', '', '', '-'),
(362, 6, 1, 'ASPIRADORA', '', 'aspiradora', '', '', '-'),
(362, 7, 1, 'ASPIRADORA', '', 'aspiradora', '', '', '-'),
(362, 8, 1, 'ASPIRADORA', '', 'aspiradora', '', '', '-'),
(363, 1, 1, 'Led Tv 40  A 75', '', 'led-tv-40-a-75', '', '', '-'),
(363, 2, 1, 'LED TV 40  A 75', '', 'led-tv-40-a-75', '', '', '-'),
(363, 3, 1, 'LED TV 40  A 75', '', 'led-tv-40-a-75', '', '', '-'),
(363, 4, 1, 'LED TV 40  A 75', '', 'led-tv-40-a-75', '', '', '-'),
(363, 5, 1, 'LED TV 40  A 75', '', 'led-tv-40-a-75', '', '', '-'),
(363, 6, 1, 'LED TV 40  A 75', '', 'led-tv-40-a-75', '', '', '-'),
(363, 7, 1, 'LED TV 40  A 75', '', 'led-tv-40-a-75', '', '', '-'),
(363, 8, 1, 'LED TV 40  A 75', '', 'led-tv-40-a-75', '', '', '-'),
(364, 1, 1, '22 PULGADAS', '', '22-pulgadas', '', '', '-'),
(364, 2, 1, '22 PULGADAS', '', '22-pulgadas', '', '', '-'),
(364, 3, 1, '22 PULGADAS', '', '22-pulgadas', '', '', '-'),
(364, 4, 1, '22 PULGADAS', '', '22-pulgadas', '', '', '-'),
(364, 5, 1, '22 PULGADAS', '', '22-pulgadas', '', '', '-'),
(364, 6, 1, '22 PULGADAS', '', '22-pulgadas', '', '', '-'),
(364, 7, 1, '22 PULGADAS', '', '22-pulgadas', '', '', '-'),
(364, 8, 1, '22 PULGADAS', '', '22-pulgadas', '', '', '-'),
(365, 1, 1, '23 PULGADAS', '', '23-pulgadas', '', '', '-'),
(365, 2, 1, '23 PULGADAS', '', '23-pulgadas', '', '', '-'),
(365, 3, 1, '23 PULGADAS', '', '23-pulgadas', '', '', '-'),
(365, 4, 1, '23 PULGADAS', '', '23-pulgadas', '', '', '-'),
(365, 5, 1, '23 PULGADAS', '', '23-pulgadas', '', '', '-'),
(365, 6, 1, '23 PULGADAS', '', '23-pulgadas', '', '', '-'),
(365, 7, 1, '23 PULGADAS', '', '23-pulgadas', '', '', '-'),
(365, 8, 1, '23 PULGADAS', '', '23-pulgadas', '', '', '-'),
(366, 1, 1, 'Led Tv 25 A 32', '<p>                                                              </p>', 'led-tv-25-a-32', '', '', '-'),
(366, 2, 1, 'LED TV 25 A 32', '', 'led-tv-25-a-32', '', '', '-'),
(366, 3, 1, 'LED TV 25 A 32', '<p>                                                              </p>', 'led-tv-25-a-32', '', '', '-'),
(366, 4, 1, 'LED TV 25 A 32', '<p>                                                              </p>', 'led-tv-25-a-32', '', '', '-'),
(366, 5, 1, 'LED TV 25 A 32', '<p>                                                              </p>', 'led-tv-25-a-32', '', '', '-'),
(366, 6, 1, 'LED TV 25 A 32', '<p>                                                              </p>', 'led-tv-25-a-32', '', '', '-'),
(366, 7, 1, 'LED TV 25 A 32', '<p>                                                              </p>', 'led-tv-25-a-32', '', '', '-'),
(366, 8, 1, 'LED TV 25 A 32', '<p>                                                              </p>', 'led-tv-25-a-32', '', '', '-'),
(367, 1, 1, 'Led Tv 19 A 24', '', 'led-tv-19-a-24', '', '', '-'),
(367, 2, 1, 'LED TV 19 A 24  ', '', 'led-tv-19-a-24', '', '', '-'),
(367, 3, 1, 'LED TV 19 A 24  ', '', 'led-tv-19-a-24', '', '', '-'),
(367, 4, 1, 'LED TV 19 A 24  ', '', 'led-tv-19-a-24', '', '', '-'),
(367, 5, 1, 'LED TV 19 A 24  ', '', 'led-tv-19-a-24', '', '', '-'),
(367, 6, 1, 'LED TV 19 A 24  ', '', 'led-tv-19-a-24', '', '', '-'),
(367, 7, 1, 'LED TV 19 A 24  ', '', 'led-tv-19-a-24', '', '', '-'),
(367, 8, 1, 'LED TV 19 A 24  ', '', 'led-tv-19-a-24', '', '', '-'),
(368, 1, 1, 'PARLANTES', '', 'parlantes', '', '', '-'),
(368, 2, 1, 'PARLANTES', '', 'parlantes', '', '', '-'),
(368, 3, 1, 'PARLANTES', '', 'parlantes', '', '', '-'),
(368, 4, 1, 'PARLANTES', '', 'parlantes', '', '', '-'),
(368, 5, 1, 'PARLANTES', '', 'parlantes', '', '', '-'),
(368, 6, 1, 'PARLANTES', '', 'parlantes', '', '', '-'),
(368, 7, 1, 'PARLANTES', '', 'parlantes', '', '', '-'),
(368, 8, 1, 'PARLANTES', '', 'parlantes', '', '', '-'),
(369, 1, 1, 'PC AIO DUAL CORE', '', 'pc-aio-dual-core', '', '', '-'),
(369, 2, 1, 'PC AIO DUAL CORE', '', 'pc-aio-dual-core', '', '', '-'),
(369, 3, 1, 'PC AIO DUAL CORE', '', 'pc-aio-dual-core', '', '', '-'),
(369, 4, 1, 'PC AIO DUAL CORE', '', 'pc-aio-dual-core', '', '', '-'),
(369, 5, 1, 'PC AIO DUAL CORE', '', 'pc-aio-dual-core', '', '', '-'),
(369, 6, 1, 'PC AIO DUAL CORE', '', 'pc-aio-dual-core', '', '', '-'),
(369, 7, 1, 'PC AIO DUAL CORE', '', 'pc-aio-dual-core', '', '', '-'),
(369, 8, 1, 'PC AIO DUAL CORE', '', 'pc-aio-dual-core', '', '', '-'),
(370, 1, 1, 'CELULARES', '', 'celulares', '', '', '-'),
(370, 2, 1, 'CELULARES', '', 'celulares', '', '', '-'),
(370, 3, 1, 'CELULARES', '', 'celulares', '', '', '-'),
(370, 4, 1, 'CELULARES', '', 'celulares', '', '', '-'),
(370, 5, 1, 'CELULARES', '', 'celulares', '', '', '-'),
(370, 6, 1, 'CELULARES', '', 'celulares', '', '', '-'),
(370, 7, 1, 'CELULARES', '', 'celulares', '', '', '-'),
(370, 8, 1, 'CELULARES', '', 'celulares', '', '', '-'),
(371, 1, 1, 'PEN DRIVES', '', 'pen-drives', '', '', '-'),
(371, 2, 1, 'PEN DRIVES', '', 'pen-drives', '', '', '-'),
(371, 3, 1, 'PEN DRIVES', '', 'pen-drives', '', '', '-'),
(371, 4, 1, 'PEN DRIVES', '', 'pen-drives', '', '', '-'),
(371, 5, 1, 'PEN DRIVES', '', 'pen-drives', '', '', '-'),
(371, 6, 1, 'PEN DRIVES', '', 'pen-drives', '', '', '-'),
(371, 7, 1, 'PEN DRIVES', '', 'pen-drives', '', '', '-'),
(371, 8, 1, 'PEN DRIVES', '', 'pen-drives', '', '', '-'),
(372, 1, 1, 'SEGURIDAD', '', 'seguridad', '', '', '-'),
(372, 2, 1, 'SEGURIDAD', '', 'seguridad', '', '', '-'),
(372, 3, 1, 'SEGURIDAD', '', 'seguridad', '', '', '-'),
(372, 4, 1, 'SEGURIDAD', '', 'seguridad', '', '', '-'),
(372, 5, 1, 'SEGURIDAD', '', 'seguridad', '', '', '-'),
(372, 6, 1, 'SEGURIDAD', '', 'seguridad', '', '', '-'),
(372, 7, 1, 'SEGURIDAD', '', 'seguridad', '', '', '-'),
(372, 8, 1, 'SEGURIDAD', '', 'seguridad', '', '', '-'),
(373, 1, 1, 'TECLADOS', '', 'teclados', '', '', '-'),
(373, 2, 1, 'TECLADOS', '', 'teclados', '', '', '-'),
(373, 3, 1, 'TECLADOS', '', 'teclados', '', '', '-'),
(373, 4, 1, 'TECLADOS', '', 'teclados', '', '', '-'),
(373, 5, 1, 'TECLADOS', '', 'teclados', '', '', '-'),
(373, 6, 1, 'TECLADOS', '', 'teclados', '', '', '-'),
(373, 7, 1, 'TECLADOS', '', 'teclados', '', '', '-'),
(373, 8, 1, 'TECLADOS', '', 'teclados', '', '', '-'),
(374, 1, 1, 'WEB CAMS', '', 'web-cams', '', '', '-'),
(374, 2, 1, 'WEB CAMS', '', 'web-cams', '', '', '-'),
(374, 3, 1, 'WEB CAMS', '', 'web-cams', '', '', '-'),
(374, 4, 1, 'WEB CAMS', '', 'web-cams', '', '', '-'),
(374, 5, 1, 'WEB CAMS', '', 'web-cams', '', '', '-'),
(374, 6, 1, 'WEB CAMS', '', 'web-cams', '', '', '-'),
(374, 7, 1, 'WEB CAMS', '', 'web-cams', '', '', '-'),
(374, 8, 1, 'WEB CAMS', '', 'web-cams', '', '', '-'),
(375, 1, 1, 'INALABRICOS', '', 'inalabricos', '', '', '-'),
(375, 2, 1, 'INALABRICOS', '', 'inalabricos', '', '', '-'),
(375, 3, 1, 'INALABRICOS', '', 'inalabricos', '', '', '-'),
(375, 4, 1, 'INALABRICOS', '', 'inalabricos', '', '', '-'),
(375, 5, 1, 'INALABRICOS', '', 'inalabricos', '', '', '-'),
(375, 6, 1, 'INALABRICOS', '', 'inalabricos', '', '', '-'),
(375, 7, 1, 'INALABRICOS', '', 'inalabricos', '', '', '-'),
(375, 8, 1, 'INALABRICOS', '', 'inalabricos', '', '', '-'),
(376, 1, 1, 'MOUSES', '', 'mouses', '', '', '-'),
(376, 2, 1, 'MOUSES', '', 'mouses', '', '', '-'),
(376, 3, 1, 'MOUSES', '', 'mouses', '', '', '-'),
(376, 4, 1, 'MOUSES', '', 'mouses', '', '', '-'),
(376, 5, 1, 'MOUSES', '', 'mouses', '', '', '-'),
(376, 6, 1, 'MOUSES', '', 'mouses', '', '', '-'),
(376, 7, 1, 'MOUSES', '', 'mouses', '', '', '-'),
(376, 8, 1, 'MOUSES', '', 'mouses', '', '', '-'),
(377, 1, 1, 'MOCHILAS', '', 'mochilas', '', '', '-'),
(377, 2, 1, 'MOCHILAS', '', 'mochilas', '', '', '-'),
(377, 3, 1, 'MOCHILAS', '', 'mochilas', '', '', '-'),
(377, 4, 1, 'MOCHILAS', '', 'mochilas', '', '', '-'),
(377, 5, 1, 'MOCHILAS', '', 'mochilas', '', '', '-'),
(377, 6, 1, 'MOCHILAS', '', 'mochilas', '', '', '-'),
(377, 7, 1, 'MOCHILAS', '', 'mochilas', '', '', '-'),
(377, 8, 1, 'MOCHILAS', '', 'mochilas', '', '', '-'),
(378, 1, 1, 'PROYECTORES', '', 'proyectores', '', '', '-'),
(378, 2, 1, 'PROYECTORES', '', 'proyectores', '', '', '-'),
(378, 3, 1, 'PROYECTORES', '', 'proyectores', '', '', '-'),
(378, 4, 1, 'PROYECTORES', '', 'proyectores', '', '', '-'),
(378, 5, 1, 'PROYECTORES', '', 'proyectores', '', '', '-'),
(378, 6, 1, 'PROYECTORES', '', 'proyectores', '', '', '-'),
(378, 7, 1, 'PROYECTORES', '', 'proyectores', '', '', '-'),
(378, 8, 1, 'PROYECTORES', '', 'proyectores', '', '', '-'),
(379, 1, 1, 'FUNDAS', '', 'fundas', '', '', '-'),
(379, 2, 1, 'FUNDAS', '', 'fundas', '', '', '-'),
(379, 3, 1, 'FUNDAS', '', 'fundas', '', '', '-'),
(379, 4, 1, 'FUNDAS', '', 'fundas', '', '', '-'),
(379, 5, 1, 'FUNDAS', '', 'fundas', '', '', '-'),
(379, 6, 1, 'FUNDAS', '', 'fundas', '', '', '-'),
(379, 7, 1, 'FUNDAS', '', 'fundas', '', '', '-'),
(379, 8, 1, 'FUNDAS', '', 'fundas', '', '', '-'),
(380, 1, 1, 'MULTIFUNCI?N', '', '', '', '', '-'),
(380, 2, 1, 'MULTIFUNCI?N', '', '', '', '', '-'),
(380, 3, 1, 'MULTIFUNCI?N', '', '', '', '', '-'),
(380, 4, 1, 'MULTIFUNCI?N', '', '', '', '', '-'),
(380, 5, 1, 'MULTIFUNCI?N', '', '', '', '', '-'),
(380, 6, 1, 'MULTIFUNCI?N', '', '', '', '', '-'),
(380, 7, 1, 'MULTIFUNCI?N', '', '', '', '', '-'),
(380, 8, 1, 'MULTIFUNCI?N', '', '', '', '', '-'),
(381, 1, 1, 'Camaras Digitales', '', 'camaras-digitales', '', '', '-'),
(381, 2, 1, 'CAMARAS DIGITALES', '', 'camaras-digitales', '', '', '-'),
(381, 3, 1, 'CAMARAS DIGITALES', '', 'camaras-digitales', '', '', '-'),
(381, 4, 1, 'CAMARAS DIGITALES', '', 'camaras-digitales', '', '', '-'),
(381, 5, 1, 'CAMARAS DIGITALES', '', 'camaras-digitales', '', '', '-'),
(381, 6, 1, 'CAMARAS DIGITALES', '', 'camaras-digitales', '', '', '-'),
(381, 7, 1, 'CAMARAS DIGITALES', '', 'camaras-digitales', '', '', '-'),
(381, 8, 1, 'CAMARAS DIGITALES', '', 'camaras-digitales', '', '', '-'),
(382, 1, 1, 'Calefones/termotanques', '', 'calefones-termotanques', '', '', '-'),
(382, 2, 1, 'CALEFONES/TERMOTANQUES', '', 'calefones-termotanques', '', '', '-'),
(382, 3, 1, 'CALEFONES/TERMOTANQUES', '', 'calefones-termotanques', '', '', '-'),
(382, 4, 1, 'CALEFONES/TERMOTANQUES', '', 'calefones-termotanques', '', '', '-'),
(382, 5, 1, 'CALEFONES/TERMOTANQUES', '', 'calefones-termotanques', '', '', '-'),
(382, 6, 1, 'CALEFONES/TERMOTANQUES', '', 'calefones-termotanques', '', '', '-'),
(382, 7, 1, 'CALEFONES/TERMOTANQUES', '', 'calefones-termotanques', '', '', '-'),
(382, 8, 1, 'CALEFONES/TERMOTANQUES', '', 'calefones-termotanques', '', '', '-'),
(383, 1, 1, 'Tablets', '', 'tablets', '', '', '-'),
(383, 2, 1, 'TABLETS', '', 'tablets', '', '', '-'),
(383, 3, 1, 'TABLETS', '', 'tablets', '', '', '-'),
(383, 4, 1, 'TABLETS', '', 'tablets', '', '', '-'),
(383, 5, 1, 'TABLETS', '', 'tablets', '', '', '-'),
(383, 6, 1, 'TABLETS', '', 'tablets', '', '', '-'),
(383, 7, 1, 'TABLETS', '', 'tablets', '', '', '-'),
(383, 8, 1, 'TABLETS', '', 'tablets', '', '', '-'),
(384, 1, 1, 'ACCESORIOS', '', 'accesorios', '', '', '-'),
(384, 2, 1, 'ACCESORIOS', '', 'accesorios', '', '', '-'),
(384, 3, 1, 'ACCESORIOS', '', 'accesorios', '', '', '-'),
(384, 4, 1, 'ACCESORIOS', '', 'accesorios', '', '', '-'),
(384, 5, 1, 'ACCESORIOS', '', 'accesorios', '', '', '-'),
(384, 6, 1, 'ACCESORIOS', '', 'accesorios', '', '', '-'),
(384, 7, 1, 'ACCESORIOS', '', 'accesorios', '', '', '-'),
(384, 8, 1, 'ACCESORIOS', '', 'accesorios', '', '', '-'),
(385, 1, 1, 'Pc Escritorio', '', 'pc-escritorio', '', '', '-'),
(385, 2, 1, 'PC ESCRITORIO', '', 'pc-escritorio', '', '', '-'),
(385, 3, 1, 'PC ESCRITORIO', '', 'pc-escritorio', '', '', '-'),
(385, 4, 1, 'PC ESCRITORIO', '', 'pc-escritorio', '', '', '-'),
(385, 5, 1, 'PC ESCRITORIO', '', 'pc-escritorio', '', '', '-'),
(385, 6, 1, 'PC ESCRITORIO', '', 'pc-escritorio', '', '', '-'),
(385, 7, 1, 'PC ESCRITORIO', '', 'pc-escritorio', '', '', '-'),
(385, 8, 1, 'PC ESCRITORIO', '', 'pc-escritorio', '', '', '-'),
(386, 1, 1, 'Pc Todo En Uno', '', 'pc-todo-en-uno', '', '', '-'),
(386, 2, 1, 'PC TODO EN UNO', '', 'pc-todo-en-uno', '', '', '-'),
(386, 3, 1, 'PC TODO EN UNO', '', 'pc-todo-en-uno', '', '', '-'),
(386, 4, 1, 'PC TODO EN UNO', '', 'pc-todo-en-uno', '', '', '-'),
(386, 5, 1, 'PC TODO EN UNO', '', 'pc-todo-en-uno', '', '', '-'),
(386, 6, 1, 'PC TODO EN UNO', '', 'pc-todo-en-uno', '', '', '-'),
(386, 7, 1, 'PC TODO EN UNO', '', 'pc-todo-en-uno', '', '', '-'),
(386, 8, 1, 'PC TODO EN UNO', '', 'pc-todo-en-uno', '', '', '-'),
(387, 1, 1, 'Celulares', '', 'celulares', '', '', '-'),
(387, 2, 1, 'CELULARES', '', 'celulares', '', '', '-'),
(387, 3, 1, 'CELULARES', '', 'celulares', '', '', '-'),
(387, 4, 1, 'CELULARES', '', 'celulares', '', '', '-'),
(387, 5, 1, 'CELULARES', '', 'celulares', '', '', '-'),
(387, 6, 1, 'CELULARES', '', 'celulares', '', '', '-'),
(387, 7, 1, 'CELULARES', '', 'celulares', '', '', '-'),
(387, 8, 1, 'CELULARES', '', 'celulares', '', '', '-'),
(388, 1, 1, 'Seguridad', '', 'seguridad', '', '', '-'),
(388, 2, 1, 'SEGURIDAD', '', 'seguridad', '', '', '-'),
(388, 3, 1, 'SEGURIDAD', '', 'seguridad', '', '', '-'),
(388, 4, 1, 'SEGURIDAD', '', 'seguridad', '', '', '-'),
(388, 5, 1, 'SEGURIDAD', '', 'seguridad', '', '', '-'),
(388, 6, 1, 'SEGURIDAD', '', 'seguridad', '', '', '-'),
(388, 7, 1, 'SEGURIDAD', '', 'seguridad', '', '', '-'),
(388, 8, 1, 'SEGURIDAD', '', 'seguridad', '', '', '-'),
(389, 1, 1, 'Impresoras', '', 'impresoras', '', '', '-'),
(389, 2, 1, 'IMPRESORAS', '', 'impresoras', '', '', '-'),
(389, 3, 1, 'IMPRESORAS', '', 'impresoras', '', '', '-'),
(389, 4, 1, 'IMPRESORAS', '', 'impresoras', '', '', '-'),
(389, 5, 1, 'IMPRESORAS', '', 'impresoras', '', '', '-'),
(389, 6, 1, 'IMPRESORAS', '', 'impresoras', '', '', '-'),
(389, 7, 1, 'IMPRESORAS', '', 'impresoras', '', '', '-'),
(389, 8, 1, 'IMPRESORAS', '', 'impresoras', '', '', '-'),
(390, 1, 1, 'Monitores', '', 'monitores', '', '', '-'),
(390, 2, 1, 'MONITORES', '', 'monitores', '', '', '-'),
(390, 3, 1, 'MONITORES', '', 'monitores', '', '', '-'),
(390, 4, 1, 'MONITORES', '', 'monitores', '', '', '-'),
(390, 5, 1, 'MONITORES', '', 'monitores', '', '', '-'),
(390, 6, 1, 'MONITORES', '', 'monitores', '', '', '-'),
(390, 7, 1, 'MONITORES', '', 'monitores', '', '', '-'),
(390, 8, 1, 'MONITORES', '', 'monitores', '', '', '-'),
(391, 1, 1, 'NOTEBOOK AMD', '', 'notebook-amd', '', '', '-'),
(391, 2, 1, 'NOTEBOOK AMD', '', 'notebook-amd', '', '', '-'),
(391, 3, 1, 'NOTEBOOK AMD', '', 'notebook-amd', '', '', '-'),
(391, 4, 1, 'NOTEBOOK AMD', '', 'notebook-amd', '', '', '-'),
(391, 5, 1, 'NOTEBOOK AMD', '', 'notebook-amd', '', '', '-'),
(391, 6, 1, 'NOTEBOOK AMD', '', 'notebook-amd', '', '', '-'),
(391, 7, 1, 'NOTEBOOK AMD', '', 'notebook-amd', '', '', '-'),
(391, 8, 1, 'NOTEBOOK AMD', '', 'notebook-amd', '', '', '-'),
(392, 1, 1, 'Equipos De Sonido', '', 'equipos-de-sonido', '', '', '-'),
(392, 2, 1, 'EQUIPOS DE SONIDO', '', 'equipos-de-sonido', '', '', '-'),
(392, 3, 1, 'EQUIPOS DE SONIDO', '', 'equipos-de-sonido', '', '', '-'),
(392, 4, 1, 'EQUIPOS DE SONIDO', '', 'equipos-de-sonido', '', '', '-'),
(392, 5, 1, 'EQUIPOS DE SONIDO', '', 'equipos-de-sonido', '', '', '-');
INSERT INTO `mto_category_lang` (`id_category`, `id_shop`, `id_lang`, `name`, `description`, `link_rewrite`, `meta_title`, `meta_keywords`, `meta_description`) VALUES
(392, 6, 1, 'EQUIPOS DE SONIDO', '', 'equipos-de-sonido', '', '', '-'),
(392, 7, 1, 'EQUIPOS DE SONIDO', '', 'equipos-de-sonido', '', '', '-'),
(392, 8, 1, 'EQUIPOS DE SONIDO', '', 'equipos-de-sonido', '', '', '-'),
(393, 1, 1, 'Proyectores', '', 'proyectores', '', '', '-'),
(393, 2, 1, 'Proyectores', '', 'proyectores', '', '', '-'),
(393, 3, 1, 'Proyectores', '', 'proyectores', '', '', '-'),
(393, 4, 1, 'Proyectores', '', 'proyectores', '', '', '-'),
(393, 5, 1, 'Proyectores', '', 'proyectores', '', '', '-'),
(393, 6, 1, 'Proyectores', '', 'proyectores', '', '', '-'),
(393, 7, 1, 'Proyectores', '', 'proyectores', '', '', '-'),
(393, 8, 1, 'Proyectores', '', 'proyectores', '', '', '-'),
(394, 1, 1, 'FUNDAS MOCHILAS Y MALETINES', '', 'fundas-mochilas-y-maletines', '', '', '-'),
(394, 2, 1, 'FUNDAS MOCHILAS Y MALETINES', '', 'fundas-mochilas-y-maletines', '', '', '-'),
(394, 3, 1, 'FUNDAS MOCHILAS Y MALETINES', '', 'fundas-mochilas-y-maletines', '', '', '-'),
(394, 4, 1, 'FUNDAS MOCHILAS Y MALETINES', '', 'fundas-mochilas-y-maletines', '', '', '-'),
(394, 5, 1, 'FUNDAS MOCHILAS Y MALETINES', '', 'fundas-mochilas-y-maletines', '', '', '-'),
(394, 6, 1, 'FUNDAS MOCHILAS Y MALETINES', '', 'fundas-mochilas-y-maletines', '', '', '-'),
(394, 7, 1, 'FUNDAS MOCHILAS Y MALETINES', '', 'fundas-mochilas-y-maletines', '', '', '-'),
(394, 8, 1, 'FUNDAS MOCHILAS Y MALETINES', '', 'fundas-mochilas-y-maletines', '', '', '-'),
(395, 1, 1, 'Ayudantes De Cocina', '', 'ayudantes-de-cocina', '', '', '-'),
(395, 2, 1, 'AYUDANTES DE COCINA', '', 'ayudantes-de-cocina', '', '', '-'),
(395, 3, 1, 'AYUDANTES DE COCINA', '', 'ayudantes-de-cocina', '', '', '-'),
(395, 4, 1, 'AYUDANTES DE COCINA', '', 'ayudantes-de-cocina', '', '', '-'),
(395, 5, 1, 'AYUDANTES DE COCINA', '', 'ayudantes-de-cocina', '', '', '-'),
(395, 6, 1, 'AYUDANTES DE COCINA', '', 'ayudantes-de-cocina', '', '', '-'),
(395, 7, 1, 'AYUDANTES DE COCINA', '', 'ayudantes-de-cocina', '', '', '-'),
(395, 8, 1, 'AYUDANTES DE COCINA', '', 'ayudantes-de-cocina', '', '', '-'),
(396, 1, 1, 'Ayudantes De Limpieza', '', 'ayudantes-de-limpieza', '', '', '-'),
(396, 2, 1, 'AYUDANTES DE LIMPIEZA', '', 'ayudantes-de-limpieza', '', '', '-'),
(396, 3, 1, 'AYUDANTES DE LIMPIEZA', '', 'ayudantes-de-limpieza', '', '', '-'),
(396, 4, 1, 'AYUDANTES DE LIMPIEZA', '', 'ayudantes-de-limpieza', '', '', '-'),
(396, 5, 1, 'AYUDANTES DE LIMPIEZA', '', 'ayudantes-de-limpieza', '', '', '-'),
(396, 6, 1, 'AYUDANTES DE LIMPIEZA', '', 'ayudantes-de-limpieza', '', '', '-'),
(396, 7, 1, 'AYUDANTES DE LIMPIEZA', '', 'ayudantes-de-limpieza', '', '', '-'),
(396, 8, 1, 'AYUDANTES DE LIMPIEZA', '', 'ayudantes-de-limpieza', '', '', '-'),
(397, 1, 1, 'Calefactores', '', 'calefactores', '', '', '-'),
(397, 2, 1, 'CALEFACTORES', '', 'calefactores', '', '', '-'),
(397, 3, 1, 'CALEFACTORES', '', 'calefactores', '', '', '-'),
(397, 4, 1, 'CALEFACTORES', '', 'calefactores', '', '', '-'),
(397, 5, 1, 'CALEFACTORES', '', 'calefactores', '', '', '-'),
(397, 6, 1, 'CALEFACTORES', '', 'calefactores', '', '', '-'),
(397, 7, 1, 'CALEFACTORES', '', 'calefactores', '', '', '-'),
(397, 8, 1, 'CALEFACTORES', '', 'calefactores', '', '', '-'),
(398, 1, 1, 'Calefactores Electricos', '', 'calefactores-electricos', '', '', '-'),
(398, 2, 1, 'CALEFACTORES ELECTRICOS', '', 'calefactores-electricos', '', '', '-'),
(398, 3, 1, 'CALEFACTORES ELECTRICOS', '', 'calefactores-electricos', '', '', '-'),
(398, 4, 1, 'CALEFACTORES ELECTRICOS', '', 'calefactores-electricos', '', '', '-'),
(398, 5, 1, 'CALEFACTORES ELECTRICOS', '', 'calefactores-electricos', '', '', '-'),
(398, 6, 1, 'CALEFACTORES ELECTRICOS', '', 'calefactores-electricos', '', '', '-'),
(398, 7, 1, 'CALEFACTORES ELECTRICOS', '', 'calefactores-electricos', '', '', '-'),
(398, 8, 1, 'CALEFACTORES ELECTRICOS', '', 'calefactores-electricos', '', '', '-'),
(399, 1, 1, 'Telefonos Inalambricos', '', 'telefonos-inalambricos', '', '', '-'),
(399, 2, 1, 'TELEFONOS INALAMBRICOS', '', 'telefonos-inalambricos', '', '', '-'),
(399, 3, 1, 'TELEFONOS INALAMBRICOS', '', 'telefonos-inalambricos', '', '', '-'),
(399, 4, 1, 'TELEFONOS INALAMBRICOS', '', 'telefonos-inalambricos', '', '', '-'),
(399, 5, 1, 'TELEFONOS INALAMBRICOS', '', 'telefonos-inalambricos', '', '', '-'),
(399, 6, 1, 'TELEFONOS INALAMBRICOS', '', 'telefonos-inalambricos', '', '', '-'),
(399, 7, 1, 'TELEFONOS INALAMBRICOS', '', 'telefonos-inalambricos', '', '', '-'),
(399, 8, 1, 'TELEFONOS INALAMBRICOS', '', 'telefonos-inalambricos', '', '', '-'),
(400, 1, 1, 'Ventilador', '', 'ventilador', '', '', '-'),
(400, 2, 1, 'VENTILADOR ', '', 'ventilador', '', '', '-'),
(400, 3, 1, 'VENTILADOR ', '', 'ventilador', '', '', '-'),
(400, 4, 1, 'VENTILADOR ', '', 'ventilador', '', '', '-'),
(400, 5, 1, 'VENTILADOR ', '', 'ventilador', '', '', '-'),
(400, 6, 1, 'VENTILADOR ', '', 'ventilador', '', '', '-'),
(400, 7, 1, 'VENTILADOR ', '', 'ventilador', '', '', '-'),
(400, 8, 1, 'VENTILADOR ', '', 'ventilador', '', '', '-'),
(401, 1, 1, 'Accesorios Computacion', '', 'accesorios-computacion', '', '', '-'),
(401, 2, 1, 'Accesorios Computacion', '', 'accesorios-computacion', '', '', '-'),
(401, 3, 1, 'Accesorios Computacion', '', 'accesorios-computacion', '', '', '-'),
(401, 4, 1, 'Accesorios Computacion', '', 'accesorios-computacion', '', '', '-'),
(401, 5, 1, 'Accesorios Computacion', '', 'accesorios-computacion', '', '', '-'),
(401, 6, 1, 'Accesorios Computacion', '', 'accesorios-computacion', '', '', '-'),
(401, 7, 1, 'Accesorios Computacion', '', 'accesorios-computacion', '', '', '-'),
(401, 8, 1, 'Accesorios Computacion', '', 'accesorios-computacion', '', '', '-'),
(402, 1, 1, 'MONITORES Y PROYECTORES', '', 'monitores-y-proyectores', '', '', '-'),
(402, 2, 1, 'MONITORES Y PROYECTORES', '', 'monitores-y-proyectores', '', '', '-'),
(402, 3, 1, 'MONITORES Y PROYECTORES', '', 'monitores-y-proyectores', '', '', '-'),
(402, 4, 1, 'MONITORES Y PROYECTORES', '', 'monitores-y-proyectores', '', '', '-'),
(402, 5, 1, 'MONITORES Y PROYECTORES', '', 'monitores-y-proyectores', '', '', '-'),
(402, 6, 1, 'MONITORES Y PROYECTORES', '', 'monitores-y-proyectores', '', '', '-'),
(402, 7, 1, 'MONITORES Y PROYECTORES', '', 'monitores-y-proyectores', '', '', '-'),
(402, 8, 1, 'MONITORES Y PROYECTORES', '', 'monitores-y-proyectores', '', '', '-'),
(403, 1, 1, 'Cables', '', 'cables', '', '', '-'),
(403, 2, 1, 'CABLES', '', 'cables', '', '', '-'),
(403, 3, 1, 'CABLES', '', 'cables', '', '', '-'),
(403, 4, 1, 'CABLES', '', 'cables', '', '', '-'),
(403, 5, 1, 'CABLES', '', 'cables', '', '', '-'),
(403, 6, 1, 'CABLES', '', 'cables', '', '', '-'),
(403, 7, 1, 'CABLES', '', 'cables', '', '', '-'),
(403, 8, 1, 'CABLES', '', 'cables', '', '', '-'),
(404, 1, 1, 'Cargadores Y Baterias', '', 'cargadores-y-baterias', '', '', '-'),
(404, 2, 1, 'CARGADORES Y BATERIAS', '', 'cargadores-y-baterias', '', '', '-'),
(404, 3, 1, 'CARGADORES Y BATERIAS', '', 'cargadores-y-baterias', '', '', '-'),
(404, 4, 1, 'CARGADORES Y BATERIAS', '', 'cargadores-y-baterias', '', '', '-'),
(404, 5, 1, 'CARGADORES Y BATERIAS', '', 'cargadores-y-baterias', '', '', '-'),
(404, 6, 1, 'CARGADORES Y BATERIAS', '', 'cargadores-y-baterias', '', '', '-'),
(404, 7, 1, 'CARGADORES Y BATERIAS', '', 'cargadores-y-baterias', '', '', '-'),
(404, 8, 1, 'CARGADORES Y BATERIAS', '', 'cargadores-y-baterias', '', '', '-'),
(405, 1, 1, 'PC ESCRITORIO', '', 'pc-escritorio', '', '', '-'),
(405, 2, 1, 'PC ESCRITORIO', '', 'pc-escritorio', '', '', '-'),
(405, 3, 1, 'PC ESCRITORIO', '', 'pc-escritorio', '', '', '-'),
(405, 4, 1, 'PC ESCRITORIO', '', 'pc-escritorio', '', '', '-'),
(405, 5, 1, 'PC ESCRITORIO', '', 'pc-escritorio', '', '', '-'),
(405, 6, 1, 'PC ESCRITORIO', '', 'pc-escritorio', '', '', '-'),
(405, 7, 1, 'PC ESCRITORIO', '', 'pc-escritorio', '', '', '-'),
(405, 8, 1, 'PC ESCRITORIO', '', 'pc-escritorio', '', '', '-'),
(406, 1, 1, 'PC TODO EN UNO ', '', 'pc-todo-en-uno', '', '', '-'),
(406, 2, 1, 'PC TODO EN UNO ', '', 'pc-todo-en-uno', '', '', '-'),
(406, 3, 1, 'PC TODO EN UNO ', '', 'pc-todo-en-uno', '', '', '-'),
(406, 4, 1, 'PC TODO EN UNO ', '', 'pc-todo-en-uno', '', '', '-'),
(406, 5, 1, 'PC TODO EN UNO ', '', 'pc-todo-en-uno', '', '', '-'),
(406, 6, 1, 'PC TODO EN UNO ', '', 'pc-todo-en-uno', '', '', '-'),
(406, 7, 1, 'PC TODO EN UNO ', '', 'pc-todo-en-uno', '', '', '-'),
(406, 8, 1, 'PC TODO EN UNO ', '', 'pc-todo-en-uno', '', '', '-'),
(407, 1, 1, 'Memorias Y Pendrives', '', 'memorias-y-pendrives', '', '', '-'),
(407, 2, 1, 'MEMORIAS Y PENDRIVES', '', 'memorias-y-pendrives', '', '', '-'),
(407, 3, 1, 'MEMORIAS Y PENDRIVES', '', 'memorias-y-pendrives', '', '', '-'),
(407, 4, 1, 'MEMORIAS Y PENDRIVES', '', 'memorias-y-pendrives', '', '', '-'),
(407, 5, 1, 'MEMORIAS Y PENDRIVES', '', 'memorias-y-pendrives', '', '', '-'),
(407, 6, 1, 'MEMORIAS Y PENDRIVES', '', 'memorias-y-pendrives', '', '', '-'),
(407, 7, 1, 'MEMORIAS Y PENDRIVES', '', 'memorias-y-pendrives', '', '', '-'),
(407, 8, 1, 'MEMORIAS Y PENDRIVES', '', 'memorias-y-pendrives', '', '', '-'),
(408, 1, 1, 'Herramientas Y Jardin', '', 'herramientas-y-jardin', '', '', '-'),
(408, 2, 1, 'HERRAMIENTAS Y JARDIN', '', 'herramientas-y-jardin', '', '', '-'),
(408, 3, 1, 'HERRAMIENTAS Y JARDIN', '', 'herramientas-y-jardin', '', '', '-'),
(408, 4, 1, 'HERRAMIENTAS Y JARDIN', '', 'herramientas-y-jardin', '', '', '-'),
(408, 5, 1, 'HERRAMIENTAS Y JARDIN', '', 'herramientas-y-jardin', '', '', '-'),
(408, 6, 1, 'HERRAMIENTAS Y JARDIN', '', 'herramientas-y-jardin', '', '', '-'),
(408, 7, 1, 'HERRAMIENTAS Y JARDIN', '', 'herramientas-y-jardin', '', '', '-'),
(408, 8, 1, 'HERRAMIENTAS Y JARDIN', '', 'herramientas-y-jardin', '', '', '-'),
(409, 1, 1, 'Conectividad', '', 'conectividad', '', '', '-'),
(409, 2, 1, 'CONECTIVIDAD', '', 'conectividad', '', '', '-'),
(409, 3, 1, 'CONECTIVIDAD', '', 'conectividad', '', '', '-'),
(409, 4, 1, 'CONECTIVIDAD', '', 'conectividad', '', '', '-'),
(409, 5, 1, 'CONECTIVIDAD', '', 'conectividad', '', '', '-'),
(409, 6, 1, 'CONECTIVIDAD', '', 'conectividad', '', '', '-'),
(409, 7, 1, 'CONECTIVIDAD', '', 'conectividad', '', '', '-'),
(409, 8, 1, 'CONECTIVIDAD', '', 'conectividad', '', '', '-'),
(410, 1, 1, 'MONITORES', '', 'monitores', '', '', '-'),
(410, 2, 1, 'MONITORES', '', 'monitores', '', '', '-'),
(410, 3, 1, 'MONITORES', '', 'monitores', '', '', '-'),
(410, 4, 1, 'MONITORES', '', 'monitores', '', '', '-'),
(410, 5, 1, 'MONITORES', '', 'monitores', '', '', '-'),
(410, 6, 1, 'MONITORES', '', 'monitores', '', '', '-'),
(410, 7, 1, 'MONITORES', '', 'monitores', '', '', '-'),
(410, 8, 1, 'MONITORES', '', 'monitores', '', '', '-'),
(411, 1, 1, 'PROYECTORES', '', 'proyectores', '', '', '-'),
(411, 2, 1, 'PROYECTORES', '', 'proyectores', '', '', '-'),
(411, 3, 1, 'PROYECTORES', '', 'proyectores', '', '', '-'),
(411, 4, 1, 'PROYECTORES', '', 'proyectores', '', '', '-'),
(411, 5, 1, 'PROYECTORES', '', 'proyectores', '', '', '-'),
(411, 6, 1, 'PROYECTORES', '', 'proyectores', '', '', '-'),
(411, 7, 1, 'PROYECTORES', '', 'proyectores', '', '', '-'),
(411, 8, 1, 'PROYECTORES', '', 'proyectores', '', '', '-'),
(412, 1, 1, 'Fundas Y Mochilas', '', 'fundas-y-mochilas', '', '', '-'),
(412, 2, 1, 'FUNDAS Y MOCHILAS', '', 'fundas-y-mochilas', '', '', '-'),
(412, 3, 1, 'FUNDAS Y MOCHILAS', '', 'fundas-y-mochilas', '', '', '-'),
(412, 4, 1, 'FUNDAS Y MOCHILAS', '', 'fundas-y-mochilas', '', '', '-'),
(412, 5, 1, 'FUNDAS Y MOCHILAS', '', 'fundas-y-mochilas', '', '', '-'),
(412, 6, 1, 'FUNDAS Y MOCHILAS', '', 'fundas-y-mochilas', '', '', '-'),
(412, 7, 1, 'FUNDAS Y MOCHILAS', '', 'fundas-y-mochilas', '', '', '-'),
(412, 8, 1, 'FUNDAS Y MOCHILAS', '', 'fundas-y-mochilas', '', '', '-'),
(413, 1, 1, 'Mouse Y Multimedia', '', 'mouse-y-multimedia', '', '', '-'),
(413, 2, 1, 'MOUSE Y MULTIMEDIA', '', 'mouse-y-multimedia', '', '', '-'),
(413, 3, 1, 'MOUSE Y MULTIMEDIA', '', 'mouse-y-multimedia', '', '', '-'),
(413, 4, 1, 'MOUSE Y MULTIMEDIA', '', 'mouse-y-multimedia', '', '', '-'),
(413, 5, 1, 'MOUSE Y MULTIMEDIA', '', 'mouse-y-multimedia', '', '', '-'),
(413, 6, 1, 'MOUSE Y MULTIMEDIA', '', 'mouse-y-multimedia', '', '', '-'),
(413, 7, 1, 'MOUSE Y MULTIMEDIA', '', 'mouse-y-multimedia', '', '', '-'),
(413, 8, 1, 'MOUSE Y MULTIMEDIA', '', 'mouse-y-multimedia', '', '', '-'),
(414, 1, 1, 'Lavarropas', '', 'lavarropas', '', '', '-'),
(414, 2, 1, 'LAVARROPAS', '', 'lavarropas', '', '', '-'),
(414, 3, 1, 'LAVARROPAS', '', 'lavarropas', '', '', '-'),
(414, 4, 1, 'LAVARROPAS', '', 'lavarropas', '', '', '-'),
(414, 5, 1, 'LAVARROPAS', '', 'lavarropas', '', '', '-'),
(414, 6, 1, 'LAVARROPAS', '', 'lavarropas', '', '', '-'),
(414, 7, 1, 'LAVARROPAS', '', 'lavarropas', '', '', '-'),
(414, 8, 1, 'LAVARROPAS', '', 'lavarropas', '', '', '-'),
(415, 1, 1, 'Heladeras', '', 'heladeras', '', '', '-'),
(415, 2, 1, 'HELADERAS', '', 'heladeras', '', '', '-'),
(415, 3, 1, 'HELADERAS', '', 'heladeras', '', '', '-'),
(415, 4, 1, 'HELADERAS', '', 'heladeras', '', '', '-'),
(415, 5, 1, 'HELADERAS', '', 'heladeras', '', '', '-'),
(415, 6, 1, 'HELADERAS', '', 'heladeras', '', '', '-'),
(415, 7, 1, 'HELADERAS', '', 'heladeras', '', '', '-'),
(415, 8, 1, 'HELADERAS', '', 'heladeras', '', '', '-'),
(416, 1, 1, 'Cavas', '', 'cavas', '', '', '-'),
(416, 2, 1, 'CAVAS', '', 'cavas', '', '', '-'),
(416, 3, 1, 'CAVAS', '', 'cavas', '', '', '-'),
(416, 4, 1, 'CAVAS', '', 'cavas', '', '', '-'),
(416, 5, 1, 'CAVAS', '', 'cavas', '', '', '-'),
(416, 6, 1, 'CAVAS', '', 'cavas', '', '', '-'),
(416, 7, 1, 'CAVAS', '', 'cavas', '', '', '-'),
(416, 8, 1, 'CAVAS', '', 'cavas', '', '', '-'),
(417, 1, 1, 'Aire  Portatil', '', 'aire-portatil', '', '', '-'),
(417, 2, 1, 'AIRE  PORTATIL', '', 'aire-portatil', '', '', '-'),
(417, 3, 1, 'AIRE  PORTATIL', '', 'aire-portatil', '', '', '-'),
(417, 4, 1, 'AIRE  PORTATIL', '', 'aire-portatil', '', '', '-'),
(417, 5, 1, 'AIRE  PORTATIL', '', 'aire-portatil', '', '', '-'),
(417, 6, 1, 'AIRE  PORTATIL', '', 'aire-portatil', '', '', '-'),
(417, 7, 1, 'AIRE  PORTATIL', '', 'aire-portatil', '', '', '-'),
(417, 8, 1, 'AIRE  PORTATIL', '', 'aire-portatil', '', '', '-'),
(418, 1, 1, 'Climatizadores', '', 'climatizadores', '', '', '-'),
(418, 2, 1, 'CLIMATIZADORES', '', 'climatizadores', '', '', '-'),
(418, 3, 1, 'CLIMATIZADORES', '', 'climatizadores', '', '', '-'),
(418, 4, 1, 'CLIMATIZADORES', '', 'climatizadores', '', '', '-'),
(418, 5, 1, 'CLIMATIZADORES', '', 'climatizadores', '', '', '-'),
(418, 6, 1, 'CLIMATIZADORES', '', 'climatizadores', '', '', '-'),
(418, 7, 1, 'CLIMATIZADORES', '', 'climatizadores', '', '', '-'),
(418, 8, 1, 'CLIMATIZADORES', '', 'climatizadores', '', '', '-'),
(419, 1, 1, 'Cuidado Personal', '', 'cuidado-personal', '', '', ''),
(419, 2, 1, 'Cuidado Personal', '', 'cuidado-personal', '', '', ''),
(419, 3, 1, 'Cuidado Personal', '', 'cuidado-personal', '', '', ''),
(419, 4, 1, 'Cuidado Personal', '', 'cuidado-personal', '', '', ''),
(419, 5, 1, 'Cuidado Personal', '', 'cuidado-personal', '', '', ''),
(419, 6, 1, 'Cuidado Personal', '', 'cuidado-personal', '', '', ''),
(419, 7, 1, 'Cuidado Personal', '', 'cuidado-personal', '', '', ''),
(419, 8, 1, 'Cuidado Personal', '', 'cuidado-personal', '', '', ''),
(420, 1, 1, 'CUIDADO PERSONAL', '', 'cuidado-personal', '', '', '-'),
(420, 2, 1, 'CUIDADO PERSONAL', '', 'cuidado-personal', '', '', '-'),
(420, 3, 1, 'CUIDADO PERSONAL', '', 'cuidado-personal', '', '', '-'),
(420, 4, 1, 'CUIDADO PERSONAL', '', 'cuidado-personal', '', '', '-'),
(420, 5, 1, 'CUIDADO PERSONAL', '', 'cuidado-personal', '', '', '-'),
(420, 6, 1, 'CUIDADO PERSONAL', '', 'cuidado-personal', '', '', '-'),
(420, 7, 1, 'CUIDADO PERSONAL', '', 'cuidado-personal', '', '', '-'),
(420, 8, 1, 'CUIDADO PERSONAL', '', 'cuidado-personal', '', '', '-'),
(421, 1, 1, 'Lavavajillas', '', 'lavavajillas', '', '', ''),
(421, 2, 1, 'Lavavajillas', '', 'lavavajillas', '', '', ''),
(421, 3, 1, 'Lavavajillas', '', 'lavavajillas', '', '', ''),
(421, 4, 1, 'Lavavajillas', '', 'lavavajillas', '', '', ''),
(421, 5, 1, 'Lavavajillas', '', 'lavavajillas', '', '', ''),
(421, 6, 1, 'Lavavajillas', '', 'lavavajillas', '', '', ''),
(421, 7, 1, 'Lavavajillas', '', 'lavavajillas', '', '', ''),
(421, 8, 1, 'Lavavajillas', '', 'lavavajillas', '', '', '');

-- --------------------------------------------------------

--
-- Estructura de tabla para la tabla `mto_category_product`
--

CREATE TABLE IF NOT EXISTS `mto_category_product` (
  `id_category` int(10) unsigned NOT NULL,
  `id_product` int(10) unsigned NOT NULL,
  `position` int(10) unsigned NOT NULL DEFAULT '0',
  PRIMARY KEY (`id_category`,`id_product`),
  KEY `id_product` (`id_product`)
) ENGINE=InnoDB DEFAULT CHARSET=utf8;

--
-- Volcado de datos para la tabla `mto_category_product`
--

INSERT INTO `mto_category_product` (`id_category`, `id_product`, `position`) VALUES
(2, 3, 87938),
(2, 4, 87939),
(2, 5, 87940),
(2, 10, 87828),
(2, 11, 87846),
(2, 12, 87808),
(2, 18, 87837),
(2, 19, 87819),
(2, 20, 87829),
(2, 21, 88018),
(2, 23, 87820),
(2, 24, 87838),
(2, 25, 87806),
(2, 26, 87807),
(2, 28, 87830),
(2, 29, 87809),
(2, 30, 87851),
(2, 31, 87811),
(2, 32, 87831),
(2, 33, 87821),
(2, 55, 87766),
(2, 59, 87767),
(2, 79, 87865),
(2, 80, 87951),
(2, 84, 87953),
(2, 85, 87871),
(2, 87, 87952),
(2, 91, 87987),
(2, 106, 87796),
(2, 324, 87859),
(2, 330, 87858),
(2, 333, 87867),
(2, 342, 88036),
(2, 362, 87787),
(2, 371, 88021),
(2, 372, 87789),
(2, 373, 87790),
(2, 374, 87998),
(2, 379, 87976),
(2, 380, 87977),
(2, 382, 87961),
(2, 383, 87962),
(2, 384, 88000),
(2, 396, 87968),
(2, 398, 87993),
(2, 400, 87970),
(2, 420, 87978),
(2, 421, 87979),
(2, 422, 87981),
(2, 425, 87967),
(2, 440, 87973),
(2, 444, 87974),
(2, 450, 87980),
(2, 576, 87803),
(2, 577, 87804),
(2, 586, 87862),
(2, 587, 87863),
(2, 622, 87847),
(2, 623, 87848),
(2, 624, 87849),
(2, 626, 87850),
(2, 632, 87852),
(2, 633, 87853),
(2, 635, 87854),
(2, 636, 87855),
(2, 675, 87785),
(2, 676, 87786),
(2, 690, 87877),
(2, 691, 87878),
(2, 692, 87879),
(2, 693, 87880),
(2, 694, 87881),
(2, 695, 87882),
(2, 696, 87883),
(2, 698, 87884),
(2, 701, 87895),
(2, 702, 87805),
(2, 706, 87988),
(2, 713, 87964),
(2, 714, 87965),
(2, 715, 87966),
(2, 720, 87872),
(2, 721, 87989),
(2, 727, 87971),
(2, 738, 87972),
(2, 751, 87990),
(2, 753, 87975),
(2, 760, 87960),
(2, 773, 87812),
(2, 776, 87840),
(2, 777, 87936),
(2, 778, 87949),
(2, 780, 87954),
(2, 781, 87955),
(2, 782, 87956),
(2, 783, 87957),
(2, 784, 87958),
(2, 787, 87797),
(2, 788, 87798),
(2, 789, 87776),
(2, 794, 87946),
(2, 799, 87941),
(2, 800, 87937),
(2, 804, 87866),
(2, 807, 87856),
(2, 808, 87868),
(2, 810, 87778),
(2, 812, 87777),
(2, 813, 87864),
(2, 816, 87926),
(2, 819, 87768),
(2, 820, 87896),
(2, 822, 87792),
(2, 824, 87922),
(2, 825, 87923),
(2, 828, 87780),
(2, 829, 87769),
(2, 830, 87832),
(2, 831, 87839),
(2, 832, 87885),
(2, 833, 87886),
(2, 834, 87887),
(2, 839, 87857),
(2, 840, 87822),
(2, 842, 87888),
(2, 844, 88030),
(2, 854, 87841),
(2, 855, 88020),
(2, 857, 87775),
(2, 858, 88012),
(2, 859, 88025),
(2, 868, 87875),
(2, 871, 87813),
(2, 873, 87833),
(2, 875, 87823),
(2, 876, 87897),
(2, 877, 88033),
(2, 878, 87899),
(2, 879, 87900),
(2, 881, 87901),
(2, 887, 87799),
(2, 889, 88032),
(2, 893, 87889),
(2, 894, 87890),
(2, 895, 87824),
(2, 896, 87834),
(2, 898, 87925),
(2, 902, 87770),
(2, 903, 87781),
(2, 904, 87782),
(2, 905, 87903),
(2, 906, 87959),
(2, 908, 87800),
(2, 909, 87891),
(2, 917, 88026),
(2, 924, 87892),
(2, 925, 87893),
(2, 926, 87894),
(2, 927, 87904),
(2, 928, 87994),
(2, 929, 87906),
(2, 930, 87907),
(2, 937, 87814),
(2, 938, 88004),
(2, 939, 87825),
(2, 942, 87924),
(2, 945, 88007),
(2, 947, 88006),
(2, 948, 88005),
(2, 952, 87835),
(2, 956, 87783),
(2, 959, 87870),
(2, 960, 88022),
(2, 962, 87860),
(2, 963, 87861),
(2, 967, 87909),
(2, 969, 88027),
(2, 970, 87948),
(2, 972, 87784),
(2, 973, 87771),
(2, 976, 88031),
(2, 980, 88035),
(2, 981, 87817),
(2, 982, 87826),
(2, 983, 87836),
(2, 987, 87982),
(2, 988, 87983),
(2, 989, 87984),
(2, 990, 87985),
(2, 991, 87986),
(2, 993, 86261),
(2, 994, 86493),
(2, 995, 86263),
(2, 996, 86494),
(2, 997, 86265),
(2, 998, 87793),
(2, 999, 87927),
(2, 1000, 87928),
(2, 1001, 88011),
(2, 1002, 87930),
(2, 1004, 87795),
(2, 1005, 87910),
(2, 1006, 87911),
(2, 1007, 87931),
(2, 1008, 87932),
(2, 1009, 87933),
(2, 1010, 87913),
(2, 1011, 87912),
(2, 1012, 87942),
(2, 1013, 87944),
(2, 1014, 87772),
(2, 1038, 87774),
(2, 1039, 88001),
(2, 1040, 87914),
(2, 1041, 87915),
(2, 1042, 87916),
(2, 1043, 87917),
(2, 1044, 88016),
(2, 1045, 87919),
(2, 1046, 87920),
(2, 1047, 87921),
(2, 1051, 88028),
(2, 1052, 87843),
(2, 1053, 88024),
(2, 1054, 88014),
(2, 1055, 87935),
(2, 1056, 87802),
(2, 1057, 88037),
(2, 1058, 87876),
(2, 1060, 87943),
(2, 1061, 88017),
(2, 1063, 88029),
(299, 1, 200762),
(299, 2, 200763),
(299, 3, 200767),
(299, 4, 200768),
(299, 5, 200769),
(299, 6, 200771),
(299, 7, 200775),
(299, 8, 200778),
(299, 9, 200790),
(299, 10, 200184),
(299, 11, 200241),
(299, 12, 200090),
(299, 13, 200944),
(299, 14, 200248),
(299, 15, 200251),
(299, 16, 200256),
(299, 17, 200198),
(299, 18, 200212),
(299, 19, 200112),
(299, 20, 200185),
(299, 21, 200979),
(299, 22, 200157),
(299, 23, 200131),
(299, 24, 200213),
(299, 25, 200083),
(299, 26, 200087),
(299, 27, 200089),
(299, 28, 200192),
(299, 29, 200092),
(299, 30, 200247),
(299, 31, 200097),
(299, 32, 200196),
(299, 33, 200158),
(299, 34, 200764),
(299, 35, 199907),
(299, 36, 199908),
(299, 37, 199909),
(299, 38, 199910),
(299, 39, 199911),
(299, 40, 199912),
(299, 41, 199913),
(299, 42, 199914),
(299, 43, 199915),
(299, 44, 199916),
(299, 45, 199917),
(299, 46, 199918),
(299, 47, 199919),
(299, 48, 199920),
(299, 49, 199921),
(299, 50, 199922),
(299, 51, 199923),
(299, 52, 199924),
(299, 53, 199925),
(299, 54, 199926),
(299, 55, 199927),
(299, 56, 199928),
(299, 57, 199929),
(299, 58, 199930),
(299, 59, 199931),
(299, 60, 199932),
(299, 61, 199933),
(299, 62, 199934),
(299, 63, 199935),
(299, 64, 199936),
(299, 65, 199950),
(299, 66, 199951),
(299, 67, 199952),
(299, 68, 199953),
(299, 69, 199954),
(299, 70, 199955),
(299, 71, 199956),
(299, 72, 199957),
(299, 73, 199958),
(299, 74, 199959),
(299, 75, 199960),
(299, 76, 199961),
(299, 77, 199962),
(299, 78, 199963),
(299, 79, 200290),
(299, 80, 200798),
(299, 81, 200801),
(299, 82, 200802),
(299, 83, 200803),
(299, 84, 200804),
(299, 85, 200313),
(299, 86, 200791),
(299, 87, 200800),
(299, 88, 200912),
(299, 89, 200913),
(299, 90, 200916),
(299, 91, 200917),
(299, 92, 200918),
(299, 93, 200915),
(299, 94, 200901),
(299, 95, 200902),
(299, 96, 200903),
(299, 97, 200904),
(299, 98, 200905),
(299, 99, 200906),
(299, 100, 200907),
(299, 101, 200908),
(299, 102, 200909),
(299, 103, 200910),
(299, 104, 200919),
(299, 105, 200250),
(299, 106, 200017),
(299, 107, 200658),
(299, 108, 200663),
(299, 109, 200664),
(299, 110, 200675),
(299, 111, 200678),
(299, 112, 199964),
(299, 113, 199965),
(299, 114, 199969),
(299, 115, 199970),
(299, 116, 199971),
(299, 117, 199972),
(299, 118, 199975),
(299, 119, 199976),
(299, 120, 199977),
(299, 121, 199978),
(299, 122, 199979),
(299, 123, 199980),
(299, 124, 199981),
(299, 125, 199982),
(299, 126, 199983),
(299, 127, 199984),
(299, 128, 199985),
(299, 129, 199986),
(299, 130, 199987),
(299, 131, 200029),
(299, 132, 200030),
(299, 133, 200031),
(299, 134, 200032),
(299, 135, 200033),
(299, 136, 200034),
(299, 137, 200035),
(299, 138, 200036),
(299, 139, 200037),
(299, 140, 200038),
(299, 141, 200039),
(299, 142, 200040),
(299, 143, 200041),
(299, 144, 200042),
(299, 145, 200043),
(299, 146, 200044),
(299, 147, 200045),
(299, 148, 200046),
(299, 149, 200047),
(299, 150, 200048),
(299, 151, 200049),
(299, 152, 200050),
(299, 153, 200051),
(299, 154, 200052),
(299, 155, 200053),
(299, 156, 200054),
(299, 157, 200055),
(299, 158, 200056),
(299, 159, 200057),
(299, 160, 200058),
(299, 161, 200059),
(299, 162, 200060),
(299, 163, 200061),
(299, 164, 200062),
(299, 165, 200063),
(299, 166, 200064),
(299, 167, 200065),
(299, 168, 200066),
(299, 169, 200067),
(299, 170, 200068),
(299, 171, 200069),
(299, 172, 200070),
(299, 173, 200071),
(299, 174, 200072),
(299, 175, 200073),
(299, 176, 200074),
(299, 177, 200075),
(299, 178, 200076),
(299, 179, 200077),
(299, 180, 200078),
(299, 181, 200079),
(299, 182, 200080),
(299, 183, 200081),
(299, 184, 200082),
(299, 185, 200084),
(299, 186, 200085),
(299, 187, 200086),
(299, 188, 200088),
(299, 189, 200091),
(299, 190, 200093),
(299, 191, 200096),
(299, 192, 200098),
(299, 193, 200099),
(299, 194, 200100),
(299, 195, 200113),
(299, 196, 200114),
(299, 197, 200115),
(299, 198, 200116),
(299, 199, 200117),
(299, 200, 200118),
(299, 201, 200119),
(299, 202, 200120),
(299, 203, 200121),
(299, 204, 200122),
(299, 205, 200123),
(299, 206, 200124),
(299, 207, 200125),
(299, 208, 200126),
(299, 209, 200127),
(299, 210, 200128),
(299, 211, 200129),
(299, 212, 200130),
(299, 213, 200132),
(299, 214, 200133),
(299, 215, 200134),
(299, 216, 200135),
(299, 217, 200136),
(299, 218, 200137),
(299, 219, 200138),
(299, 220, 200139),
(299, 221, 200140),
(299, 222, 200141),
(299, 223, 200142),
(299, 224, 200143),
(299, 225, 200144),
(299, 226, 200145),
(299, 227, 200146),
(299, 228, 200147),
(299, 229, 200148),
(299, 230, 200149),
(299, 231, 200150),
(299, 232, 200151),
(299, 233, 200152),
(299, 234, 200153),
(299, 235, 200154),
(299, 236, 200155),
(299, 237, 200156),
(299, 238, 200170),
(299, 239, 200171),
(299, 240, 200172),
(299, 241, 200173),
(299, 242, 200174),
(299, 243, 200175),
(299, 244, 200176),
(299, 245, 200177),
(299, 246, 200178),
(299, 247, 200179),
(299, 248, 200180),
(299, 249, 200181),
(299, 250, 200182),
(299, 251, 200183),
(299, 252, 200186),
(299, 253, 200187),
(299, 254, 200188),
(299, 255, 200189),
(299, 256, 200190),
(299, 257, 200191),
(299, 258, 200193),
(299, 259, 200194),
(299, 260, 200195),
(299, 261, 200197),
(299, 262, 200207),
(299, 263, 200208),
(299, 264, 200209),
(299, 265, 200210),
(299, 266, 200211),
(299, 267, 200214),
(299, 268, 200215),
(299, 269, 200216),
(299, 270, 200217),
(299, 271, 200218),
(299, 272, 200219),
(299, 273, 200220),
(299, 274, 200221),
(299, 275, 200222),
(299, 276, 200229),
(299, 277, 200230),
(299, 278, 200231),
(299, 279, 200232),
(299, 280, 200233),
(299, 281, 200234),
(299, 282, 200235),
(299, 283, 200236),
(299, 284, 200316),
(299, 285, 200317),
(299, 286, 200318),
(299, 287, 200319),
(299, 288, 200320),
(299, 289, 200321),
(299, 290, 200322),
(299, 291, 200323),
(299, 292, 200324),
(299, 293, 200325),
(299, 294, 200326),
(299, 295, 200327),
(299, 296, 200328),
(299, 297, 200329),
(299, 298, 200330),
(299, 299, 200331),
(299, 300, 200332),
(299, 301, 200333),
(299, 302, 200334),
(299, 303, 200335),
(299, 304, 200336),
(299, 305, 200337),
(299, 306, 200338),
(299, 307, 200339),
(299, 308, 200300),
(299, 309, 200301),
(299, 310, 200340),
(299, 311, 200341),
(299, 312, 200342),
(299, 313, 200343),
(299, 314, 200302),
(299, 315, 200344),
(299, 316, 200345),
(299, 317, 200346),
(299, 318, 200347),
(299, 319, 200348),
(299, 320, 200349),
(299, 321, 200350),
(299, 322, 200351),
(299, 323, 200352),
(299, 324, 200273),
(299, 325, 200353),
(299, 326, 200354),
(299, 327, 200355),
(299, 328, 200270),
(299, 329, 200271),
(299, 330, 200272),
(299, 331, 200356),
(299, 332, 200292),
(299, 333, 200293),
(299, 334, 200357),
(299, 335, 200358),
(299, 336, 200359),
(299, 337, 200360),
(299, 338, 200361),
(299, 339, 200362),
(299, 340, 200363),
(299, 341, 200364),
(299, 342, 201003),
(299, 343, 200365),
(299, 344, 200366),
(299, 345, 200367),
(299, 346, 200368),
(299, 347, 200369),
(299, 348, 200296),
(299, 349, 200370),
(299, 350, 200371),
(299, 351, 200295),
(299, 352, 200372),
(299, 353, 200373),
(299, 354, 200374),
(299, 355, 200375),
(299, 356, 200376),
(299, 357, 200377),
(299, 358, 200378),
(299, 359, 200379),
(299, 360, 200380),
(299, 361, 200381),
(299, 362, 200007),
(299, 363, 200382),
(299, 364, 200383),
(299, 365, 200384),
(299, 366, 200385),
(299, 367, 200386),
(299, 368, 200387),
(299, 369, 200388),
(299, 370, 200389),
(299, 371, 200983),
(299, 372, 200009),
(299, 373, 200010),
(299, 374, 200953),
(299, 375, 200390),
(299, 376, 200391),
(299, 377, 200392),
(299, 378, 200393),
(299, 379, 200881),
(299, 380, 200882),
(299, 381, 200883),
(299, 382, 200849),
(299, 383, 200850),
(299, 384, 200955),
(299, 385, 200394),
(299, 386, 200395),
(299, 387, 200396),
(299, 388, 200397),
(299, 389, 200398),
(299, 390, 200400),
(299, 391, 200401),
(299, 392, 200402),
(299, 393, 200403),
(299, 394, 200404),
(299, 395, 200405),
(299, 396, 200862),
(299, 397, 200406),
(299, 398, 200947),
(299, 399, 200865),
(299, 400, 200866),
(299, 401, 200407),
(299, 402, 200408),
(299, 403, 200409),
(299, 404, 200410),
(299, 405, 200411),
(299, 406, 200412),
(299, 407, 200413),
(299, 408, 200414),
(299, 409, 200415),
(299, 410, 200416),
(299, 411, 200417),
(299, 412, 200418),
(299, 413, 200419),
(299, 414, 200420),
(299, 415, 200421),
(299, 416, 200422),
(299, 417, 200879),
(299, 418, 200423),
(299, 419, 200424),
(299, 420, 200884),
(299, 421, 200885),
(299, 422, 200890),
(299, 423, 200425),
(299, 424, 200426),
(299, 425, 200858),
(299, 426, 200427),
(299, 427, 200428),
(299, 428, 200429),
(299, 429, 200430),
(299, 430, 200431),
(299, 431, 200432),
(299, 432, 200433),
(299, 433, 200434),
(299, 434, 200435),
(299, 435, 200869),
(299, 436, 200436),
(299, 437, 200437),
(299, 438, 200873),
(299, 439, 200911),
(299, 440, 200874),
(299, 441, 200438),
(299, 442, 200439),
(299, 443, 200440),
(299, 444, 200875),
(299, 445, 200441),
(299, 446, 200442),
(299, 447, 200880),
(299, 448, 200914),
(299, 449, 200443),
(299, 450, 200889),
(299, 451, 200444),
(299, 452, 200445),
(299, 453, 200446),
(299, 454, 200447),
(299, 455, 200448),
(299, 456, 200449),
(299, 457, 200450),
(299, 458, 200451),
(299, 459, 200452),
(299, 460, 200453),
(299, 461, 200454),
(299, 462, 200455),
(299, 463, 200456),
(299, 464, 200457),
(299, 465, 200458),
(299, 466, 200459),
(299, 467, 200460),
(299, 468, 200461),
(299, 469, 200462),
(299, 470, 200463),
(299, 471, 200464),
(299, 472, 200465),
(299, 473, 200466),
(299, 474, 200467),
(299, 475, 200468),
(299, 476, 200469),
(299, 477, 200470),
(299, 478, 200471),
(299, 479, 200472),
(299, 480, 200473),
(299, 481, 200474),
(299, 482, 200475),
(299, 483, 200476),
(299, 484, 200477),
(299, 485, 200478),
(299, 486, 200479),
(299, 487, 200480),
(299, 488, 200481),
(299, 489, 200482),
(299, 490, 200483),
(299, 491, 200484),
(299, 492, 200485),
(299, 493, 200486),
(299, 494, 200487),
(299, 495, 200488),
(299, 496, 200489),
(299, 497, 200490),
(299, 498, 200491),
(299, 499, 200492),
(299, 500, 200493),
(299, 501, 200494),
(299, 502, 200495),
(299, 503, 200496),
(299, 504, 200497),
(299, 505, 200498),
(299, 506, 200499),
(299, 507, 200500),
(299, 508, 200501),
(299, 509, 200796),
(299, 510, 200502),
(299, 511, 200503),
(299, 512, 200504),
(299, 513, 200505),
(299, 514, 200506),
(299, 515, 200507),
(299, 516, 200508),
(299, 517, 200509),
(299, 518, 200510),
(299, 519, 200511),
(299, 520, 200512),
(299, 521, 200513),
(299, 522, 200514),
(299, 523, 200515),
(299, 524, 200516),
(299, 525, 200517),
(299, 526, 200518),
(299, 527, 200519),
(299, 528, 200520),
(299, 529, 200521),
(299, 530, 200522),
(299, 531, 200523),
(299, 532, 200524),
(299, 533, 200525),
(299, 534, 200526),
(299, 535, 200527),
(299, 536, 200528),
(299, 537, 200529),
(299, 538, 200530),
(299, 539, 200531),
(299, 540, 200532),
(299, 541, 200533),
(299, 542, 200534),
(299, 543, 200535),
(299, 544, 200536),
(299, 545, 200537),
(299, 546, 200538),
(299, 547, 200539),
(299, 548, 200540),
(299, 549, 200541),
(299, 550, 200542),
(299, 551, 200543),
(299, 552, 200544),
(299, 553, 200545),
(299, 554, 200546),
(299, 555, 200547),
(299, 556, 200548),
(299, 557, 200549),
(299, 558, 200550),
(299, 559, 200551),
(299, 560, 200552),
(299, 561, 200553),
(299, 562, 200554),
(299, 563, 200555),
(299, 564, 200556),
(299, 565, 200557),
(299, 566, 200558),
(299, 567, 200559),
(299, 568, 200560),
(299, 569, 200561),
(299, 570, 200562),
(299, 571, 200563),
(299, 572, 200564),
(299, 573, 200565),
(299, 574, 200566),
(299, 575, 200024),
(299, 576, 200025),
(299, 577, 200026),
(299, 578, 200567),
(299, 579, 200568),
(299, 580, 200569),
(299, 581, 200570),
(299, 582, 200571),
(299, 583, 200572),
(299, 584, 200573),
(299, 585, 200574),
(299, 586, 200282),
(299, 587, 200283),
(299, 588, 200575),
(299, 589, 200281),
(299, 590, 200576),
(299, 591, 200577),
(299, 592, 200578),
(299, 593, 200579),
(299, 594, 200580),
(299, 595, 200581),
(299, 596, 200582),
(299, 597, 200583),
(299, 598, 200584),
(299, 599, 200585),
(299, 600, 200586),
(299, 601, 200587),
(299, 602, 200588),
(299, 603, 200589),
(299, 604, 200240),
(299, 605, 200590),
(299, 606, 200591),
(299, 607, 200592),
(299, 608, 200593),
(299, 609, 200594),
(299, 610, 200595),
(299, 611, 200596),
(299, 612, 200597),
(299, 613, 200598),
(299, 614, 200599),
(299, 615, 200600),
(299, 616, 200601),
(299, 617, 200602),
(299, 618, 200603),
(299, 619, 200604),
(299, 620, 200605),
(299, 621, 200606),
(299, 622, 200242),
(299, 623, 200243),
(299, 624, 200244),
(299, 625, 200607),
(299, 626, 200245),
(299, 627, 200608),
(299, 628, 200246),
(299, 629, 200609),
(299, 630, 200610),
(299, 631, 200249),
(299, 632, 200252),
(299, 633, 200253),
(299, 634, 200254),
(299, 635, 200255),
(299, 636, 200257),
(299, 637, 200611),
(299, 638, 200612),
(299, 639, 200613),
(299, 640, 200614),
(299, 641, 200615),
(299, 642, 200616),
(299, 643, 200617),
(299, 644, 200618),
(299, 645, 200619),
(299, 646, 200620),
(299, 647, 200621),
(299, 648, 200622),
(299, 649, 200623),
(299, 650, 200624),
(299, 651, 200625),
(299, 652, 200626),
(299, 653, 200627),
(299, 654, 200628),
(299, 655, 200629),
(299, 656, 200630),
(299, 657, 200631),
(299, 658, 200632),
(299, 659, 200633),
(299, 660, 200634),
(299, 661, 200635),
(299, 662, 200636),
(299, 663, 200637),
(299, 664, 200638),
(299, 665, 200639),
(299, 666, 200640),
(299, 667, 200641),
(299, 668, 200642),
(299, 669, 200643),
(299, 670, 200644),
(299, 671, 200016),
(299, 672, 200645),
(299, 673, 200646),
(299, 674, 200004),
(299, 675, 200005),
(299, 676, 200006),
(299, 677, 200651),
(299, 678, 200652),
(299, 679, 200653),
(299, 680, 200654),
(299, 681, 200655),
(299, 682, 200656),
(299, 683, 200657),
(299, 684, 200659),
(299, 685, 200660),
(299, 686, 200661),
(299, 687, 200662),
(299, 688, 200668),
(299, 689, 200669),
(299, 690, 200670),
(299, 691, 200671),
(299, 692, 200672),
(299, 693, 200673),
(299, 694, 200674),
(299, 695, 200676),
(299, 696, 200677),
(299, 697, 200679),
(299, 698, 200680),
(299, 699, 200691),
(299, 700, 200692),
(299, 701, 200696),
(299, 702, 200027),
(299, 703, 200923),
(299, 704, 200814),
(299, 705, 200815),
(299, 706, 200936),
(299, 707, 200817),
(299, 708, 200852),
(299, 709, 200982),
(299, 710, 200853),
(299, 711, 200312),
(299, 712, 200937),
(299, 713, 200855),
(299, 714, 200856),
(299, 715, 200857),
(299, 716, 200859),
(299, 717, 200818),
(299, 718, 200819),
(299, 719, 200820),
(299, 720, 200399),
(299, 721, 200938),
(299, 722, 200861),
(299, 723, 200821),
(299, 724, 200822),
(299, 725, 200924),
(299, 726, 200823),
(299, 727, 200867),
(299, 728, 200925),
(299, 729, 200824),
(299, 730, 200926),
(299, 731, 200825),
(299, 732, 200826),
(299, 733, 200827),
(299, 734, 200828),
(299, 735, 200829),
(299, 736, 200870),
(299, 737, 200871),
(299, 738, 200872),
(299, 739, 200927),
(299, 740, 200314),
(299, 741, 200315),
(299, 742, 200830),
(299, 743, 200928),
(299, 744, 200929),
(299, 745, 200831),
(299, 746, 200832),
(299, 747, 200833),
(299, 748, 200834),
(299, 749, 200835),
(299, 750, 200797),
(299, 751, 200940),
(299, 752, 200836),
(299, 753, 200877),
(299, 754, 200878),
(299, 755, 200930),
(299, 756, 200837),
(299, 757, 200931),
(299, 758, 200799),
(299, 759, 200838),
(299, 760, 200839),
(299, 761, 200886),
(299, 762, 200887),
(299, 763, 200840),
(299, 764, 200888),
(299, 765, 200932),
(299, 766, 200841),
(299, 767, 200995),
(299, 768, 200891),
(299, 769, 200892),
(299, 770, 200893),
(299, 771, 199974),
(299, 772, 200101),
(299, 773, 200102),
(299, 774, 200159),
(299, 775, 200200),
(299, 776, 200224),
(299, 777, 200765),
(299, 778, 200794),
(299, 779, 200805),
(299, 780, 200806),
(299, 781, 200807),
(299, 782, 200808),
(299, 783, 200809),
(299, 784, 200810),
(299, 785, 200811),
(299, 786, 200028),
(299, 787, 200018),
(299, 788, 200019),
(299, 789, 199988),
(299, 790, 200274),
(299, 791, 200284),
(299, 792, 200285),
(299, 793, 200286),
(299, 794, 200787),
(299, 795, 200304),
(299, 796, 200961),
(299, 797, 200665),
(299, 798, 200860),
(299, 799, 200772),
(299, 800, 200766),
(299, 801, 200876),
(299, 802, 200863),
(299, 803, 200259),
(299, 804, 200291),
(299, 805, 199973),
(299, 806, 200793),
(299, 807, 200258),
(299, 808, 200294),
(299, 809, 200103),
(299, 810, 199990),
(299, 811, 200868),
(299, 812, 199989),
(299, 813, 200287),
(299, 814, 200275),
(299, 815, 200770),
(299, 816, 200749),
(299, 817, 200745),
(299, 818, 200748),
(299, 819, 199937),
(299, 820, 200700),
(299, 821, 199993),
(299, 822, 200012),
(299, 823, 200702),
(299, 824, 200730),
(299, 825, 200731),
(299, 826, 199995),
(299, 827, 199992),
(299, 828, 199996),
(299, 829, 199938),
(299, 830, 200199),
(299, 831, 200223),
(299, 832, 200681),
(299, 833, 200682),
(299, 834, 200683),
(299, 835, 200701),
(299, 836, 200854),
(299, 837, 200260),
(299, 838, 200261),
(299, 839, 200262),
(299, 840, 200160),
(299, 841, 200276),
(299, 842, 200684),
(299, 843, 200920),
(299, 844, 200993),
(299, 845, 200894),
(299, 846, 199942),
(299, 847, 199943),
(299, 848, 199947),
(299, 849, 199948),
(299, 850, 199944),
(299, 851, 199949),
(299, 852, 199945),
(299, 853, 199946),
(299, 854, 200225),
(299, 855, 200981),
(299, 856, 200239),
(299, 857, 199968),
(299, 858, 200972),
(299, 859, 200987),
(299, 860, 200298),
(299, 861, 200842),
(299, 862, 200843),
(299, 863, 200844),
(299, 864, 200845),
(299, 865, 200846),
(299, 866, 200847),
(299, 867, 200848),
(299, 868, 200649),
(299, 869, 200277),
(299, 870, 200816),
(299, 871, 200104),
(299, 872, 200161),
(299, 873, 200201),
(299, 874, 200746),
(299, 875, 200162),
(299, 876, 200703),
(299, 877, 200998),
(299, 878, 200705),
(299, 879, 200706),
(299, 880, 200957),
(299, 881, 200708),
(299, 882, 200779),
(299, 883, 200780),
(299, 884, 200781),
(299, 885, 200782),
(299, 886, 200732),
(299, 887, 200020),
(299, 888, 199994),
(299, 889, 200996),
(299, 890, 200305),
(299, 891, 200946),
(299, 892, 200737),
(299, 893, 200685),
(299, 894, 200686),
(299, 895, 200163),
(299, 896, 200202),
(299, 897, 200783),
(299, 898, 200747),
(299, 899, 200739),
(299, 900, 200934),
(299, 901, 200227),
(299, 902, 199939),
(299, 903, 199997),
(299, 904, 199998),
(299, 905, 200710),
(299, 906, 200812),
(299, 907, 200935),
(299, 908, 200021),
(299, 909, 200687),
(299, 910, 200733),
(299, 911, 200784),
(299, 912, 200734),
(299, 913, 200164),
(299, 914, 200203),
(299, 915, 200693),
(299, 916, 200694),
(299, 917, 200989),
(299, 918, 200740),
(299, 919, 200741),
(299, 920, 200750),
(299, 921, 200278),
(299, 922, 200813),
(299, 923, 200288),
(299, 924, 200688),
(299, 925, 200689),
(299, 926, 200690),
(299, 927, 200711),
(299, 928, 200948),
(299, 929, 200713),
(299, 930, 200714),
(299, 931, 200715),
(299, 932, 200785),
(299, 933, 200786),
(299, 934, 200263),
(299, 935, 200264),
(299, 936, 200265),
(299, 937, 200105),
(299, 938, 200960),
(299, 939, 200165),
(299, 940, 200971),
(299, 941, 200204),
(299, 942, 200738),
(299, 943, 200939),
(299, 944, 200942),
(299, 945, 200964),
(299, 946, 200941),
(299, 947, 200963),
(299, 948, 200962),
(299, 949, 200307),
(299, 950, 200308),
(299, 951, 200108),
(299, 952, 200205),
(299, 953, 200921),
(299, 954, 200922),
(299, 955, 200968),
(299, 956, 199999),
(299, 957, 200997),
(299, 958, 200697),
(299, 959, 200299),
(299, 960, 200984),
(299, 961, 200268),
(299, 962, 200279),
(299, 963, 200280),
(299, 964, 200166),
(299, 965, 200698),
(299, 966, 200699),
(299, 967, 200717),
(299, 968, 200751),
(299, 969, 200990),
(299, 970, 200789),
(299, 971, 200309),
(299, 972, 200000),
(299, 973, 199940),
(299, 974, 200695),
(299, 975, 200289),
(299, 976, 200994),
(299, 977, 200742),
(299, 978, 200743),
(299, 979, 200310),
(299, 980, 201001),
(299, 981, 200109),
(299, 982, 200167),
(299, 983, 200206),
(299, 984, 200666),
(299, 985, 200667),
(299, 986, 200311),
(299, 987, 200896),
(299, 988, 200897),
(299, 989, 200898),
(299, 990, 200899),
(299, 991, 200900),
(299, 994, 195836),
(299, 996, 195837),
(299, 998, 200013),
(299, 999, 200753),
(299, 1000, 200754),
(299, 1001, 200970),
(299, 1002, 200756),
(299, 1003, 200752),
(299, 1004, 200015),
(299, 1005, 200718),
(299, 1006, 200719),
(299, 1007, 200757),
(299, 1008, 200758),
(299, 1009, 200759),
(299, 1010, 200721),
(299, 1011, 200720),
(299, 1012, 200773),
(299, 1013, 200776),
(299, 1014, 199941),
(299, 1015, 200002),
(299, 1016, 200003),
(299, 1036, 200001),
(299, 1037, 200736),
(299, 1038, 199967),
(299, 1039, 200956),
(299, 1040, 200722),
(299, 1041, 200723),
(299, 1042, 200724),
(299, 1043, 200725),
(299, 1044, 200977),
(299, 1045, 200727),
(299, 1046, 200728),
(299, 1047, 200729),
(299, 1048, 200735),
(299, 1049, 200988),
(299, 1050, 201002),
(299, 1051, 200991),
(299, 1052, 200228),
(299, 1053, 200986),
(299, 1054, 200974),
(299, 1055, 200761),
(299, 1056, 200023),
(299, 1057, 201004),
(299, 1058, 200650),
(299, 1059, 200744),
(299, 1060, 200774),
(299, 1061, 200978),
(299, 1062, 200269),
(299, 1063, 200992),
(300, 1, 3758),
(300, 2, 3759),
(300, 3, 3763),
(300, 4, 3764),
(300, 5, 3765),
(300, 6, 3767),
(300, 7, 3771),
(300, 8, 3774),
(300, 34, 3760),
(300, 777, 3761),
(300, 794, 3783),
(300, 799, 3768),
(300, 800, 3762),
(300, 815, 3766),
(300, 882, 3775),
(300, 883, 3776),
(300, 884, 3777),
(300, 885, 3778),
(300, 897, 3779),
(300, 911, 3780),
(300, 932, 3781),
(300, 933, 3782),
(300, 969, 3787),
(300, 970, 3785),
(300, 1012, 3769),
(300, 1013, 3772),
(300, 1060, 3770),
(300, 1061, 3786),
(300, 1063, 3788),
(301, 9, 0),
(302, 8, 0),
(303, 1, 756),
(303, 2, 757),
(303, 34, 758),
(303, 777, 759),
(303, 800, 760),
(304, 3, 741),
(304, 4, 742),
(304, 5, 743),
(304, 6, 745),
(304, 799, 746),
(304, 815, 744),
(304, 1012, 747),
(304, 1060, 748),
(305, 7, 11),
(305, 1013, 12),
(305, 1061, 13),
(305, 1063, 14),
(306, 9, 0),
(309, 590, 1159),
(309, 591, 1160),
(309, 592, 1161),
(309, 593, 1162),
(309, 594, 1163),
(309, 595, 1164),
(309, 596, 1165),
(309, 597, 1166),
(309, 598, 1167),
(309, 599, 1168),
(309, 600, 1169),
(309, 601, 1170),
(309, 602, 1171),
(309, 603, 1172),
(309, 605, 1173),
(309, 606, 1174),
(309, 607, 1175),
(309, 608, 1176),
(309, 609, 1177),
(309, 610, 1178),
(309, 611, 1179),
(309, 612, 1180),
(309, 613, 1181),
(309, 614, 1182),
(309, 615, 1183),
(309, 616, 1184),
(309, 617, 1185),
(309, 618, 1186),
(309, 619, 1187),
(309, 620, 1188),
(309, 621, 1189),
(309, 625, 1190),
(309, 627, 1191),
(309, 629, 1192),
(309, 630, 1193),
(311, 315, 424),
(311, 316, 425),
(311, 317, 426),
(311, 318, 427),
(311, 319, 428),
(311, 320, 429),
(311, 321, 430),
(311, 322, 431),
(311, 323, 432),
(311, 325, 433),
(311, 326, 434),
(311, 327, 435),
(312, 570, 199),
(312, 571, 200),
(312, 572, 201),
(312, 573, 202),
(312, 574, 203),
(313, 637, 1086),
(313, 638, 1087),
(313, 639, 1088),
(313, 640, 1089),
(313, 641, 1090),
(313, 642, 1091),
(313, 643, 1092),
(313, 644, 1093),
(313, 645, 1094),
(313, 646, 1095),
(313, 647, 1096),
(313, 648, 1097),
(313, 649, 1098),
(313, 650, 1099),
(313, 651, 1100),
(313, 652, 1101),
(313, 653, 1102),
(313, 654, 1103),
(313, 655, 1104),
(313, 656, 1105),
(313, 657, 1106),
(313, 658, 1107),
(313, 659, 1108),
(313, 660, 1109),
(313, 661, 1110),
(313, 662, 1111),
(313, 663, 1112),
(313, 664, 1113),
(313, 665, 1114),
(313, 666, 1115),
(313, 667, 1116),
(313, 668, 1117),
(313, 669, 1118),
(313, 670, 1119),
(313, 672, 1120),
(313, 673, 1121),
(314, 578, 309),
(314, 579, 310),
(314, 580, 311),
(314, 581, 312),
(314, 582, 313),
(314, 583, 314),
(314, 584, 315),
(314, 585, 316),
(314, 588, 317),
(317, 461, 2353),
(317, 462, 2354),
(317, 463, 2355),
(317, 464, 2356),
(317, 465, 2357),
(317, 466, 2358),
(317, 467, 2359),
(317, 468, 2360),
(317, 469, 2361),
(317, 470, 2362),
(317, 471, 2363),
(317, 472, 2364),
(317, 473, 2365),
(317, 474, 2366),
(317, 475, 2367),
(317, 476, 2368),
(317, 477, 2369),
(317, 478, 2370),
(317, 479, 2371),
(317, 480, 2372),
(317, 481, 2373),
(317, 482, 2374),
(317, 483, 2375),
(317, 484, 2376),
(317, 485, 2377),
(317, 486, 2378),
(317, 487, 2379),
(317, 488, 2380),
(317, 489, 2381),
(317, 490, 2382),
(317, 491, 2383),
(317, 492, 2384),
(317, 493, 2385),
(317, 494, 2386),
(317, 495, 2387),
(317, 496, 2388),
(317, 497, 2389),
(317, 498, 2390),
(317, 499, 2391),
(317, 500, 2392),
(317, 501, 2393),
(317, 502, 2394),
(317, 503, 2395),
(317, 504, 2396),
(317, 505, 2397),
(317, 506, 2398),
(317, 507, 2399),
(317, 508, 2400),
(317, 510, 2401),
(317, 511, 2402),
(317, 512, 2403),
(317, 513, 2404),
(317, 514, 2405),
(317, 515, 2406),
(317, 516, 2407),
(317, 517, 2408),
(317, 518, 2409),
(317, 519, 2410),
(317, 520, 2411),
(317, 521, 2412),
(317, 522, 2413),
(317, 523, 2414),
(317, 524, 2415),
(317, 525, 2416),
(319, 284, 1030),
(319, 285, 1031),
(319, 286, 1032),
(319, 287, 1033),
(319, 288, 1034),
(319, 289, 1035),
(319, 290, 1036),
(319, 291, 1037),
(319, 292, 1038),
(319, 293, 1039),
(319, 294, 1040),
(319, 295, 1041),
(319, 296, 1042),
(319, 297, 1043),
(319, 298, 1044),
(319, 299, 1045),
(319, 300, 1046),
(319, 301, 1047),
(319, 302, 1048),
(319, 303, 1049),
(319, 304, 1050),
(319, 305, 1051),
(319, 306, 1052),
(319, 307, 1053),
(319, 310, 1054),
(319, 311, 1055),
(319, 312, 1056),
(319, 313, 1057),
(322, 526, 1694),
(322, 527, 1695),
(322, 528, 1696),
(322, 529, 1697),
(322, 530, 1698),
(322, 531, 1699),
(322, 532, 1700),
(322, 533, 1701),
(322, 534, 1702),
(322, 535, 1703),
(322, 536, 1704),
(322, 537, 1705),
(322, 538, 1706),
(322, 539, 1707),
(322, 540, 1708),
(322, 541, 1709),
(322, 542, 1710),
(322, 543, 1711),
(322, 544, 1712),
(322, 545, 1713),
(322, 546, 1714),
(322, 547, 1715),
(322, 548, 1716),
(322, 549, 1717),
(322, 550, 1718),
(322, 551, 1719),
(322, 552, 1720),
(322, 553, 1721),
(322, 554, 1722),
(322, 555, 1723),
(322, 556, 1724),
(322, 557, 1725),
(322, 558, 1726),
(322, 559, 1727),
(322, 560, 1728),
(322, 561, 1729),
(322, 562, 1730),
(322, 563, 1731),
(322, 564, 1732),
(322, 565, 1733),
(322, 566, 1734),
(322, 567, 1735),
(322, 568, 1736),
(322, 569, 1737),
(323, 107, 35984),
(323, 108, 35989),
(323, 109, 35990),
(323, 110, 36001),
(323, 111, 36004),
(323, 677, 35977),
(323, 678, 35978),
(323, 679, 35979),
(323, 680, 35980),
(323, 681, 35981),
(323, 682, 35982),
(323, 683, 35983),
(323, 684, 35985),
(323, 685, 35986),
(323, 686, 35987),
(323, 687, 35988),
(323, 688, 35994),
(323, 689, 35995),
(323, 690, 35996),
(323, 691, 35997),
(323, 692, 35998),
(323, 693, 35999),
(323, 694, 36000),
(323, 695, 36002),
(323, 696, 36003),
(323, 697, 36005),
(323, 698, 36006),
(323, 699, 36017),
(323, 700, 36018),
(323, 701, 36022),
(323, 797, 35991),
(323, 816, 36075),
(323, 817, 36071),
(323, 818, 36074),
(323, 820, 36026),
(323, 823, 36028),
(323, 824, 36056),
(323, 825, 36057),
(323, 832, 36007),
(323, 833, 36008),
(323, 834, 36009),
(323, 835, 36027),
(323, 842, 36010),
(323, 858, 36096),
(323, 859, 36099),
(323, 868, 35975),
(323, 874, 36072),
(323, 876, 36029),
(323, 877, 36101),
(323, 878, 36031),
(323, 879, 36032),
(323, 880, 36090),
(323, 881, 36034),
(323, 886, 36058),
(323, 892, 36063),
(323, 893, 36011),
(323, 894, 36012),
(323, 898, 36073),
(323, 899, 36065),
(323, 905, 36036),
(323, 909, 36013),
(323, 910, 36059),
(323, 912, 36060),
(323, 915, 36019),
(323, 916, 36020),
(323, 917, 36100),
(323, 918, 36066),
(323, 919, 36067),
(323, 920, 36076),
(323, 924, 36014),
(323, 925, 36015),
(323, 926, 36016),
(323, 927, 36037),
(323, 928, 36088),
(323, 929, 36039),
(323, 930, 36040),
(323, 931, 36041),
(323, 942, 36064),
(323, 948, 36091),
(323, 958, 36023),
(323, 965, 36024),
(323, 966, 36025),
(323, 967, 36043),
(323, 968, 36077),
(323, 974, 36021),
(323, 977, 36068),
(323, 978, 36069),
(323, 984, 35992),
(323, 985, 35993),
(323, 999, 36079),
(323, 1000, 36080),
(323, 1001, 36095),
(323, 1002, 36082),
(323, 1003, 36078),
(323, 1005, 36044),
(323, 1006, 36045),
(323, 1007, 36083),
(323, 1008, 36084),
(323, 1009, 36085),
(323, 1010, 36047),
(323, 1011, 36046),
(323, 1037, 36062),
(323, 1040, 36048),
(323, 1041, 36049),
(323, 1042, 36050),
(323, 1043, 36051),
(323, 1044, 36098),
(323, 1045, 36053),
(323, 1046, 36054),
(323, 1047, 36055),
(323, 1048, 36061),
(323, 1054, 36097),
(323, 1055, 36087),
(323, 1058, 35976),
(323, 1059, 36070),
(326, 331, 702),
(326, 334, 703),
(326, 335, 704),
(326, 336, 705),
(326, 337, 706),
(326, 338, 707),
(326, 339, 708),
(326, 340, 709),
(326, 341, 710),
(326, 343, 711),
(326, 344, 712),
(326, 345, 713),
(326, 346, 714),
(326, 347, 715),
(326, 349, 716),
(326, 350, 717),
(326, 352, 718),
(326, 353, 719),
(327, 10, 78509),
(327, 11, 78566),
(327, 12, 78415),
(327, 13, 78641),
(327, 14, 78573),
(327, 15, 78576),
(327, 16, 78581),
(327, 17, 78523),
(327, 18, 78537),
(327, 19, 78437),
(327, 20, 78510),
(327, 21, 78656),
(327, 22, 78482),
(327, 23, 78456),
(327, 24, 78538),
(327, 25, 78408),
(327, 26, 78412),
(327, 27, 78414),
(327, 28, 78517),
(327, 29, 78417),
(327, 30, 78572),
(327, 31, 78422),
(327, 32, 78521),
(327, 33, 78483),
(327, 79, 78615),
(327, 85, 78638),
(327, 105, 78575),
(327, 131, 78354),
(327, 132, 78355),
(327, 133, 78356),
(327, 134, 78357),
(327, 135, 78358),
(327, 136, 78359),
(327, 137, 78360),
(327, 138, 78361),
(327, 139, 78362),
(327, 140, 78363),
(327, 141, 78364),
(327, 142, 78365),
(327, 143, 78366),
(327, 144, 78367),
(327, 145, 78368),
(327, 146, 78369),
(327, 147, 78370),
(327, 148, 78371),
(327, 149, 78372),
(327, 150, 78373),
(327, 151, 78374),
(327, 152, 78375),
(327, 153, 78376),
(327, 154, 78377),
(327, 155, 78378),
(327, 156, 78379),
(327, 157, 78380),
(327, 158, 78381),
(327, 159, 78382),
(327, 160, 78383),
(327, 161, 78384),
(327, 162, 78385),
(327, 163, 78386),
(327, 164, 78387),
(327, 165, 78388),
(327, 166, 78389),
(327, 167, 78390),
(327, 168, 78391),
(327, 169, 78392),
(327, 170, 78393),
(327, 171, 78394),
(327, 172, 78395),
(327, 173, 78396),
(327, 174, 78397),
(327, 175, 78398),
(327, 176, 78399),
(327, 177, 78400),
(327, 178, 78401),
(327, 179, 78402),
(327, 180, 78403),
(327, 181, 78404),
(327, 182, 78405),
(327, 183, 78406),
(327, 184, 78407),
(327, 185, 78409),
(327, 186, 78410),
(327, 187, 78411),
(327, 188, 78413),
(327, 189, 78416),
(327, 190, 78418),
(327, 191, 78421),
(327, 192, 78423),
(327, 193, 78424),
(327, 194, 78425),
(327, 195, 78438),
(327, 196, 78439),
(327, 197, 78440),
(327, 198, 78441),
(327, 199, 78442),
(327, 200, 78443),
(327, 201, 78444),
(327, 202, 78445),
(327, 203, 78446),
(327, 204, 78447),
(327, 205, 78448),
(327, 206, 78449),
(327, 207, 78450),
(327, 208, 78451),
(327, 209, 78452),
(327, 210, 78453),
(327, 211, 78454),
(327, 212, 78455),
(327, 213, 78457),
(327, 214, 78458),
(327, 215, 78459),
(327, 216, 78460),
(327, 217, 78461),
(327, 218, 78462),
(327, 219, 78463),
(327, 220, 78464),
(327, 221, 78465),
(327, 222, 78466),
(327, 223, 78467),
(327, 224, 78468),
(327, 225, 78469),
(327, 226, 78470),
(327, 227, 78471),
(327, 228, 78472),
(327, 229, 78473),
(327, 230, 78474),
(327, 231, 78475),
(327, 232, 78476),
(327, 233, 78477),
(327, 234, 78478),
(327, 235, 78479),
(327, 236, 78480),
(327, 237, 78481),
(327, 238, 78495),
(327, 239, 78496),
(327, 240, 78497),
(327, 241, 78498),
(327, 242, 78499),
(327, 243, 78500),
(327, 244, 78501),
(327, 245, 78502),
(327, 246, 78503),
(327, 247, 78504),
(327, 248, 78505),
(327, 249, 78506),
(327, 250, 78507),
(327, 251, 78508),
(327, 252, 78511),
(327, 253, 78512),
(327, 254, 78513),
(327, 255, 78514),
(327, 256, 78515),
(327, 257, 78516),
(327, 258, 78518),
(327, 259, 78519),
(327, 260, 78520),
(327, 261, 78522),
(327, 262, 78532),
(327, 263, 78533),
(327, 264, 78534),
(327, 265, 78535),
(327, 266, 78536),
(327, 267, 78539),
(327, 268, 78540),
(327, 269, 78541),
(327, 270, 78542),
(327, 271, 78543),
(327, 272, 78544),
(327, 273, 78545),
(327, 274, 78546),
(327, 275, 78547),
(327, 276, 78554),
(327, 277, 78555),
(327, 278, 78556),
(327, 279, 78557),
(327, 280, 78558),
(327, 281, 78559),
(327, 282, 78560),
(327, 283, 78561),
(327, 308, 78625),
(327, 309, 78626),
(327, 314, 78627),
(327, 324, 78598),
(327, 328, 78595),
(327, 329, 78596),
(327, 330, 78597),
(327, 332, 78617),
(327, 333, 78618),
(327, 342, 78669),
(327, 348, 78621),
(327, 351, 78620),
(327, 586, 78607),
(327, 587, 78608),
(327, 589, 78606),
(327, 604, 78565),
(327, 622, 78567),
(327, 623, 78568),
(327, 624, 78569),
(327, 626, 78570),
(327, 628, 78571),
(327, 631, 78574),
(327, 632, 78577),
(327, 633, 78578),
(327, 634, 78579),
(327, 635, 78580),
(327, 636, 78582),
(327, 711, 78637),
(327, 740, 78639),
(327, 741, 78640),
(327, 772, 78426),
(327, 773, 78427),
(327, 774, 78484),
(327, 775, 78525),
(327, 776, 78549),
(327, 786, 78353),
(327, 790, 78599),
(327, 791, 78609),
(327, 792, 78610),
(327, 793, 78611),
(327, 795, 78629),
(327, 796, 78651),
(327, 803, 78584),
(327, 804, 78616),
(327, 807, 78583),
(327, 808, 78619),
(327, 809, 78428),
(327, 813, 78612),
(327, 814, 78600),
(327, 830, 78524),
(327, 831, 78548),
(327, 837, 78585),
(327, 838, 78586),
(327, 839, 78587),
(327, 840, 78485),
(327, 841, 78601),
(327, 854, 78550),
(327, 856, 78564),
(327, 860, 78623),
(327, 869, 78602),
(327, 871, 78429),
(327, 872, 78486),
(327, 873, 78526),
(327, 875, 78487),
(327, 889, 78664),
(327, 890, 78630),
(327, 891, 78643),
(327, 895, 78488),
(327, 896, 78527),
(327, 901, 78552),
(327, 913, 78489),
(327, 914, 78528),
(327, 921, 78603),
(327, 923, 78613),
(327, 934, 78588),
(327, 935, 78589),
(327, 936, 78590),
(327, 937, 78430),
(327, 938, 78650),
(327, 939, 78490),
(327, 941, 78529),
(327, 949, 78632),
(327, 950, 78633),
(327, 951, 78433),
(327, 952, 78530),
(327, 955, 78653),
(327, 957, 78665),
(327, 959, 78624),
(327, 960, 78658),
(327, 961, 78593),
(327, 962, 78604),
(327, 963, 78605),
(327, 964, 78491),
(327, 971, 78634),
(327, 975, 78614),
(327, 976, 78663),
(327, 979, 78635),
(327, 981, 78434),
(327, 982, 78492),
(327, 983, 78531),
(327, 986, 78636),
(327, 992, 76989),
(327, 1049, 78661),
(327, 1050, 78668),
(327, 1051, 78662),
(327, 1052, 78553),
(327, 1053, 78660),
(327, 1057, 78670),
(327, 1062, 78594),
(331, 354, 2981),
(331, 355, 2982),
(331, 356, 2983),
(331, 357, 2984),
(331, 358, 2985),
(331, 359, 2986),
(331, 360, 2987),
(331, 361, 2988),
(331, 363, 2989),
(331, 364, 2990),
(331, 365, 2991),
(331, 366, 2992),
(331, 367, 2993),
(331, 368, 2994),
(331, 369, 2995),
(331, 370, 2996),
(331, 375, 2997),
(331, 376, 2998),
(331, 377, 2999),
(331, 378, 3000),
(331, 385, 3001),
(331, 386, 3002),
(331, 387, 3003),
(331, 388, 3004),
(331, 389, 3005),
(331, 390, 3007),
(331, 391, 3008),
(331, 392, 3009),
(331, 393, 3010),
(331, 394, 3011),
(331, 395, 3012),
(331, 397, 3013),
(331, 401, 3014),
(331, 402, 3015),
(331, 403, 3016),
(331, 404, 3017),
(331, 405, 3018),
(331, 406, 3019),
(331, 407, 3020),
(331, 408, 3021),
(331, 409, 3022),
(331, 410, 3023),
(331, 411, 3024),
(331, 412, 3025),
(331, 413, 3026),
(331, 414, 3027),
(331, 415, 3028),
(331, 416, 3029),
(331, 418, 3030),
(331, 419, 3031),
(331, 423, 3032),
(331, 424, 3033),
(331, 426, 3034),
(331, 427, 3035),
(331, 428, 3036),
(331, 429, 3037),
(331, 430, 3038),
(331, 431, 3039),
(331, 432, 3040),
(331, 433, 3041),
(331, 434, 3042),
(331, 436, 3043),
(331, 437, 3044),
(331, 441, 3045),
(331, 442, 3046),
(331, 443, 3047),
(331, 445, 3048),
(331, 446, 3049),
(331, 449, 3050),
(331, 451, 3051),
(331, 452, 3052),
(331, 453, 3053),
(331, 454, 3054),
(331, 455, 3055),
(331, 456, 3056),
(331, 457, 3057),
(331, 458, 3058),
(331, 459, 3059),
(331, 460, 3060),
(331, 720, 3006),
(332, 35, 25431),
(332, 36, 25432),
(332, 37, 25433),
(332, 38, 25434),
(332, 39, 25435),
(332, 40, 25436),
(332, 41, 25437),
(332, 42, 25438),
(332, 43, 25439),
(332, 44, 25440),
(332, 45, 25441),
(332, 46, 25442),
(332, 47, 25443),
(332, 48, 25444),
(332, 49, 25445),
(332, 50, 25446),
(332, 51, 25447),
(332, 52, 25448),
(332, 53, 25449),
(332, 54, 25450),
(332, 55, 25451),
(332, 56, 25452),
(332, 57, 25453),
(332, 58, 25454),
(332, 59, 25455),
(332, 60, 25456),
(332, 61, 25457),
(332, 62, 25458),
(332, 63, 25459),
(332, 64, 25460),
(332, 65, 25474),
(332, 66, 25475),
(332, 67, 25476),
(332, 68, 25477),
(332, 69, 25478),
(332, 70, 25479),
(332, 71, 25480),
(332, 72, 25481),
(332, 73, 25482),
(332, 74, 25483),
(332, 75, 25484),
(332, 76, 25485),
(332, 77, 25486),
(332, 78, 25487),
(332, 106, 25541),
(332, 112, 25488),
(332, 113, 25489),
(332, 114, 25493),
(332, 115, 25494),
(332, 116, 25495),
(332, 117, 25496),
(332, 118, 25499),
(332, 119, 25500),
(332, 120, 25501),
(332, 121, 25502),
(332, 122, 25503),
(332, 123, 25504),
(332, 124, 25505),
(332, 125, 25506),
(332, 126, 25507),
(332, 127, 25508),
(332, 128, 25509),
(332, 129, 25510),
(332, 130, 25511),
(332, 362, 25531),
(332, 371, 25556),
(332, 372, 25533),
(332, 373, 25534),
(332, 374, 25552),
(332, 575, 25548),
(332, 576, 25549),
(332, 577, 25550),
(332, 671, 25540),
(332, 674, 25528),
(332, 675, 25529),
(332, 676, 25530),
(332, 702, 25551),
(332, 771, 25498),
(332, 787, 25542),
(332, 788, 25543),
(332, 789, 25512),
(332, 805, 25497),
(332, 810, 25514),
(332, 812, 25513),
(332, 819, 25461),
(332, 821, 25517),
(332, 822, 25536),
(332, 826, 25519),
(332, 827, 25516),
(332, 828, 25520),
(332, 829, 25462),
(332, 846, 25466),
(332, 847, 25467),
(332, 848, 25471),
(332, 849, 25472),
(332, 850, 25468),
(332, 851, 25473),
(332, 852, 25469),
(332, 853, 25470),
(332, 855, 25555),
(332, 857, 25492),
(332, 887, 25544),
(332, 888, 25518),
(332, 902, 25463),
(332, 903, 25521),
(332, 904, 25522),
(332, 908, 25545),
(332, 947, 25554),
(332, 956, 25523),
(332, 972, 25524),
(332, 973, 25464),
(332, 980, 25557),
(332, 998, 25537),
(332, 1004, 25539),
(332, 1014, 25465),
(332, 1015, 25526),
(332, 1016, 25527),
(332, 1036, 25525),
(332, 1038, 25491),
(332, 1039, 25553),
(332, 1056, 25547),
(333, 19, 10412),
(333, 22, 10457),
(333, 23, 10431),
(333, 33, 10458),
(333, 195, 10413),
(333, 196, 10414),
(333, 197, 10415),
(333, 198, 10416),
(333, 199, 10417),
(333, 200, 10418),
(333, 201, 10419),
(333, 202, 10420),
(333, 203, 10421),
(333, 204, 10422),
(333, 205, 10423),
(333, 206, 10424),
(333, 207, 10425),
(333, 208, 10426),
(333, 209, 10427),
(333, 210, 10428),
(333, 211, 10429),
(333, 212, 10430),
(333, 213, 10432),
(333, 214, 10433),
(333, 215, 10434),
(333, 216, 10435),
(333, 217, 10436),
(333, 218, 10437),
(333, 219, 10438),
(333, 220, 10439),
(333, 221, 10440),
(333, 222, 10441),
(333, 223, 10442),
(333, 224, 10443),
(333, 225, 10444),
(333, 226, 10445),
(333, 227, 10446),
(333, 228, 10447),
(333, 229, 10448),
(333, 230, 10449),
(333, 231, 10450),
(333, 232, 10451),
(333, 233, 10452),
(333, 234, 10453),
(333, 235, 10454),
(333, 236, 10455),
(333, 237, 10456),
(333, 774, 10459),
(333, 840, 10460),
(333, 872, 10461),
(333, 875, 10462),
(333, 895, 10463),
(333, 913, 10464),
(333, 939, 10465),
(333, 964, 10466),
(333, 982, 10467),
(333, 1050, 10472),
(333, 1051, 10471),
(334, 10, 4342),
(334, 17, 4356),
(334, 20, 4343),
(334, 28, 4350),
(334, 32, 4354),
(334, 238, 4328),
(334, 239, 4329),
(334, 240, 4330),
(334, 241, 4331),
(334, 242, 4332),
(334, 243, 4333),
(334, 244, 4334),
(334, 245, 4335),
(334, 246, 4336),
(334, 247, 4337),
(334, 248, 4338),
(334, 249, 4339),
(334, 250, 4340),
(334, 251, 4341),
(334, 252, 4344),
(334, 253, 4345),
(334, 254, 4346),
(334, 255, 4347),
(334, 256, 4348),
(334, 257, 4349),
(334, 258, 4351),
(334, 259, 4352),
(334, 260, 4353),
(334, 261, 4355),
(334, 775, 4358),
(334, 830, 4357),
(334, 873, 4359),
(334, 896, 4360),
(334, 914, 4361),
(334, 941, 4362),
(334, 952, 4363),
(334, 983, 4364),
(335, 352, 36),
(335, 353, 37),
(337, 18, 4165),
(337, 24, 4166),
(337, 262, 4160),
(337, 263, 4161),
(337, 264, 4162),
(337, 265, 4163),
(337, 266, 4164),
(337, 267, 4167),
(337, 268, 4168),
(337, 269, 4169),
(337, 270, 4170),
(337, 271, 4171),
(337, 272, 4172),
(337, 273, 4173),
(337, 274, 4174),
(337, 275, 4175),
(337, 776, 4177),
(337, 831, 4176),
(337, 854, 4178),
(337, 889, 4182),
(337, 901, 4180),
(337, 1052, 4181),
(339, 302, 423),
(339, 303, 424),
(339, 304, 425),
(339, 305, 426),
(339, 306, 427),
(339, 307, 428),
(339, 310, 429),
(339, 311, 430),
(339, 312, 431),
(339, 313, 432),
(340, 325, 122),
(340, 326, 123),
(340, 327, 124),
(341, 315, 298),
(341, 316, 299),
(341, 317, 300),
(341, 318, 301),
(341, 319, 302),
(341, 320, 303),
(341, 321, 304),
(341, 322, 305),
(341, 323, 306),
(343, 513, 454),
(343, 514, 455),
(343, 515, 456),
(343, 516, 457),
(343, 517, 458),
(343, 518, 459),
(343, 519, 460),
(343, 520, 461),
(343, 521, 462),
(343, 522, 463),
(343, 523, 464),
(343, 524, 465),
(343, 525, 466),
(344, 499, 487),
(344, 500, 488),
(344, 501, 489),
(344, 502, 490),
(344, 503, 491),
(344, 504, 492),
(344, 505, 493),
(344, 506, 494),
(344, 507, 495),
(344, 508, 496),
(344, 510, 497),
(344, 511, 498),
(344, 512, 499),
(345, 107, 2229),
(345, 108, 2234),
(345, 109, 2235),
(345, 677, 2222),
(345, 678, 2223),
(345, 679, 2224),
(345, 680, 2225),
(345, 681, 2226),
(345, 682, 2227),
(345, 683, 2228),
(345, 684, 2230),
(345, 685, 2231),
(345, 686, 2232),
(345, 687, 2233),
(345, 797, 2236),
(345, 984, 2237),
(345, 985, 2238),
(346, 276, 488),
(346, 277, 489),
(346, 278, 490),
(346, 279, 491),
(346, 280, 492),
(346, 281, 493),
(346, 282, 494),
(346, 283, 495),
(346, 976, 498),
(346, 1053, 497),
(348, 110, 13453),
(348, 111, 13456),
(348, 688, 13446),
(348, 689, 13447),
(348, 690, 13448),
(348, 691, 13449),
(348, 692, 13450),
(348, 693, 13451),
(348, 694, 13452),
(348, 695, 13454),
(348, 696, 13455),
(348, 697, 13457),
(348, 698, 13458),
(348, 832, 13459),
(348, 833, 13460),
(348, 834, 13461),
(348, 842, 13462),
(348, 893, 13463),
(348, 894, 13464),
(348, 909, 13465),
(348, 924, 13466),
(348, 925, 13467),
(348, 926, 13468),
(349, 699, 279),
(349, 700, 280),
(349, 915, 281),
(349, 916, 282),
(349, 974, 283),
(351, 12, 14054),
(351, 13, 14076),
(351, 21, 14083),
(351, 25, 14047),
(351, 26, 14051),
(351, 27, 14053),
(351, 29, 14056),
(351, 31, 14061),
(351, 131, 13993),
(351, 132, 13994),
(351, 133, 13995),
(351, 134, 13996),
(351, 135, 13997),
(351, 136, 13998),
(351, 137, 13999),
(351, 138, 14000),
(351, 139, 14001),
(351, 140, 14002),
(351, 141, 14003),
(351, 142, 14004),
(351, 143, 14005),
(351, 144, 14006),
(351, 145, 14007),
(351, 146, 14008),
(351, 147, 14009),
(351, 148, 14010),
(351, 149, 14011),
(351, 150, 14012),
(351, 151, 14013),
(351, 152, 14014),
(351, 153, 14015),
(351, 154, 14016),
(351, 155, 14017),
(351, 156, 14018),
(351, 157, 14019),
(351, 158, 14020),
(351, 159, 14021),
(351, 160, 14022),
(351, 161, 14023),
(351, 162, 14024),
(351, 163, 14025),
(351, 164, 14026),
(351, 165, 14027),
(351, 166, 14028),
(351, 167, 14029),
(351, 168, 14030),
(351, 169, 14031),
(351, 170, 14032),
(351, 171, 14033),
(351, 172, 14034),
(351, 173, 14035),
(351, 174, 14036),
(351, 175, 14037),
(351, 176, 14038),
(351, 177, 14039),
(351, 178, 14040),
(351, 179, 14041),
(351, 180, 14042),
(351, 181, 14043),
(351, 182, 14044),
(351, 183, 14045),
(351, 184, 14046),
(351, 185, 14048),
(351, 186, 14049),
(351, 187, 14050),
(351, 188, 14052),
(351, 189, 14055),
(351, 190, 14057),
(351, 191, 14060),
(351, 192, 14062),
(351, 193, 14063),
(351, 194, 14064),
(351, 772, 14065),
(351, 773, 14066),
(351, 786, 13992),
(351, 809, 14067),
(351, 871, 14068),
(351, 937, 14069),
(351, 938, 14081),
(351, 951, 14072),
(351, 960, 14085),
(351, 981, 14073),
(351, 1049, 14087),
(351, 1057, 14088),
(352, 701, 0),
(356, 846, 1731),
(356, 847, 1732),
(356, 848, 1736),
(356, 849, 1737),
(356, 850, 1733),
(356, 851, 1738),
(356, 852, 1734),
(356, 853, 1735),
(357, 537, 374),
(357, 538, 375),
(357, 539, 376),
(357, 540, 377),
(357, 541, 378),
(357, 542, 379),
(357, 543, 380),
(357, 544, 381),
(357, 545, 382),
(357, 546, 383),
(357, 547, 384),
(358, 331, 368),
(358, 334, 369),
(358, 335, 370),
(358, 336, 371),
(358, 337, 372),
(358, 338, 373),
(358, 339, 374),
(358, 340, 375),
(358, 341, 376),
(359, 858, 1371),
(359, 859, 1372),
(359, 868, 1369),
(359, 1058, 1370),
(360, 590, 1156),
(360, 591, 1157),
(360, 592, 1158),
(360, 593, 1159),
(360, 594, 1160),
(360, 595, 1161),
(360, 596, 1162),
(360, 597, 1163),
(360, 598, 1164),
(360, 599, 1165),
(360, 600, 1166),
(360, 601, 1167),
(360, 602, 1168),
(360, 603, 1169),
(360, 605, 1170),
(360, 606, 1171),
(360, 607, 1172),
(360, 608, 1173),
(360, 609, 1174),
(360, 610, 1175),
(360, 611, 1176),
(360, 612, 1177),
(360, 613, 1178),
(360, 614, 1179),
(360, 615, 1180),
(360, 616, 1181),
(360, 617, 1182),
(360, 618, 1183),
(360, 619, 1184),
(360, 620, 1185),
(360, 621, 1186),
(360, 625, 1187),
(360, 627, 1188),
(360, 629, 1189),
(360, 630, 1190),
(361, 588, 0),
(363, 114, 4146),
(363, 115, 4147),
(363, 116, 4148),
(363, 117, 4149),
(363, 118, 4152),
(363, 119, 4153),
(363, 120, 4154),
(363, 121, 4155),
(363, 122, 4156),
(363, 123, 4157),
(363, 124, 4158),
(363, 125, 4159),
(363, 126, 4160),
(363, 127, 4161),
(363, 128, 4162),
(363, 129, 4163),
(363, 130, 4164),
(363, 771, 4151),
(363, 789, 4165),
(363, 805, 4150),
(363, 810, 4167),
(363, 812, 4166),
(363, 821, 4170),
(363, 826, 4172),
(363, 827, 4169),
(363, 828, 4173),
(363, 855, 4181),
(363, 857, 4145),
(363, 888, 4171),
(363, 903, 4174),
(363, 904, 4175),
(363, 956, 4176),
(363, 972, 4177),
(363, 1015, 4179),
(363, 1016, 4180),
(363, 1036, 4178),
(364, 349, 81),
(364, 350, 82),
(365, 343, 183),
(365, 344, 184),
(365, 345, 185),
(365, 346, 186),
(365, 347, 187),
(366, 35, 5754),
(366, 36, 5755),
(366, 37, 5756),
(366, 38, 5757),
(366, 39, 5758),
(366, 40, 5759),
(366, 41, 5760),
(366, 42, 5761),
(366, 43, 5762),
(366, 44, 5763),
(366, 45, 5764),
(366, 46, 5765),
(366, 47, 5766),
(366, 48, 5767),
(366, 49, 5768),
(366, 50, 5769),
(366, 51, 5770),
(366, 52, 5771),
(366, 53, 5772),
(366, 54, 5773),
(366, 55, 5774),
(366, 56, 5775),
(366, 57, 5776),
(366, 58, 5777),
(366, 59, 5778),
(366, 60, 5779),
(366, 61, 5780),
(366, 62, 5781),
(366, 63, 5782),
(366, 64, 5783),
(366, 819, 5784),
(366, 829, 5785),
(366, 902, 5786),
(366, 973, 5787),
(366, 1014, 5788),
(367, 65, 1041),
(367, 66, 1042),
(367, 67, 1043),
(367, 68, 1044),
(367, 69, 1045),
(367, 70, 1046),
(367, 71, 1047),
(367, 72, 1048),
(367, 73, 1049),
(367, 74, 1050),
(367, 75, 1051),
(367, 76, 1052),
(367, 77, 1053),
(367, 78, 1054),
(367, 112, 1055),
(367, 113, 1056),
(367, 980, 1059),
(367, 1038, 1058),
(368, 354, 580),
(368, 355, 581),
(368, 356, 582),
(368, 357, 583),
(368, 358, 584),
(368, 359, 585),
(368, 360, 586),
(368, 361, 587),
(368, 363, 588),
(368, 364, 589),
(368, 365, 590),
(368, 366, 591),
(368, 367, 592),
(368, 368, 593),
(368, 369, 594),
(368, 370, 595),
(369, 578, 255),
(369, 579, 256),
(369, 580, 257),
(369, 581, 258),
(369, 582, 259),
(369, 583, 260),
(369, 584, 261),
(369, 585, 262),
(370, 637, 1033),
(370, 638, 1034),
(370, 639, 1035),
(370, 640, 1036),
(370, 641, 1037),
(370, 642, 1038),
(370, 643, 1039),
(370, 644, 1040),
(370, 645, 1041),
(370, 646, 1042),
(370, 647, 1043),
(370, 648, 1044),
(370, 649, 1045),
(370, 650, 1046),
(370, 651, 1047),
(370, 652, 1048),
(370, 653, 1049),
(370, 654, 1050),
(370, 655, 1051),
(370, 656, 1052),
(370, 657, 1053),
(370, 658, 1054),
(370, 659, 1055),
(370, 660, 1056),
(370, 661, 1057),
(370, 662, 1058),
(370, 663, 1059),
(370, 664, 1060),
(370, 665, 1061),
(370, 666, 1062),
(370, 667, 1063),
(370, 668, 1064),
(370, 669, 1065),
(370, 670, 1066),
(370, 672, 1067),
(371, 461, 1367),
(371, 462, 1368),
(371, 463, 1369),
(371, 464, 1370),
(371, 465, 1371),
(371, 466, 1372),
(371, 467, 1373),
(371, 468, 1374),
(371, 469, 1375),
(371, 470, 1376),
(371, 471, 1377),
(371, 472, 1378),
(371, 473, 1379),
(371, 474, 1380),
(371, 475, 1381),
(371, 476, 1382),
(371, 477, 1383),
(371, 478, 1384),
(371, 479, 1385),
(371, 480, 1386),
(371, 481, 1387),
(371, 482, 1388),
(371, 483, 1389),
(371, 484, 1390),
(371, 485, 1391),
(371, 486, 1392),
(371, 487, 1393),
(371, 488, 1394),
(371, 489, 1395),
(371, 490, 1396),
(371, 491, 1397),
(371, 492, 1398),
(371, 493, 1399),
(371, 494, 1400),
(371, 495, 1401),
(371, 496, 1402),
(371, 497, 1403),
(371, 498, 1404),
(372, 570, 199),
(372, 571, 200),
(372, 572, 201),
(372, 573, 202),
(372, 574, 203),
(373, 424, 698),
(373, 426, 699),
(373, 427, 700),
(373, 428, 701),
(373, 429, 702),
(373, 430, 703),
(373, 431, 704),
(373, 432, 705),
(373, 433, 706),
(373, 434, 707),
(373, 436, 708),
(373, 437, 709),
(373, 441, 710),
(373, 442, 711),
(373, 443, 712),
(373, 445, 713),
(373, 446, 714),
(373, 449, 715),
(374, 375, 159),
(374, 376, 160),
(374, 377, 161),
(374, 378, 162),
(375, 673, 0),
(376, 385, 1185),
(376, 386, 1186),
(376, 387, 1187),
(376, 388, 1188),
(376, 389, 1189),
(376, 390, 1191),
(376, 391, 1192),
(376, 392, 1193),
(376, 393, 1194),
(376, 394, 1195),
(376, 395, 1196),
(376, 397, 1197),
(376, 401, 1198),
(376, 402, 1199),
(376, 403, 1200),
(376, 404, 1201),
(376, 405, 1202),
(376, 406, 1203),
(376, 407, 1204),
(376, 408, 1205),
(376, 409, 1206),
(376, 410, 1207),
(376, 411, 1208),
(376, 412, 1209),
(376, 413, 1210),
(376, 414, 1211),
(376, 415, 1212),
(376, 416, 1213),
(376, 418, 1214),
(376, 419, 1215),
(376, 423, 1216),
(376, 720, 1190),
(377, 526, 382),
(377, 527, 383),
(377, 528, 384),
(377, 529, 385),
(377, 530, 386),
(377, 531, 387),
(377, 532, 388),
(377, 533, 389),
(377, 534, 390),
(377, 535, 391),
(377, 536, 392),
(378, 451, 328),
(378, 452, 329),
(378, 453, 330),
(378, 454, 331),
(378, 455, 332),
(378, 456, 333),
(378, 457, 334),
(378, 458, 335),
(378, 459, 336),
(378, 460, 337),
(379, 548, 908),
(379, 549, 909),
(379, 550, 910),
(379, 551, 911),
(379, 552, 912),
(379, 553, 913),
(379, 554, 914),
(379, 555, 915),
(379, 556, 916),
(379, 557, 917),
(379, 558, 918),
(379, 559, 919),
(379, 560, 920),
(379, 561, 921),
(379, 562, 922),
(379, 563, 923),
(379, 564, 924),
(379, 565, 925),
(379, 566, 926),
(379, 567, 927),
(379, 568, 928),
(379, 569, 929),
(380, 284, 604),
(380, 285, 605),
(380, 286, 606),
(380, 287, 607),
(380, 288, 608),
(380, 289, 609),
(380, 290, 610),
(380, 291, 611),
(380, 292, 612),
(380, 293, 613),
(380, 294, 614),
(380, 295, 615),
(380, 296, 616),
(380, 297, 617),
(380, 298, 618),
(380, 299, 619),
(380, 300, 620),
(380, 301, 621),
(381, 702, 0),
(382, 816, 1160),
(382, 817, 1156),
(382, 818, 1159),
(382, 874, 1157),
(382, 898, 1158),
(382, 920, 1161),
(382, 968, 1162),
(382, 1003, 1163),
(383, 11, 14530),
(383, 14, 14537),
(383, 15, 14540),
(383, 16, 14545),
(383, 30, 14536),
(383, 105, 14539),
(383, 604, 14529),
(383, 622, 14531),
(383, 623, 14532),
(383, 624, 14533),
(383, 626, 14534),
(383, 628, 14535),
(383, 631, 14538),
(383, 632, 14541),
(383, 633, 14542),
(383, 634, 14543),
(383, 635, 14544),
(383, 636, 14546),
(383, 803, 14548),
(383, 807, 14547),
(383, 837, 14549),
(383, 838, 14550),
(383, 839, 14551),
(383, 856, 14528),
(383, 934, 14552),
(383, 935, 14553),
(383, 936, 14554),
(383, 955, 14559),
(383, 957, 14560),
(383, 961, 14557),
(383, 1062, 14558),
(384, 85, 1114),
(384, 711, 1113),
(384, 740, 1115),
(384, 741, 1116),
(385, 324, 2259),
(385, 328, 2256),
(385, 329, 2257),
(385, 330, 2258),
(385, 790, 2260),
(385, 814, 2261),
(385, 841, 2262),
(385, 869, 2263),
(385, 921, 2264),
(385, 962, 2265),
(385, 963, 2266),
(386, 586, 1392),
(386, 587, 1393),
(386, 589, 1391),
(386, 791, 1394),
(386, 792, 1395),
(386, 793, 1396),
(386, 813, 1397),
(386, 923, 1398),
(386, 975, 1399),
(387, 106, 1321),
(387, 671, 1320),
(387, 787, 1322),
(387, 788, 1323),
(387, 887, 1324),
(387, 908, 1325),
(387, 947, 1328),
(387, 1056, 1327),
(388, 575, 120),
(388, 576, 121),
(388, 577, 122),
(389, 308, 929),
(389, 309, 930),
(389, 314, 931),
(389, 795, 933),
(389, 796, 942),
(389, 890, 934),
(389, 891, 941),
(389, 949, 936),
(389, 950, 937),
(389, 971, 938),
(389, 979, 939),
(389, 986, 940),
(389, 992, 878),
(390, 332, 2553),
(390, 333, 2554),
(390, 342, 2561),
(390, 348, 2557),
(390, 351, 2556),
(390, 808, 2555),
(390, 860, 2559),
(390, 959, 2560),
(392, 362, 827),
(392, 371, 838),
(392, 372, 829),
(392, 373, 830),
(392, 374, 836),
(392, 822, 832),
(392, 998, 833),
(392, 1004, 835),
(392, 1039, 837),
(393, 79, 86),
(393, 804, 87),
(395, 820, 4964),
(395, 823, 4966),
(395, 835, 4965),
(395, 876, 4967),
(395, 877, 4999),
(395, 878, 4969),
(395, 879, 4970),
(395, 880, 4995),
(395, 881, 4972),
(395, 905, 4974),
(395, 917, 4998),
(395, 927, 4975),
(395, 928, 4994),
(395, 929, 4977),
(395, 930, 4978),
(395, 931, 4979),
(395, 948, 4996);
INSERT INTO `mto_category_product` (`id_category`, `id_product`, `position`) VALUES
(395, 967, 4981),
(395, 1005, 4982),
(395, 1006, 4983),
(395, 1010, 4985),
(395, 1011, 4984),
(395, 1040, 4986),
(395, 1041, 4987),
(395, 1042, 4988),
(395, 1043, 4989),
(395, 1044, 4997),
(395, 1045, 4991),
(395, 1046, 4992),
(395, 1047, 4993),
(396, 824, 272),
(396, 825, 273),
(398, 882, 693),
(398, 883, 694),
(398, 884, 695),
(398, 885, 696),
(398, 897, 697),
(398, 911, 698),
(398, 932, 699),
(398, 933, 700),
(399, 674, 100),
(399, 675, 101),
(399, 676, 102),
(400, 794, 0),
(401, 80, 41962),
(401, 81, 41965),
(401, 82, 41966),
(401, 83, 41967),
(401, 84, 41968),
(401, 86, 41955),
(401, 87, 41964),
(401, 88, 42076),
(401, 89, 42077),
(401, 90, 42080),
(401, 91, 42081),
(401, 92, 42082),
(401, 93, 42079),
(401, 94, 42065),
(401, 95, 42066),
(401, 96, 42067),
(401, 97, 42068),
(401, 98, 42069),
(401, 99, 42070),
(401, 100, 42071),
(401, 101, 42072),
(401, 102, 42073),
(401, 103, 42074),
(401, 104, 42083),
(401, 379, 42045),
(401, 380, 42046),
(401, 381, 42047),
(401, 382, 42013),
(401, 383, 42014),
(401, 384, 42109),
(401, 396, 42026),
(401, 398, 42108),
(401, 399, 42029),
(401, 400, 42030),
(401, 417, 42043),
(401, 420, 42048),
(401, 421, 42049),
(401, 422, 42054),
(401, 425, 42022),
(401, 435, 42033),
(401, 438, 42037),
(401, 439, 42075),
(401, 440, 42038),
(401, 444, 42039),
(401, 447, 42044),
(401, 448, 42078),
(401, 450, 42053),
(401, 509, 41960),
(401, 703, 42087),
(401, 704, 41978),
(401, 705, 41979),
(401, 706, 42100),
(401, 707, 41981),
(401, 708, 42016),
(401, 709, 42112),
(401, 710, 42017),
(401, 712, 42101),
(401, 713, 42019),
(401, 714, 42020),
(401, 715, 42021),
(401, 716, 42023),
(401, 717, 41982),
(401, 718, 41983),
(401, 719, 41984),
(401, 721, 42102),
(401, 722, 42025),
(401, 723, 41985),
(401, 724, 41986),
(401, 725, 42088),
(401, 726, 41987),
(401, 727, 42031),
(401, 728, 42089),
(401, 729, 41988),
(401, 730, 42090),
(401, 731, 41989),
(401, 732, 41990),
(401, 733, 41991),
(401, 734, 41992),
(401, 735, 41993),
(401, 736, 42034),
(401, 737, 42035),
(401, 738, 42036),
(401, 739, 42091),
(401, 742, 41994),
(401, 743, 42092),
(401, 744, 42093),
(401, 745, 41995),
(401, 746, 41996),
(401, 747, 41997),
(401, 748, 41998),
(401, 749, 41999),
(401, 750, 41961),
(401, 751, 42104),
(401, 752, 42000),
(401, 753, 42041),
(401, 754, 42042),
(401, 755, 42094),
(401, 756, 42001),
(401, 757, 42095),
(401, 758, 41963),
(401, 759, 42002),
(401, 760, 42003),
(401, 761, 42050),
(401, 762, 42051),
(401, 763, 42004),
(401, 764, 42052),
(401, 765, 42096),
(401, 766, 42005),
(401, 767, 42114),
(401, 768, 42055),
(401, 769, 42056),
(401, 770, 42057),
(401, 778, 41958),
(401, 779, 41969),
(401, 780, 41970),
(401, 781, 41971),
(401, 782, 41972),
(401, 783, 41973),
(401, 784, 41974),
(401, 785, 41975),
(401, 798, 42024),
(401, 801, 42040),
(401, 802, 42027),
(401, 806, 41957),
(401, 811, 42032),
(401, 836, 42018),
(401, 843, 42084),
(401, 844, 42113),
(401, 845, 42058),
(401, 861, 42006),
(401, 862, 42007),
(401, 863, 42008),
(401, 864, 42009),
(401, 865, 42010),
(401, 866, 42011),
(401, 867, 42012),
(401, 870, 41980),
(401, 900, 42098),
(401, 906, 41976),
(401, 907, 42099),
(401, 922, 41977),
(401, 940, 42111),
(401, 943, 42103),
(401, 944, 42106),
(401, 945, 42110),
(401, 946, 42105),
(401, 953, 42085),
(401, 954, 42086),
(401, 987, 42060),
(401, 988, 42061),
(401, 989, 42062),
(401, 990, 42063),
(401, 991, 42064),
(401, 993, 41321),
(401, 994, 41394),
(401, 995, 41323),
(401, 996, 41395),
(401, 997, 41325),
(403, 703, 2168),
(403, 725, 2169),
(403, 728, 2170),
(403, 730, 2171),
(403, 739, 2172),
(403, 743, 2173),
(403, 744, 2174),
(403, 755, 2175),
(403, 757, 2176),
(403, 765, 2177),
(403, 767, 2181),
(403, 900, 2179),
(403, 907, 2180),
(404, 704, 5703),
(404, 705, 5704),
(404, 707, 5706),
(404, 717, 5707),
(404, 718, 5708),
(404, 719, 5709),
(404, 723, 5710),
(404, 724, 5711),
(404, 726, 5712),
(404, 729, 5713),
(404, 731, 5714),
(404, 732, 5715),
(404, 733, 5716),
(404, 734, 5717),
(404, 735, 5718),
(404, 742, 5719),
(404, 745, 5720),
(404, 746, 5721),
(404, 747, 5722),
(404, 748, 5723),
(404, 749, 5724),
(404, 752, 5725),
(404, 756, 5726),
(404, 759, 5727),
(404, 760, 5728),
(404, 763, 5729),
(404, 766, 5730),
(404, 861, 5731),
(404, 862, 5732),
(404, 863, 5733),
(404, 864, 5734),
(404, 865, 5735),
(404, 866, 5736),
(404, 867, 5737),
(404, 870, 5705),
(407, 80, 14389),
(407, 81, 14392),
(407, 82, 14393),
(407, 83, 14394),
(407, 84, 14395),
(407, 86, 14382),
(407, 87, 14391),
(407, 509, 14387),
(407, 709, 14405),
(407, 750, 14388),
(407, 758, 14390),
(407, 778, 14385),
(407, 779, 14396),
(407, 780, 14397),
(407, 781, 14398),
(407, 782, 14399),
(407, 783, 14400),
(407, 784, 14401),
(407, 785, 14402),
(407, 806, 14384),
(407, 844, 14406),
(407, 906, 14403),
(407, 922, 14404),
(408, 958, 0),
(409, 706, 569),
(409, 712, 570),
(409, 721, 571),
(409, 751, 573),
(409, 943, 572),
(409, 944, 575),
(409, 945, 576),
(409, 946, 574),
(412, 88, 4920),
(412, 89, 4921),
(412, 90, 4924),
(412, 91, 4925),
(412, 92, 4926),
(412, 93, 4923),
(412, 94, 4909),
(412, 95, 4910),
(412, 96, 4911),
(412, 97, 4912),
(412, 98, 4913),
(412, 99, 4914),
(412, 100, 4915),
(412, 101, 4916),
(412, 102, 4917),
(412, 103, 4918),
(412, 104, 4927),
(412, 439, 4919),
(412, 448, 4922),
(412, 843, 4928),
(412, 953, 4929),
(412, 954, 4930),
(413, 379, 6666),
(413, 380, 6667),
(413, 381, 6668),
(413, 382, 6634),
(413, 383, 6635),
(413, 384, 6687),
(413, 396, 6647),
(413, 398, 6686),
(413, 399, 6650),
(413, 400, 6651),
(413, 417, 6664),
(413, 420, 6669),
(413, 421, 6670),
(413, 422, 6675),
(413, 425, 6643),
(413, 435, 6654),
(413, 438, 6658),
(413, 440, 6659),
(413, 444, 6660),
(413, 447, 6665),
(413, 450, 6674),
(413, 708, 6637),
(413, 710, 6638),
(413, 713, 6640),
(413, 714, 6641),
(413, 715, 6642),
(413, 716, 6644),
(413, 722, 6646),
(413, 727, 6652),
(413, 736, 6655),
(413, 737, 6656),
(413, 738, 6657),
(413, 753, 6662),
(413, 754, 6663),
(413, 761, 6671),
(413, 762, 6672),
(413, 764, 6673),
(413, 768, 6676),
(413, 769, 6677),
(413, 770, 6678),
(413, 798, 6645),
(413, 801, 6661),
(413, 802, 6648),
(413, 811, 6653),
(413, 836, 6639),
(413, 845, 6679),
(413, 940, 6688),
(413, 987, 6681),
(413, 988, 6682),
(413, 989, 6683),
(413, 990, 6684),
(413, 991, 6685),
(413, 993, 6433),
(413, 994, 6449),
(413, 995, 6435),
(413, 996, 6450),
(413, 997, 6437),
(414, 886, 362),
(414, 910, 363),
(414, 912, 364),
(414, 1037, 366),
(414, 1048, 365),
(415, 892, 708),
(415, 899, 710),
(415, 918, 711),
(415, 919, 712),
(415, 942, 709),
(415, 977, 713),
(415, 978, 714),
(416, 965, 684),
(416, 966, 685),
(417, 969, 0),
(418, 970, 0),
(419, 999, 76),
(419, 1000, 77),
(419, 1001, 87),
(419, 1002, 79),
(419, 1007, 80),
(419, 1008, 81),
(419, 1009, 82),
(419, 1054, 88),
(419, 1055, 84),
(421, 1059, 0);

--
-- Estructura de tabla para la tabla `mto_cms`
--

CREATE TABLE IF NOT EXISTS `mto_cms` (
  `id_cms` int(10) unsigned NOT NULL AUTO_INCREMENT,
  `id_cms_category` int(10) unsigned NOT NULL,
  `position` int(10) unsigned NOT NULL DEFAULT '0',
  `active` tinyint(1) unsigned NOT NULL DEFAULT '0',
  `indexation` tinyint(1) unsigned NOT NULL DEFAULT '1',
  PRIMARY KEY (`id_cms`)
) ENGINE=InnoDB  DEFAULT CHARSET=utf8 AUTO_INCREMENT=8 ;

--
-- Volcado de datos para la tabla `mto_cms`
--

INSERT INTO `mto_cms` (`id_cms`, `id_cms_category`, `position`, `active`, `indexation`) VALUES
(1, 1, 0, 1, 0),
(2, 1, 1, 1, 0),
(3, 1, 2, 1, 0),
(4, 1, 3, 1, 0),
(5, 1, 4, 1, 0),
(6, 1, 5, 1, 0),
(7, 1, 6, 1, 1);

-- --------------------------------------------------------

--
-- Estructura de tabla para la tabla `mto_cms_lang`
--

CREATE TABLE IF NOT EXISTS `mto_cms_lang` (
  `id_cms` int(10) unsigned NOT NULL,
  `id_lang` int(10) unsigned NOT NULL,
  `id_shop` int(10) unsigned NOT NULL DEFAULT '1',
  `meta_title` varchar(128) NOT NULL,
  `meta_description` varchar(255) DEFAULT NULL,
  `meta_keywords` varchar(255) DEFAULT NULL,
  `content` longtext,
  `link_rewrite` varchar(128) NOT NULL,
  PRIMARY KEY (`id_cms`,`id_shop`,`id_lang`)
) ENGINE=InnoDB DEFAULT CHARSET=utf8;

--
-- Volcado de datos para la tabla `mto_cms_lang`
--

INSERT INTO `mto_cms_lang` (`id_cms`, `id_lang`, `id_shop`, `meta_title`, `meta_description`, `meta_keywords`, `content`, `link_rewrite`) VALUES
(1, 1, 1, 'Medios de Envío', '', 'condiciones, entrega, plazo, envío, paquete', '<p>Los Medios de Envío  son los siguientes:</p>\n<p> </p>\n<p>1. Por Correo Privado OCASA, especializado en envío de Productos de Alto Valor. Llegará a su domicilio en cualquier punto del país. Demora promedio 72 Hs Hábiles.</p>\n<p>2. Puede buscar el producto por nuestro local físico, ubicado en calle General Alvear 189, Córdoba, Argentina.</p>\n<p>3. En la Ciudad de Córdoba, por flete local, normalmente se entrega dentro de las 24 a 48  hs de su compra. </p>\n<p> </p>\n<p>Cualquier duda consúltenos por mail o a nuestro teléfono de contacto 0351 426 5978.</p>\n<p> </p>\n<p>Saludos. </p>\n<p>El Equipo de Cordobaeshop !</p>', 'medios-de-envio'),
(1, 2, 1, 'Envío', 'Nuestros términos y condiciones de envío', 'condiciones, entrega, plazo, envío, paquete', '<h2>Envíos y devoluciones</h2>\n<h3>Envío del paquete</h3>\n<p>Como norma general, los paquetes se envían dentro de las 48 horas siguientes a la recepción del pago, través de UPS con número de seguimiento y entrega sin firma. Si prefieres el envío certificado mediante UPS Extra, se aplicará un cargo adicional. Ponte en contacto con nosotros antes de solicitar esta opción. Sea cual sea la forma de envío que elijas, te proporcionaremos un enlace para que puedas seguir tu pedido en línea.</p>\n<p>Los gastos de envío incluyen los gastos de manipulación y empaquetado, así como los gastos postales. Los gastos de manipulación tienen un precio fijo, mientras que los gastos de transporte pueden variar según el peso total del paquete. Te aconsejamos que agrupes todos tus artículos en un mismo pedido. No podemos combinar dos pedidos diferentes, y los gastos de envío se aplicarán para cada uno de manera individual. No nos hacemos responsables de los daños que pueda sufrir tu paquete tras el envío, pero hacemos todo lo posible para proteger todos los artículos frágiles.<br /><br />Las cajas son grandes y tus artículos estarán bien protegidos.</p>', 'entrega'),
(1, 1, 2, 'Medios de Envío', '', 'condiciones, entrega, plazo, envío, paquete', '<p>Los Medios de Envío  son los siguientes:</p>\r\n<p> </p>\r\n<p>1. Por Correo Privado OCASA, especializado en envío de Productos de Alto Valor. Llegará a su domicilio en cualquier punto del país. Demora promedio 72 Hs Hábiles.</p>\r\n<p>2. Puede buscar el producto por nuestro local físico, ubicado en calle General Alvear 189, Córdoba, Argentina.</p>\r\n<p>3. En la Ciudad de Córdoba, por flete local, normalmente se entrega dentro de las 24 a 48  hs de su compra. </p>\r\n<p> </p>\r\n<p>Cualquier duda consúltenos por mail o a nuestro teléfono de contacto 0351 426 5978.</p>\r\n<p> </p>\r\n<p>Saludos. </p>\r\n<p>El Equipo de Cordobaeshop !</p>', 'medios-de-envio'),
(2, 1, 1, 'Seguridad', 'Seguridad', 'aviso, legal, créditos', '<div class="cntArticleFlexibleHeader">\n<h2>Seguridad</h2>\n</div>\n<div class="cntHubContent">\n<div class="wraptxt">\n<p>Compra Segura con Cordoba e-shop</p>\n<p>CORDOBA E-SHOP vende sus productos a través de una plataforma segura. Ud. podrá recorrer todo nuestro Web Site y seleccionar los productos a comprar. Los mismos ingresan a su Carro de Compras, pero la transacción no se cierra hasta que usted lo solicita. Previo al cierre de la misma usted podrá optar por la forma de envió y conocer el precio exacto de su compra, flete incluido.</p>\n<p>Todos sus datos personales, de su tarjeta de crédito y su compra, viajan de manera segura, protegidos con la tecnología de encriptación para transacciones SEGURAS a través de Internet SSL (Secure Socket Layer), con la garantía del certificado de seguridad emitido por RSA Data Security, Inc., US., Secure Server Certification Authority.</p>\n<p>Por otro lado, le aseguramos una absoluta confidencialidad en el manejo de la información, ya que nadie podrá tener acceso a ella, salvo personal que procesa su pedido.</p>\n<p>Estas transacciones seguras se operan a través de TODO PAGOS (Visa, American Expresa, Naranja, Pago Fácil) o Depósito Bancario. TODO PAGOS es una empresa dependiente del Grupo VISA ARGENTINA.</p>\n</div>\n</div>', 'seguridad'),
(2, 2, 1, 'Aviso legal', 'Aviso legal', 'aviso, legal, créditos', '<h2>Legal</h2>\n<h3>Créditos</h3>\n<p>Concepto y producción:</p>\n<p>Esta tienda online fue creada utilizando el <a href="http://www.prestashop.com">Software Prestashop Shopping Cart</a>. No olvides echarle un vistazo al <a href="http://www.prestashop.com/blog/en/">blog de comercio electrónico</a> de PrestaShop para estar al día y leer todos los consejos sobre la venta online y sobre cómo gestionar tu web de comercio electrónico.</p>', 'aviso-legal'),
(2, 1, 2, 'Seguridad', 'Seguridad', 'aviso, legal, créditos', '<div class="cntArticleFlexibleHeader">\r\n<h2>Seguridad</h2>\r\n</div>\r\n<div class="cntHubContent">\r\n<div class="wraptxt">\r\n<p>Compra Segura con Cordoba e-shop</p>\r\n<p>CORDOBA E-SHOP vende sus productos a través de una plataforma segura. Ud. podrá recorrer todo nuestro Web Site y seleccionar los productos a comprar. Los mismos ingresan a su Carro de Compras, pero la transacción no se cierra hasta que usted lo solicita. Previo al cierre de la misma usted podrá optar por la forma de envió y conocer el precio exacto de su compra, flete incluido.</p>\r\n<p>Todos sus datos personales, de su tarjeta de crédito y su compra, viajan de manera segura, protegidos con la tecnología de encriptación para transacciones SEGURAS a través de Internet SSL (Secure Socket Layer), con la garantía del certificado de seguridad emitido por RSA Data Security, Inc., US., Secure Server Certification Authority.</p>\r\n<p>Por otro lado, le aseguramos una absoluta confidencialidad en el manejo de la información, ya que nadie podrá tener acceso a ella, salvo personal que procesa su pedido.</p>\r\n<p>Estas transacciones seguras se operan a través de TODO PAGOS (Visa, American Expresa, Naranja, Pago Fácil) o Depósito Bancario. TODO PAGOS es una empresa dependiente del Grupo VISA ARGENTINA.</p>\r\n</div>\r\n</div>', 'seguridad'),
(3, 1, 1, 'Politicas de Privacidad', 'Nuestros términos y condiciones', 'condiciones, términos, uso, venta', '<div class="cntArticleFlexibleHeader">\n<h2>Politicas de Privacidad</h2>\n</div>\n<div class="cntHubContent">\n<div class="wraptxt">\n<p>¿Qué información se recopila?</p>\n<p>Nosotros recopilamos información de usted cuando se registra en nuestro sitio, se suscribir a nuestro boletín de noticias, responde a una encuesta o llena un formulario.<br />Al ordenar o registrarse en nuestro sitio, se le puede pedir que introduzca su nombre o dirección de correo electrónico. Usted puede, sin embargo, visitar nuestro sitio de forma anónima.<br /><br /><strong>¿Para qué utilizamos su información?</strong></p>\n<p>Toda la información que obtenemos de usted puede ser usado en una de las siguientes maneras:<br />; Para personalizar su experiencia<br />(Su información nos ayuda a responder mejor a sus necesidades individuales)<br />, Para mejorar nuestro sitio web<br />(Nos esforzamos continuamente para mejorar nuestra oferta de sitio web basado en la información y la retroalimentación que recibimos de usted)<br />; Para mejorar el servicio al cliente<br />(Su información nos ayuda a responder más eficazmente a sus solicitudes de servicio al cliente y las necesidades de apoyo)<br />; Para procesar las transacciones<br />Su información, ya sea pública o privada, no será vendida, intercambiada, transferido o dado a ninguna otra empresa por cualquier motivo, sin su consentimiento, excepto con el expreso propósito de entregar el producto adquirido o servicio solicitado.<br />; Para administrar un concurso, promoción, estudio u otra acción del sitio</p>\n<p>La dirección de correo electrónico que usted proporcione para el procesamiento de pedidos, se puede utilizar para enviar información y las actualizaciones correspondientes a su pedido, además de recibir noticias de la compañía ocasional, actualizaciones de productos relacionados o servicio de información, etc</p>\n<p>Nota: Si en algún momento desea dejar de recibir futuros correos electrónicos, se incluyen instrucciones detalladas sobro como darse de baja en la parte inferior de cada correo electrónico.</p>\n<p><strong>¿Cómo protegemos su información?</strong></p>\n<p>Ponemos en práctica una serie de medidas de seguridad para mantener la seguridad de su información personal cuando usted ingresa, envía o accede a su información personal.<br />Ofrecemos el uso de un servidor seguro. Toda aquella información suministrada sensible / de crédito se transmite a través de Secure Socket Layer (SSL) y es ecriptada por nuestros proveedores de portal de Pago de modo tal que los datos sólo sean accesibles por las personas autorizadas con derechos especiales de acceso a dichos sistemas, los cuales están obligados a? mantener la información confidencial.<br />Después de una transacción, su información privada (tarjetas de crédito, números de seguridad social, finanzas, etc) no será almacenada en nuestros servidores.<br /><br /><strong>¿Cómo usamos los cookies?</strong></p>\n<p>Nosotros no utilizamos cookies.<br /><br /><strong>¿Compartimos cualquier información con terceros?</strong><br />Nosotros no vendemos, o proveemos a terceros sus datos personales. Esto no incluye los terceros de confianza que nos asisten en la operación de nuestro sitio web, la realización de nuestro negocio o servicio, siempre y cuando dichas partes se comprometan a mantener esta información confidencial. También podemos revelar su información si creemos que es apropiado para cumplir con la ley, hacer cumplir las políticas de nuestro sitio, o para proteger la nuestra o de otros derechos, propiedad o seguridad. Sin embargo, información identificable no personal, de visitantes, puede ser proporcionada a terceros para la comercialización, publicidad, u otros usos.<br /><br />Enlaces de terceros</p>\n<p>De vez en cuando, a nuestra discreción, podemos incluir u ofrecer productos o servicios de terceros en nuestro sitio web. Estos sitios de terceros tienen políticas de privacidad separadas e independientes. Por lo tanto, no tenemos responsabilidad alguna por los contenidos y actividades de estos sitios enlazados. Sin embargo, buscamos proteger la integridad de nuestro sitio y agradecemos cualquier comentario sobre estos sitios.<br /><br />Cumplimiento de Childrens Online Privacy Protection Act</p>\n<p>Estamos en el cumplimiento de los requisitos de COPPA (Children Online Privacy Protection Act), no recogemos ninguna información de personas menores de 13 años de edad. Nuestro sitio web, productos y servicios están dirigidos a las personas mayores de 13 años de edad.<br /><br />De suscripción de nuestras comunicaciones</p>\n<p>Si usted no desea mantener su suscripción a nuestros comunicados, para hacerlo simplemente vaya a la página http://www.c-e-s.com.ar/?p=unsubscribe complete el campo indicado con la dirección de e-mail que desea dar de baja, presione "continuar" y automáticamente será dado de baja de nuestra base de datos.<br /><br />Política de privacidad online</p>\n<p>Esta política de privacidad online se aplica únicamente a la información recogida a través de nuestra página web y no a la información recogida fuera de línea.<br /><br />Su consentimiento</p>\n<p>Al utilizar nuestro sitio, usted acepta nuestra política de privacidad.<br /><br />Cambios en nuestra Política de Privacidad</p>\n<p>Si decidimos cambiar nuestra política de privacidad, pondremos esos cambios en esta página.<br /><br />Envíenos un mensaje</p>\n<p>Si hay alguna pregunta sobre esta política de privacidad, puede contactarnos a las siguientes direcciones.<br />info@cordobaeshop.com.ar<br /><br />Llamenos al: 54 351 426-5978<br />Escribanos a: info@cordobaeshop.com.ar</p>\n<p>General Alvear 189<br />Cordoba, Cordoba CP 5000<br />Argentina<br /><br />Envienos un e-mail a :<br /><br />info@cordobaeshop.com.ar<br /> <br /><br />What information do we collect?</p>\n<p>We collect information from you when you register on our site, subscribe to our newsletter, respond to a survey or fill out a form.<br />When ordering or registering on our site, as appropriate, you may be asked to enter your: name or e-mail address. You may, however, visit our site anonymously.<br /><br />What do we use your information for?</p>\n<p>Any of the information we collect from you may be used in one of the following ways:<br />; To personalize your experience<br />(your information helps us to better respond to your individual needs)<br />; To improve our website<br />(we continually strive to improve our website offerings based on the information and feedback we receive from you)<br />; To improve customer service<br />(your information helps us to more effectively respond to your customer service requests and support needs)<br />; To process transactions<br />Your information, whether public or private, will not be sold, exchanged, transferred, or given to any other company for any reason whatsoever, without your consent, other than for the express purpose of delivering the purchased product or service requested.<br /><br />; To administer a contest, promotion, survey or other site feature<br /><br />; To send periodic emails<br />The email address you provide for order processing, may be used to send you information and updates pertaining to your order, in addition to receiving occasional company news, updates, related product or service information, etc.<br /><br />Note: If at any time you would like to unsubscribe from receiving future emails, we include detailed unsubscribe instructions at the bottom of each email.<br /><br />How do we protect your information?</p>\n<p>We implement a variety of security measures to maintain the safety of your personal information when you enter, submit, or access your personal information.<br />We offer the use of a secure server. All supplied sensitive/credit information is transmitted via Secure Socket Layer (SSL) technology and then encrypted into our Payment gateway providers database only to be accessible by those authorized with special access rights to such systems, and are required to?keep the information confidential.<br />After a transaction, your private information (credit cards, social security numbers, financials, etc.) will not be stored on our servers.<br /><br />Do we use cookies?</p>\n<p>We do not use cookies.<br /><br />Do we disclose any information to outside parties?</p>\n<p>We do not sell, trade, or otherwise transfer to outside parties your personally identifiable information. This does not include trusted third parties who assist us in operating our website, conducting our business, or servicing you, so long as those parties agree to keep this information confidential. We may also release your information when we believe release is appropriate to comply with the law, enforce our site policies, or protect ours or others rights, property, or safety. However, non-personally identifiable visitor information may be provided to other parties for marketing, advertising, or other uses.<br /><br />Third party links</p>\n<p>Occasionally, at our discretion, we may include or offer third party products or services on our website. These third party sites have separate and independent privacy policies. We therefore have no responsibility or liability for the content and activities of these linked sites. Nonetheless, we seek to protect the integrity of our site and welcome any feedback about these sites.<br /><br />Childrens Online Privacy Protection Act Compliance</p>\n<p>We are in compliance with the requirements of COPPA (Childrens Online Privacy Protection Act), we do not collect any information from anyone under 13 years of age. Our website, products and services are all directed to people who are at least 13 years old or older.<br /><br />Online Privacy Policy Only</p>\n<p>This online privacy policy applies only to information collected through our website and not to information collected offline.<br /><br />Unsubscribe from our communications</p>\n<p>If you do not want to keep your subscription to our newsletters, you can go to http://www.c-e-s.com.ar/?p=unsubscribe, complete the field indicated with the e-mail that you wish to unsubscribe, then click "continue" and you will automatically be erase from our database.<br /><br />Your Consent</p>\n<p>By using our site, you consent to our privacy policy.<br /><br />Changes to our Privacy Policy</p>\n<p>If we decide to change our privacy policy, we will post those changes on this page.<br /><br />Contacting Us</p>\n<p><br />Call us at: 54 351 426-5978<br /><br />Write us a letter to:<br /><br />General Alvear 189<br /><br />Cordoba, Cordoba CP 5000<br />Argentina<br /><br />Send us a letter to any of the following adresses:<br /><br /><br />info@cordobaeshop.com.ar</p>\n</div>\n</div>', 'politicas-de-privacid'),
(3, 2, 1, 'Términos y condiciones', 'Nuestros términos y condiciones', 'condiciones, términos, uso, venta', '<h1 class="page-heading">Términos y condiciones</h1>\n<h3 class="page-subheading">Norma 1</h3>\n<p class="bottom-indent">Lorem ipsum dolor sit amet conse ctetur adipisicing elit, sed do eiusmod tempor incididunt ut labore et dolore magna aliqua. Ut enim ad minim veniam, quis nostrud exercitation ullamco laboris nisi ut aliquip ex ea commodo consequat. Duis aute irure dolor in reprehenderit in voluptate velit esse cillum dolore eu fugiat nulla pariatur. Excepteur sint occaecat cupidatat non proident, sunt in culpa qui officia deserunt mollit anim id est laborum.</p>\n<h3 class="page-subheading">Norma 2</h3>\n<p class="bottom-indent">Sed do eiusmod tempor incididunt ut labore et dolore magna aliqua. Ut enim ad minim veniam, quis nostrud exercitation ullamco laboris nisi ut aliquip ex ea commodo consequat. Duis aute irure dolor in reprehenderit in voluptate velit esse cillum dolore eu fugiat nulla pariatur. Excepteur sint occaecat cupidatat non proident, sunt in culpa qui officia deserunt mollit anim id est laborum. Lorem ipsum dolor sit amet conse ctetur adipisicing elit, sed do eiusmod tempor incididunt ut labore et dolore magna aliqua. Ut enim ad minim veniamю</p>\n<h3 class="page-subheading">Norma 3</h3>\n<p class="bottom-indent">Tempor incididunt ut labore et dolore magna aliqua. Ut enim ad minim veniam, quis nostrud exercitation ullamco laboris nisi ut aliquip ex ea commodo consequat. Duis aute irure dolor in reprehenderit in voluptate velit esse cillum dolore eu fugiat nulla pariatur. Excepteur sint occaecat cupidatat non proident, sunt in culpa qui officia deserunt mollit anim id est laborum. Lorem ipsum dolor sit amet conse ctetur adipisicing elit, sed do eiusmod tempor incididunt ut labore et dolore magna aliqua. Ut enim ad minim veniamю</p>', 'terminos-y-condiciones-de-uso'),
(3, 1, 2, 'Politicas de Privacidad', 'Nuestros términos y condiciones', 'condiciones, términos, uso, venta', '<div class="cntArticleFlexibleHeader">\r\n<h2>Politicas de Privacidad</h2>\r\n</div>\r\n<div class="cntHubContent">\r\n<div class="wraptxt">\r\n<p>¿Qué información se recopila?</p>\r\n<p>Nosotros recopilamos información de usted cuando se registra en nuestro sitio, se suscribir a nuestro boletín de noticias, responde a una encuesta o llena un formulario.<br />Al ordenar o registrarse en nuestro sitio, se le puede pedir que introduzca su nombre o dirección de correo electrónico. Usted puede, sin embargo, visitar nuestro sitio de forma anónima.<br /><br /><strong>¿Para qué utilizamos su información?</strong></p>\r\n<p>Toda la información que obtenemos de usted puede ser usado en una de las siguientes maneras:<br />; Para personalizar su experiencia<br />(Su información nos ayuda a responder mejor a sus necesidades individuales)<br />, Para mejorar nuestro sitio web<br />(Nos esforzamos continuamente para mejorar nuestra oferta de sitio web basado en la información y la retroalimentación que recibimos de usted)<br />; Para mejorar el servicio al cliente<br />(Su información nos ayuda a responder más eficazmente a sus solicitudes de servicio al cliente y las necesidades de apoyo)<br />; Para procesar las transacciones<br />Su información, ya sea pública o privada, no será vendida, intercambiada, transferido o dado a ninguna otra empresa por cualquier motivo, sin su consentimiento, excepto con el expreso propósito de entregar el producto adquirido o servicio solicitado.<br />; Para administrar un concurso, promoción, estudio u otra acción del sitio</p>\r\n<p>La dirección de correo electrónico que usted proporcione para el procesamiento de pedidos, se puede utilizar para enviar información y las actualizaciones correspondientes a su pedido, además de recibir noticias de la compañía ocasional, actualizaciones de productos relacionados o servicio de información, etc</p>\r\n<p>Nota: Si en algún momento desea dejar de recibir futuros correos electrónicos, se incluyen instrucciones detalladas sobro como darse de baja en la parte inferior de cada correo electrónico.</p>\r\n<p><strong>¿Cómo protegemos su información?</strong></p>\r\n<p>Ponemos en práctica una serie de medidas de seguridad para mantener la seguridad de su información personal cuando usted ingresa, envía o accede a su información personal.<br />Ofrecemos el uso de un servidor seguro. Toda aquella información suministrada sensible / de crédito se transmite a través de Secure Socket Layer (SSL) y es ecriptada por nuestros proveedores de portal de Pago de modo tal que los datos sólo sean accesibles por las personas autorizadas con derechos especiales de acceso a dichos sistemas, los cuales están obligados a? mantener la información confidencial.<br />Después de una transacción, su información privada (tarjetas de crédito, números de seguridad social, finanzas, etc) no será almacenada en nuestros servidores.<br /><br /><strong>¿Cómo usamos los cookies?</strong></p>\r\n<p>Nosotros no utilizamos cookies.<br /><br /><strong>¿Compartimos cualquier información con terceros?</strong><br />Nosotros no vendemos, o proveemos a terceros sus datos personales. Esto no incluye los terceros de confianza que nos asisten en la operación de nuestro sitio web, la realización de nuestro negocio o servicio, siempre y cuando dichas partes se comprometan a mantener esta información confidencial. También podemos revelar su información si creemos que es apropiado para cumplir con la ley, hacer cumplir las políticas de nuestro sitio, o para proteger la nuestra o de otros derechos, propiedad o seguridad. Sin embargo, información identificable no personal, de visitantes, puede ser proporcionada a terceros para la comercialización, publicidad, u otros usos.<br /><br />Enlaces de terceros</p>\r\n<p>De vez en cuando, a nuestra discreción, podemos incluir u ofrecer productos o servicios de terceros en nuestro sitio web. Estos sitios de terceros tienen políticas de privacidad separadas e independientes. Por lo tanto, no tenemos responsabilidad alguna por los contenidos y actividades de estos sitios enlazados. Sin embargo, buscamos proteger la integridad de nuestro sitio y agradecemos cualquier comentario sobre estos sitios.<br /><br />Cumplimiento de Childrens Online Privacy Protection Act</p>\r\n<p>Estamos en el cumplimiento de los requisitos de COPPA (Children Online Privacy Protection Act), no recogemos ninguna información de personas menores de 13 años de edad. Nuestro sitio web, productos y servicios están dirigidos a las personas mayores de 13 años de edad.<br /><br />De suscripción de nuestras comunicaciones</p>\r\n<p>Si usted no desea mantener su suscripción a nuestros comunicados, para hacerlo simplemente vaya a la página http://www.c-e-s.com.ar/?p=unsubscribe complete el campo indicado con la dirección de e-mail que desea dar de baja, presione "continuar" y automáticamente será dado de baja de nuestra base de datos.<br /><br />Política de privacidad online</p>\r\n<p>Esta política de privacidad online se aplica únicamente a la información recogida a través de nuestra página web y no a la información recogida fuera de línea.<br /><br />Su consentimiento</p>\r\n<p>Al utilizar nuestro sitio, usted acepta nuestra política de privacidad.<br /><br />Cambios en nuestra Política de Privacidad</p>\r\n<p>Si decidimos cambiar nuestra política de privacidad, pondremos esos cambios en esta página.<br /><br />Envíenos un mensaje</p>\r\n<p>Si hay alguna pregunta sobre esta política de privacidad, puede contactarnos a las siguientes direcciones.<br />info@cordobaeshop.com.ar<br /><br />Llamenos al: 54 351 426-5978<br />Escribanos a: info@cordobaeshop.com.ar</p>\r\n<p>General Alvear 189<br />Cordoba, Cordoba CP 5000<br />Argentina<br /><br />Envienos un e-mail a :<br /><br />info@cordobaeshop.com.ar<br /> <br /><br />What information do we collect?</p>\r\n<p>We collect information from you when you register on our site, subscribe to our newsletter, respond to a survey or fill out a form.<br />When ordering or registering on our site, as appropriate, you may be asked to enter your: name or e-mail address. You may, however, visit our site anonymously.<br /><br />What do we use your information for?</p>\r\n<p>Any of the information we collect from you may be used in one of the following ways:<br />; To personalize your experience<br />(your information helps us to better respond to your individual needs)<br />; To improve our website<br />(we continually strive to improve our website offerings based on the information and feedback we receive from you)<br />; To improve customer service<br />(your information helps us to more effectively respond to your customer service requests and support needs)<br />; To process transactions<br />Your information, whether public or private, will not be sold, exchanged, transferred, or given to any other company for any reason whatsoever, without your consent, other than for the express purpose of delivering the purchased product or service requested.<br /><br />; To administer a contest, promotion, survey or other site feature<br /><br />; To send periodic emails<br />The email address you provide for order processing, may be used to send you information and updates pertaining to your order, in addition to receiving occasional company news, updates, related product or service information, etc.<br /><br />Note: If at any time you would like to unsubscribe from receiving future emails, we include detailed unsubscribe instructions at the bottom of each email.<br /><br />How do we protect your information?</p>\r\n<p>We implement a variety of security measures to maintain the safety of your personal information when you enter, submit, or access your personal information.<br />We offer the use of a secure server. All supplied sensitive/credit information is transmitted via Secure Socket Layer (SSL) technology and then encrypted into our Payment gateway providers database only to be accessible by those authorized with special access rights to such systems, and are required to?keep the information confidential.<br />After a transaction, your private information (credit cards, social security numbers, financials, etc.) will not be stored on our servers.<br /><br />Do we use cookies?</p>\r\n<p>We do not use cookies.<br /><br />Do we disclose any information to outside parties?</p>\r\n<p>We do not sell, trade, or otherwise transfer to outside parties your personally identifiable information. This does not include trusted third parties who assist us in operating our website, conducting our business, or servicing you, so long as those parties agree to keep this information confidential. We may also release your information when we believe release is appropriate to comply with the law, enforce our site policies, or protect ours or others rights, property, or safety. However, non-personally identifiable visitor information may be provided to other parties for marketing, advertising, or other uses.<br /><br />Third party links</p>\r\n<p>Occasionally, at our discretion, we may include or offer third party products or services on our website. These third party sites have separate and independent privacy policies. We therefore have no responsibility or liability for the content and activities of these linked sites. Nonetheless, we seek to protect the integrity of our site and welcome any feedback about these sites.<br /><br />Childrens Online Privacy Protection Act Compliance</p>\r\n<p>We are in compliance with the requirements of COPPA (Childrens Online Privacy Protection Act), we do not collect any information from anyone under 13 years of age. Our website, products and services are all directed to people who are at least 13 years old or older.<br /><br />Online Privacy Policy Only</p>\r\n<p>This online privacy policy applies only to information collected through our website and not to information collected offline.<br /><br />Unsubscribe from our communications</p>\r\n<p>If you do not want to keep your subscription to our newsletters, you can go to http://www.c-e-s.com.ar/?p=unsubscribe, complete the field indicated with the e-mail that you wish to unsubscribe, then click "continue" and you will automatically be erase from our database.<br /><br />Your Consent</p>\r\n<p>By using our site, you consent to our privacy policy.<br /><br />Changes to our Privacy Policy</p>\r\n<p>If we decide to change our privacy policy, we will post those changes on this page.<br /><br />Contacting Us</p>\r\n<p><br />Call us at: 54 351 426-5978<br /><br />Write us a letter to:<br /><br />General Alvear 189<br /><br />Cordoba, Cordoba CP 5000<br />Argentina<br /><br />Send us a letter to any of the following adresses:<br /><br /><br />info@cordobaeshop.com.ar</p>\r\n</div>\r\n</div>', 'politicas-de-privacid'),
(4, 1, 1, 'Quiénes Somos', 'Averigüe más sobre nosotros', 'sobre nosotros, información', '<div class="cntArticleFlexibleHeader">\n<div class="cntArticleFlexibleHeader"><iframe style="border:0;" src="https://www.google.com/maps/embed?pb=!1m0!3m2!1sen!2sus!4v1440537886021!6m8!1m7!1sLjrq9Q8RNQkAAAQumx1CiQ!2m2!1d-31.41485600000002!2d-64.18066765889546!3f-120.10325!4f-2.82235!5f0.7820865974627469" width="100%" height="350" frameborder="0"></iframe>\n<h2>¿Quienes Somos?</h2>\n</div>\n<div class="cntHubContent">\n<div class="wraptxt">\n<p>CORDOBA E SHOP Es una empresa concebida por profesionales para satisfacer las nuevas necesidades tecnológicas del hombre, combinando tradicionales formas de comercialización y contacto con las más avanzadas del mundo.</p>\n<p>Está fundada sobre valores elementales para la consecución de cualquier proyecto: HONESTIDAD, TRANSPARENCIA, ESFUERZO, EFICIENCIA.</p>\n<p><strong>NUESTRA PROPUESTA</strong></p>\n<p>Ofrecer a nuestros clientes coorporativos una atención diferencial satisfaciendo todas sus necesidades a precios promocionales. Crear y mantener un vínculo entre las distintas instituciones y nuestra empresa, apuntando al mutuo beneficio en el largo plazo.</p>\n<p><strong>MISION</strong></p>\n<p>Satisfacer las necesidades de nuestros clientes en materia de artículos tecnológicos, ofreciéndoles siempre productos con la mejor relación precio - prestación - financiación. Llegar a todos los argentinos a traves de las formas más modernas de comercialización, y así superar las expectativas de los clientes, con la tranquilidad que les brinda nuestra Garantía y su Confianza.</p>\n<p> </p>\n<iframe src="https://www.youtube.com/embed/lPrZY5yIkZU" width="560" height="315" frameborder="0"></iframe></div>\n</div>\n</div>', 'quienes-somos'),
(4, 2, 1, 'Sobre nosotros', 'Averigüe más sobre nosotros', 'sobre nosotros, información', '<h1 class="page-heading bottom-indent">Sobre nosotros</h1>\n<div class="row">\n<div class="col-xs-12 col-sm-4">\n<div class="cms-block">\n<h3 class="page-subheading">Nuestra empresa</h3>\n<p><strong class="dark">Lorem ipsum dolor sit amet conse ctetur adipisicing elit, sed do eiusmod tempor incididun.</strong></p>\n<p>Lorem ipsum dolor sit amet conse ctetur adipisicing elit, sed do eiusmod tempor incididunt ut labore et dolore magna aliqua. Ut enim ad minim veniam. Lorem ipsum dolor sit amet conse ctetur adipisicing elit.</p>\n<ul class="list-1"><li><em class="icon-ok"></em>Productos de alta calidad</li>\n<li><em class="icon-ok"></em>El mejor servicio de atención al cliente</li>\n<li><em class="icon-ok"></em>Garantía de devolución en 30 días</li>\n</ul></div>\n</div>\n<div class="col-xs-12 col-sm-4">\n<div class="cms-box">\n<h3 class="page-subheading">Nuestro equipo</h3>\n<img title="cms-img" src="../img/cms/cms-img.jpg" alt="cms-img" width="370" height="192" /><p><strong class="dark">Lorem set sint occaecat cupidatat non </strong></p>\n<p>Eiusmod tempor incididunt ut labore et dolore magna aliqua. Ut enim ad minim veniam, quis nostrud exercitation ullamco laboris nisi ut aliquip ex ea commodo.</p>\n</div>\n</div>\n<div class="col-xs-12 col-sm-4">\n<div class="cms-box">\n<h3 class="page-subheading">Opiniones</h3>\n<div class="testimonials">\n<div class="inner"><span class="before">“</span>Lorem ipsum dolor sit amet conse ctetur adipisicing elit, sed do eiusmod tempor incididunt ut labore et dolore magna aliqua. Ut enim ad minim.<span class="after">”</span></div>\n</div>\n<p><strong class="dark">Lorem ipsum dolor sit</strong></p>\n<div class="testimonials">\n<div class="inner"><span class="before">“</span>Excepteur sint occaecat cupidatat non proident, sunt in culpa qui officia deserunt mollit anim id est laborum. Lorem ipsum dolor sit amet conse ctetur adipisicing elit. Lorem ipsum dolor sit amet conse ctetur adipisicing elit, sed do eiusmod.<span class="after">”</span></div>\n</div>\n<p><strong class="dark">Ipsum dolor sit</strong></p>\n</div>\n</div>\n</div>', 'sobre-nosotros'),
(4, 1, 2, 'Quiénes Somos', 'Averigüe más sobre nosotros', 'sobre nosotros, información', '<div class="cntArticleFlexibleHeader">\r\n<div class="cntArticleFlexibleHeader"><iframe style="border:0;" src="https://www.google.com/maps/embed?pb=!1m0!3m2!1sen!2sus!4v1440537886021!6m8!1m7!1sLjrq9Q8RNQkAAAQumx1CiQ!2m2!1d-31.41485600000002!2d-64.18066765889546!3f-120.10325!4f-2.82235!5f0.7820865974627469" width="100%" height="350" frameborder="0"></iframe>\r\n<h2>¿Quienes Somos?</h2>\r\n</div>\r\n<div class="cntHubContent">\r\n<div class="wraptxt">\r\n<p>CORDOBA E SHOP Es una empresa concebida por profesionales para satisfacer las nuevas necesidades tecnológicas del hombre, combinando tradicionales formas de comercialización y contacto con las más avanzadas del mundo.</p>\r\n<p>Está fundada sobre valores elementales para la consecución de cualquier proyecto: HONESTIDAD, TRANSPARENCIA, ESFUERZO, EFICIENCIA.</p>\r\n<p><strong>NUESTRA PROPUESTA</strong></p>\r\n<p>Ofrecer a nuestros clientes coorporativos una atención diferencial satisfaciendo todas sus necesidades a precios promocionales. Crear y mantener un vínculo entre las distintas instituciones y nuestra empresa, apuntando al mutuo beneficio en el largo plazo.</p>\r\n<p><strong>MISION</strong></p>\r\n<p>Satisfacer las necesidades de nuestros clientes en materia de artículos tecnológicos, ofreciéndoles siempre productos con la mejor relación precio - prestación - financiación. Llegar a todos los argentinos a traves de las formas más modernas de comercialización, y así superar las expectativas de los clientes, con la tranquilidad que les brinda nuestra Garantía y su Confianza.</p>\r\n<p> </p>\r\n<iframe src="https://www.youtube.com/embed/lPrZY5yIkZU" width="560" height="315" frameborder="0"></iframe></div>\r\n</div>\r\n</div>', 'quienes-somos'),
(5, 1, 1, 'Pago seguro', 'Nuestra forma de pago segura', 'pago seguro, ssl, visa, mastercard, paypal', '<h2>Pago seguro</h2>\n<h3>UTILIZAMOS "TODO PAGOS" El sistema de pago de VISA ARGENTINA </h3>\n<p> </p>', 'pago-seguro'),
(5, 2, 1, 'Pago seguro', 'Nuestra forma de pago segura', 'pago seguro, ssl, visa, mastercard, paypal', '<h2>Pago seguro</h2>\n<h3>Nuestro pago seguro</h3><p>Con SSL</p>\n<h3>Utilizando Visa/Mastercard/Paypal</h3><p>Sobre este servicio</p>', 'pago-seguro'),
(5, 1, 2, 'Pago seguro', 'Nuestra forma de pago segura', 'pago seguro, ssl, visa, mastercard, paypal', '<h2>Pago seguro</h2>\r\n<h3>UTILIZAMOS "TODO PAGOS" El sistema de pago de VISA ARGENTINA </h3>\r\n<p> </p>', 'pago-seguro'),
(6, 1, 1, 'Promociones y Formas de pago', '', '', '<p><img src="http://www.cordobaeshop.com.ar/img/cms/12PAGOSSININTERES.jpg" alt="" width="1224" height="402" /></p>\n<p><img src="http://www.cordobaeshop.com.ar/img/cms/10descuento.jpg" alt="" width="1225" height="402" /></p>', 'descuentos-y-formas-de-pago'),
(6, 2, 1, 'Formas de pago', '', '', '', 'formas-de-pago'),
(6, 1, 2, 'Promociones y Formas de pago', '', '', '<p><img src="http://www.cordobaeshop.com.ar/img/cms/12PAGOSSININTERES.jpg" alt="" width="1224" height="402" /></p>\r\n<p><img src="http://www.cordobaeshop.com.ar/img/cms/10descuento.jpg" alt="" width="1225" height="402" /></p>', 'descuentos-y-formas-de-pago'),
(7, 1, 2, 'Quiénes Somos', '', '', '', 'quienes-somos');

/*!40101 SET CHARACTER_SET_CLIENT=@OLD_CHARACTER_SET_CLIENT */;
/*!40101 SET CHARACTER_SET_RESULTS=@OLD_CHARACTER_SET_RESULTS */;
/*!40101 SET COLLATION_CONNECTION=@OLD_COLLATION_CONNECTION */;
